CASE_ID,ACCIDENT_YEAR,PROC_DATE,JURIS,COLLISION_DATE,COLLISION_TIME,OFFICER_ID,REPORTING_DISTRICT,DAY_OF_WEEK,CHP_SHIFT,POPULATION,CNTY_CITY_LOC,SPECIAL_COND,BEAT_TYPE,CHP_BEAT_TYPE,CITY_DIVISION_LAPD,CHP_BEAT_CLASS,BEAT_NUMBER,PRIMARY_RD,SECONDARY_RD,DISTANCE,DIRECTION,INTERSECTION,WEATHER_1,WEATHER_2,STATE_HWY_IND,CALTRANS_COUNTY,CALTRANS_DISTRICT,STATE_ROUTE,ROUTE_SUFFIX,POSTMILE_PREFIX,POSTMILE,LOCATION_TYPE,RAMP_INTERSECTION,SIDE_OF_HWY,TOW_AWAY,COLLISION_SEVERITY,NUMBER_KILLED,NUMBER_INJURED,PARTY_COUNT,PRIMARY_COLL_FACTOR,PCF_CODE_OF_VIOL,PCF_VIOL_CATEGORY,PCF_VIOLATION,PCF_VIOL_SUBSECTION,HIT_AND_RUN,TYPE_OF_COLLISION,MVIW,PED_ACTION,ROAD_SURFACE,ROAD_COND_1,ROAD_COND_2,LIGHTING,CONTROL_DEVICE,CHP_ROAD_TYPE,PEDESTRIAN_ACCIDENT,BICYCLE_ACCIDENT,MOTORCYCLE_ACCIDENT,TRUCK_ACCIDENT,NOT_PRIVATE_PROPERTY,ALCOHOL_INVOLVED,STWD_VEHTYPE_AT_FAULT,CHP_VEHTYPE_AT_FAULT,COUNT_SEVERE_INJ,COUNT_VISIBLE_INJ,COUNT_COMPLAINT_PAIN,COUNT_PED_KILLED,COUNT_PED_INJURED,COUNT_BICYCLIST_KILLED,COUNT_BICYCLIST_INJURED,COUNT_MC_KILLED,COUNT_MC_INJURED,PRIMARY_RAMP,SECONDARY_RAMP,LATITUDE,LONGITUDE,COUNTY,CITY,POINT_X,POINT_Y
8402422,2017,2017-07-17,2801,2017-06-20,1700,178,5,2,5,2,2801,0,0,0,,0,,"GRANT ST","MORA AV",0.00,,Y,A,-,N,,,,,,,,,,N,2,0,1,1,A,-,03,22350,,N,H,G,A,A,H,-,A,D,0,,Y,,,Y,,L,04,1,0,0,0,0,0,1,0,0,"- ","- ",,,NAPA,CALISTOGA,-122.58783989,38.58800995
9495423,2022,2022-10-24,2802,2022-09-25,1611,320313,9,7,5,5,2802,0,0,0,,0,04A,"SOLANO AV","REDWOOD RD",1320.00,N,N,A,-,N,,,,,,,,,,Y,2,0,4,3,A,-,05,21651,A,N,A,C,A,A,H,-,A,D,0,,,,,Y,,D,22,1,2,1,0,0,0,0,0,0,"- ","- ",,,NAPA,NAPA,-122.31217193603516,38.324298858642578
90539178,2017,2017-09-01,9325,2017-08-26,0930,021605,,6,1,9,2800,0,1,3,,1,044,SR-29,"ROBERT LOUIS STEVENSON STATE PARK",1056.00,N,N,A,-,Y,,,,,,,,,,Y,2,0,1,2,A,-,05,21460,A,N,B,C,A,A,H,-,A,D,0,,,Y,,Y,,C,02,1,0,0,0,0,0,0,0,1,"- ","- ",38.598700000000001,-122.59869999999999,NAPA,UNINCORPORATED,,
8632071,2018,2018-08-22,2802,2018-05-12,2256,199,74,6,5,5,2802,0,0,0,,0,04B,"RT 12","RT 29",0.00,,Y,A,-,Y,NAP,4,12,-,-,0.000,I,6,W,Y,2,0,7,4,A,-,01,23153,A,F,C,C,A,A,H,-,D,A,0,,,,,Y,Y,A,07,2,1,4,0,0,0,0,0,0,"- ","- ",,,NAPA,NAPA,-122.25788879394531,38.223167419433594
90662459,2018,2018-02-15,9325,2018-02-03,1920,020893,,6,2,9,2800,0,3,5,,2,001,"SOSCOL FERRY RD","DEVLIN RD.",985.00,S,N,A,-,N,,,,,,,,,,Y,2,0,1,1,A,-,08,22107,,N,E,I,A,A,H,-,C,D,0,,,,,Y,,A,01,1,0,0,0,0,0,0,0,0,"- ","- ",38.240398406982422,-122.27429962158203,NAPA,UNINCORPORATED,-122.27413177490234,38.240467071533203
84603261,2025,2025-03-18,2800,2025-02-17,1848,545,,1,5,2,2805,0,0,0,,0,,"SB HIGHWAY 29","DONALDSON WAY",326.00,N,N,A,-,Y,,,,,,,,,,N,2,0,1,2,A,-,00,23105,A,N,G,B,E,A,H,-,D,A,0,Y,,,,Y,,A,01,1,0,0,0,1,0,0,0,0,"- ","- ",,,NAPA,"AMERICAN CANYON",-122.25367736816406,38.172157287597656
90638552,2018,2018-07-03,9325,2018-01-01,1152,015674,,1,1,9,2800,0,3,5,,1,008,"POPE CANYON RD","BERRYESSA KNOXVILLE  RD",8448.00,W,N,A,-,N,,,,,,,,,,Y,2,0,1,1,A,-,03,22350,,N,E,I,A,A,H,-,A,D,0,,,Y,,Y,,C,02,1,0,0,0,0,0,0,0,1,"- ","- ",38.628170013427734,-122.32874298095703,NAPA,UNINCORPORATED,-122.31560516357422,38.619503021240234
91037441,2019,2019-07-25,9325,2019-07-20,1745,019847,,6,2,9,2800,0,2,4,,1,082,"BERRYESSA KNOXVILLE ROAD",SR-128,9504.00,N,N,A,-,N,,,,,,,,,,Y,2,0,3,1,A,-,08,22107,,N,E,I,A,A,H,-,A,D,0,,,,,Y,,A,07,1,1,1,0,0,0,0,0,0,"- ","- ",38.510910034179688,-122.22360229492188,NAPA,UNINCORPORATED,-122.232421875,38.511669158935547
91620214,2021,2021-11-09,9325,2021-10-29,1427,017746,,5,2,9,2800,0,2,4,,1,023,"SILVERADO TRAIL","YOUNTVILLE CROSS ROAD",10560.00,S,N,A,-,N,,,,,,,,,,Y,2,0,2,2,A,-,09,21801,A,N,D,C,A,A,H,-,A,D,0,,,Y,,Y,,A,01,2,0,0,0,0,0,0,0,2,"- ","- ",38.40142822265625,-122.32776641845703,NAPA,UNINCORPORATED,-122.32783508300781,38.401401519775391
91625675,2021,2021-11-16,9325,2021-11-06,2000,021083,,6,2,9,2800,0,1,3,,1,011,SR-29,"SOSCOL FERRY RD",100.00,N,N,A,-,Y,,,,,,,,,,Y,2,0,1,1,A,-,08,22107,,N,E,I,A,A,H,-,D,D,0,,,,,Y,,A,01,1,0,0,0,0,0,0,0,0,"- ","- ",33.894199371337891,-118.29820251464844,NAPA,UNINCORPORATED,-122.26951599121094,38.241466522216797
90376515,2017,2017-01-24,9325,2017-01-13,1540,021439,,5,2,9,2800,0,2,4,,1,023,"SILVERADO TRL","OAK KNOLL AVE",60.00,N,N,A,-,N,,,,,,,,,,Y,2,0,2,2,A,-,09,21802,A,N,C,C,A,A,H,-,A,A,0,,,,,Y,,A,01,1,1,0,0,0,0,0,0,0,"- ","- ",38.370080000000002,-122.30089,NAPA,UNINCORPORATED,-122.30105671,38.370114819999998
91071114,2019,2019-09-10,9325,2019-09-04,2100,019067,,3,2,9,2800,0,3,5,,1,008,"CHILES POPE VALLEY ROAD","LOWER CHILES VALLEY RD",5280.00,N,N,A,-,N,,,,,,,,,,Y,2,0,1,1,C,-,18,,,N,E,H,A,A,H,-,D,D,0,,,Y,,Y,,-,"- ",1,0,0,0,0,0,0,0,1,"- ","- ",38.564189910888672,-122.38236236572266,NAPA,UNINCORPORATED,-122.34918975830078,38.544017791748047
91771747,2022,2022-05-13,9325,2022-05-09,2008,022560,,1,2,9,2800,0,1,3,,1,044,SR-29,"OLD LAWLEY TOLL RD.",6864.00,S,N,A,-,Y,NAP,,29,,,41.678,H,,R,Y,2,0,1,1,A,-,01,23152,A,N,E,I,A,A,H,-,D,D,0,,,,Y,Y,Y,F,26,1,0,0,0,0,0,0,0,0,"- ","- ",38.627071380615234,-122.60225677490234,NAPA,UNINCORPORATED,-122.60224914550781,38.6270751953125
92429921,2024,2025-06-13,9325,2024-06-23,1000,020356,,7,1,9,2800,0,1,3,,1,080,"SR-128 E/B","WRAGG CANYON ROAD",5808.00,E,N,A,-,Y,NAP,,128," "," ",28.990,H,,R,Y,2,0,1,1,C,-,18,,,N,F,8,A,A,G,-,A,D,0,,,Y,,Y,,-,"- ",1,0,0,0,0,0,0,0,1,"- ","- ",38.464931488037109,-122.15254211425781,NAPA,UNINCORPORATED,-122.15258026123047,38.464927673339844
6694048,2014,2014-12-09,9325,2014-10-30,0655,019164,,4,1,9,2800,0,3,5,,2,002,"SOLANO AV","HOFFMAN LN",0.00,,Y,A,-,N,,,,,,,,,,Y,2,0,1,2,A,-,09,21802,A,N,D,C,A,A,H,-,D,D,0,,,,,Y,,D,22,1,0,0,0,0,0,0,0,0,"- ","- ",38.38523,-122.35006,NAPA,UNINCORPORATED,-122.34992991999999,38.385369910000001
8656733,2018,2018-08-13,2800,2018-04-03,1428,250398,0,2,5,2,2805,0,0,0,,0,,"AMERICAN CANYON RD","FLOSDEN RD",350.00,E,N,A,-,N,,,,,,,,,,N,2,0,1,1,C,-,18,,,N,F,A,A,A,B,-,A,D,0,,,Y,,Y,,-,"- ",1,0,0,0,0,0,0,0,1,"- ","- ",,,NAPA,"AMERICAN CANYON",-122.23883819580078,38.164180755615234
7040391,2015,2015-09-17,2802,2015-08-19,1734,320129,31,3,5,5,2802,0,0,0,,0,01A,"JEFFERSON ST","LINCOLN AV",0.00,,Y,A,-,N,,,,,,,,,,N,2,0,1,2,A,-,12,21453,A,N,D,G,A,A,H,-,A,A,0,,Y,,,Y,,L,04,1,0,0,0,0,0,1,0,0,"- ","- ",,,NAPA,NAPA,-122.29572998,38.30840997
90148428,2016,2016-03-31,9325,2016-03-28,2330,018110,,1,3,9,2800,0,3,5,,1,008,"STEELE CANYON RD",SR-128,16896.00,N,N,A,-,N,,,,,,,,,,Y,2,0,1,1,A,-,08,22107,,N,E,I,A,A,H,-,D,D,0,,,,,Y,,D,22,1,0,0,0,0,0,0,0,0,"- ","- ",38.480310000000003,-122.18571,NAPA,UNINCORPORATED,-122.18557119,38.480122569999999
93732124,2024,2024-08-06,9325,2024-08-02,1600,020356,,5,2,9,2800,0,1,3,,1,022,"SR-29 N/B","MEE LN",1348.00,S,N,A,-,Y,NAP,,29," "," ",25.244,H,,R,Y,2,0,2,1,A,-,08,22107,,N,E,8,A,A,H,-,A,D,0,,,,,Y,,A,01,1,0,1,0,0,0,0,0,0,"- ","- ",38.466911315917969,-122.42888641357422,NAPA,UNINCORPORATED,-122.42896270751953,38.466876983642578
6847091,2015,2016-10-17,9325,2015-02-15,1435,019847,,7,2,9,2800,0,1,3,,1,081,"RT 121","CIRCLE OAKS DR",1056.00,S,N,A,-,Y,NAP,4,121,-,-,17.620,H,-,S,Y,2,0,1,1,A,-,08,22107,,N,E,I,A,A,H,-,A,D,0,,,Y,,Y,,C,02,1,0,0,0,0,0,0,0,1,"- ","- ",38.39481,-122.20352,NAPA,UNINCORPORATED,-122.20402883,38.395947249999999
6959059,2015,2016-11-05,9325,2015-05-24,1640,019864,,7,2,9,2800,0,1,3,,1,030,"RT 128","CHILES POPE VALLEY RD",5280.00,E,N,A,-,Y,NAP,4,128,-,-,12.280,H,-,E,Y,2,0,1,1,A,-,03,22350,,N,F,A,A,A,H,-,A,D,0,,,Y,,Y,,C,02,1,0,0,0,0,0,0,0,1,"- ","- ",38.492080000000001,-122.33875999999999,NAPA,UNINCORPORATED,-122.33509207,38.491579110000004
84479497,2024,2024-11-29,2802,2024-11-08,1805,320553,,5,5,5,2802,0,0,0,,0,004,"SOLANO AVE","TROWER AVE",0.00,,Y,A,-,N,,,,,,,,,,Y,2,0,2,2,A,-,17,21451,A,N,A,C,A,A,H,-,C,A,0,,,Y,,Y,,A,07,1,0,1,0,0,0,0,0,1,"- ","- ",38.330421447753906,-122.31764984130859,NAPA,NAPA,-122.31765747070312,38.330440521240234
90743785,2018,2018-06-07,9325,2018-05-11,1240,021324,,5,1,9,2800,0,2,4,,1,023,"SILVERADO TRAIL","HARDMAN AVE",5280.00,S,N,A,-,N,,,,,,,,,,Y,2,0,3,2,A,-,03,22350,,N,C,C,A,A,H,-,A,D,0,,,,Y,Y,,F,27,1,2,0,0,0,0,0,0,0,"- ","- ",38.330711364746094,-122.27915191650391,NAPA,UNINCORPORATED,-122.27897644042969,38.330520629882812
90834136,2018,2019-01-31,9325,2018-09-30,1825,021324,,7,2,9,2800,0,1,3,,1,030,SR-128,"LONG RANCH RD",5808.00,W,N,A,-,Y,,,128,,,,,,,N,2,0,1,2,A,-,03,22350,,N,H,G,A,A,H,-,A,D,0,,Y,,,Y,,D,22,1,0,0,0,0,0,1,0,0,"- ","- ",38.479278564453125,-122.37242889404297,NAPA,UNINCORPORATED,-122.37232971191406,38.479282379150391
90835493,2018,2018-10-15,9325,2018-09-30,2104,021005,,7,2,9,2800,0,3,5,,2,007,"OLD SONOMA RD","BUHMAN AVE",850.00,N,N,A,-,N,,,,,,,,,,Y,2,0,2,2,A,-,01,23152,A,N,B,C,A,A,H,-,D,D,0,,,,,Y,Y,A,08,1,1,0,0,0,0,0,0,0,"- ","- ",38.272239685058594,-122.33003997802734,NAPA,UNINCORPORATED,-122.33005523681641,38.272239685058594
8022675,2016,2016-04-22,2802,2016-03-28,1949,32L38,4,1,5,5,2802,0,0,0,,0,04A,"LINDA VISTA AV","CULPEPPER ST",0.00,,Y,A,-,N,,,,,,,,,,Y,2,0,1,2,D,-,00,,,N,G,B,B,A,H,-,B,D,0,Y,,,,Y,,-,"- ",1,0,0,0,1,0,0,0,0,"- ","- ",,,NAPA,NAPA,-122.32872999,38.33139997
90560379,2017,2017-10-02,9325,2017-09-21,2231,021034,,4,3,9,2800,0,3,5,,2,001,"SOUTH KELLY ROAD",SR-29,26.00,E,N,A,-,N,,,,,,,,,,Y,2,0,4,2,A,-,03,22350,,N,D,C,A,A,H,-,C,D,0,,,,,Y,,A,01,1,3,0,0,0,0,0,0,0,"- ","- ",38.207650000000001,-122.25583,NAPA,UNINCORPORATED,-122.2562027,38.207638809999999
90991401,2019,2019-05-20,9325,2019-05-13,1350,019864,,1,1,9,2800,0,1,3,,1,041,SR-29,"BALE LN",250.00,S,N,A,-,Y,,,29,,,,,,,Y,2,0,1,2,A,-,08,22107,,N,B,C,A,A,H,-,A,D,0,,,,,Y,,A,07,1,0,0,0,0,0,0,0,0,"- ","- ",38.549610137939453,-122.51334381103516,NAPA,UNINCORPORATED,-122.51344299316406,38.549488067626953
91549455,2021,2021-08-19,9325,2021-08-11,1250,020615,,3,1,9,2800,0,1,3,,1,012,SR-12,"KIRKLAND RANCH RD",1380.00,E,N,A,-,Y,,,12,,,,,,,Y,2,0,1,2,A,-,08,22100,A,N,D,C,A,A,H,-,A,D,0,,,,,Y,,D,22,1,0,0,0,0,0,0,0,0,"- ","- ",38.214618682861328,-122.21797943115234,NAPA,UNINCORPORATED,-122.218017578125,38.214485168457031
92430913,2024,2024-07-04,9325,2024-07-02,"700 ",021309,,2,1,2,2801,0,3,5,,2,004,"RT 128","TUBBS LN",94.00,N,N,A,-,N,,,,,,,,,,Y,2,0,1,2,A,-,05,21460,,N,A,2,A,A,H,-,A,D,0,,,,,Y,,-,"- ",1,0,0,0,0,0,0,0,0,"- ","- ",38.589321136474609,-122.60765838623047,NAPA,CALISTOGA,-122.60731506347656,38.588939666748047
9675688,2024,2024-04-04,2801,2024-02-12,1014,202,2,1,5,2,2801,0,0,0,,0,,"BRANNAN ST","LINCOLN AV",0.00,,Y,A,-,Y,NAP,4,29,-,-,37.520,I,5,N,N,2,0,1,2,A,-,08,22107,,N,D,G,A,A,C,D,A,A,0,,Y,,,Y,,L,04,1,0,0,0,0,0,1,0,0,"- ","- ",,,NAPA,CALISTOGA,-122.57640075683594,38.583660125732422
9756236,2024,2024-12-30,2803,2024-11-12,1019,93,,2,5,2,2803,0,0,0,,0,,"ADAMS ST","RAILROAD AV",172.00,W,N,A,-,N,,,,,,,,,,Y,2,0,1,3,A,-,01,23152,A,N,A,C,A,A,H,-,A,D,0,,,,,Y,Y,A,01,1,0,0,0,0,0,0,0,0,"- ","- ",38.506038665771484,-122.46987915039062,NAPA,"SAINT HELENA",-122.46995544433594,38.505565643310547
90035645,2015,2015-10-21,9325,2015-10-13,0942,015176,,2,1,9,2800,0,1,3,,1,013,SR-221,"KAISER RD",0.00,,Y,A,-,Y,,,221,,,,,,,Y,2,0,3,2,A,-,01,23152,E,N,D,C,A,A,H,-,A,A,0,,,,,Y,,A,01,1,0,2,0,0,0,0,0,0,"- ","- ",38.257750000000001,-122.27124000000001,NAPA,UNINCORPORATED,-122.27120873,38.25774724
93096883,2024,2024-07-31,9325,2024-07-25,1855,022540,,4,2,9,2800,0,3,5,,2,007,"CUTTINGS WHARF ROAD","LAS AMIGAS ROAD",1100.00,N,N,A,-,N,,,,,,,,,,N,2,0,1,1,A,-,03,22350,,N,F,A,A,A,H,-,A,D,0,,,,,Y,,M,93,1,0,0,0,0,0,0,0,0,"- ","- ",38.238010406494141,-122.31089782714844,NAPA,UNINCORPORATED,-122.31082916259766,38.238124847412109
94450942,2024,2024-10-30,9325,2024-10-18,1700,020356,,5,2,9,2800,0,3,5,,2,002,"MONTICELLO RD.","WILD HORSE RD",2523.00,S,N,A,-,N,,,,,,,,,,N,2,0,1,1,A,-,08,22107,,N,F,I,A,A,H,-,A,D,0,,,Y,,Y,,C,02,1,0,0,0,0,0,0,0,1,"- ","- ",38.355968475341797,-122.21195983886719,NAPA,UNINCORPORATED,,
9107096,2020,2020-11-24,2800,2020-09-05,2130,250457,20212,6,5,2,2805,0,0,0,,0,002,"RT 29","RIO DEL MAR",0.00,,Y,A,-,Y,NAP,4,29,-,-,1.690,H,-,S,Y,2,0,1,2,A,-,04,21703,,N,C,C,A,A,H,-,C,A,0,,,,,Y,,A,01,1,0,0,0,0,0,0,0,0,"- ","- ",,,NAPA,"AMERICAN CANYON",-122.25492858886719,38.179557800292969
9643937,2023,2023-12-29,2803,2023-11-02,1850,32,,4,5,2,2803,0,0,0,,0,,"POPE ST","ALLISON AV",0.00,,Y,A,-,N,,,,,,,,,,N,2,0,1,2,A,-,10,21950,A,F,G,B,B,A,H,-,B,D,0,Y,,,,Y,Y,-,99,1,0,0,0,1,0,0,0,0,"- ","- ",38.505050659179688,-122.46338653564453,NAPA,"SAINT HELENA",-122.46340179443359,38.505069732666016
91071030,2019,2019-09-10,9325,2019-09-03,1114,015447,,2,1,9,2800,0,1,3,,1,031,"SR-29 N/B","EHLERS LN",440.00,N,N,A,-,Y,,,29,,,,,,N,Y,2,0,1,2,A,-,08,22107,,N,D,C,A,A,H,-,A,D,0,,,,Y,Y,,A,07,1,0,0,0,0,0,0,0,0,"- ","- ",38.530899047851562,-122.50420379638672,NAPA,UNINCORPORATED,-122.50396728515625,38.531047821044922
6609231,2014,2016-05-25,9325,2014-08-24,2014,019847,,7,2,9,2800,0,1,3,,1,021,"RT 121","VICHY AV",7392.00,N,N,A,-,Y,NAP,4,121,-,-,12.030,H,-,S,Y,2,0,2,1,A,-,01,23152,A,N,E,I,A,A,H,-,D,D,0,,,,,Y,Y,A,01,1,1,0,0,0,0,0,0,0,"- ","- ",38.353099999999998,-122.2239,NAPA,UNINCORPORATED,-122.23993710000001,38.346620190000003
84577590,2025,2025-02-13,2802,2025-01-19,"800 ",320582,,7,5,5,2802,0,0,0,,0,002,"RIVERSOUND WAY","HORSESHOE BEND DR",345.00,S,N,E,-,N,,,,,,,,,,Y,2,0,1,2,A,-,08,22107,,N,E,I,A,B,H,-,B,A,0,,,,,Y,,-,31,1,0,0,0,0,0,0,0,0,"- ","- ",,,NAPA,NAPA,,
94500418,2024,2024-12-13,9325,2024-12-02,1548,020356,,1,2,9,2800,0,3,5,,2,003,"DEER PARK ROAD","NORTH SANITARIUM ROAD",2950.00,N,N,A,-,N,,,,,,,,,,N,2,0,1,1,A,-,08,22107,,N,E,I,A,A,H,-,A,D,0,,,Y,,Y,,C,02,1,0,0,0,0,0,0,0,1,"- ","- ",38.559249877929688,-122.472900390625,NAPA,UNINCORPORATED,-122.48200988769531,38.523880004882812
94522115,2024,2024-12-31,9325,2024-12-19,2230,023123,,4,3,9,2800,0,1,3,,2,071,SR-121,"OLD SONOMA RD",300.00,S,N,A,-,Y,NAP,,121," "," ",2.098,H,,R,N,2,0,1,1,A,-,08,22107,,N,E,8,A,A,H,-,D,D,0,,,,,Y,,D,22,1,0,0,0,0,0,0,0,0,"- ","- ",38.255710601806641,-122.34429168701172,NAPA,UNINCORPORATED,-122.34430694580078,38.255641937255859
6978432,2015,2015-07-14,9325,2015-06-16,1745,017820,,2,2,9,2800,0,2,4,,1,042,"SILVERADO TRL","LODI LN",0.00,,Y,A,-,N,,,,,,,,,,Y,2,0,1,2,A,-,05,21460,A,N,D,C,A,A,H,-,A,D,0,,,Y,,Y,,C,02,1,0,0,0,0,0,0,0,1,"- ","- ",38.528669999999998,-122.48887000000001,NAPA,UNINCORPORATED,-122.48886992,38.528729920000004
8337972,2017,2017-04-03,2802,2017-03-18,1736,187,38,6,5,5,2802,0,0,0,,0,01C,"2ND ST","RANDOLPH ST",0.00,,Y,A,-,N,,,,,,,,,,Y,2,0,1,2,A,-,09,21802,B,N,D,B,A,-,H,-,A,A,0,,,Y,,Y,,A,01,1,0,0,0,0,0,0,0,1,"- ","- ",,,NAPA,NAPA,-122.28722997,38.297379890000002
6718080,2014,2015-02-11,9325,2014-12-13,0520,019625,,6,3,9,2800,0,1,3,,1,022,"RT 29","DARMS LN",450.00,S,N,E,-,Y,NAP,4,29,-,-,16.490,H,-,S,Y,1,1,2,2,A,-,01,23152,A,N,E,I,A,B,H,-,D,D,5,,,,,Y,Y,D,22,1,1,0,0,0,0,0,0,0,"- ","- ",38.364809999999999,-122.33754,NAPA,UNINCORPORATED,-122.33797189000001,38.365362910000002
8164951,2016,2017-02-18,2802,2016-10-13,1647,320133,45,4,5,5,2802,0,0,0,,0,02B,"FAIRVIEW DR","SILVERADO TRL",0.00,,Y,A,-,Y,NAP,4,121,-,-,7.120,I,5,N,Y,2,0,1,2,A,-,09,21804,A,N,D,C,A,A,H,-,A,D,0,,,,,Y,,A,01,1,0,0,0,0,0,0,0,0,"- ","- ",,,NAPA,NAPA,-122.27537594,38.296141470000002
8808453,2018,2019-09-05,2802,2018-10-19,1859,320137,39,5,5,5,2802,0,0,0,,0,02B,"SILVERADO TRL","SOUSA LN",323.00,N,N,A,-,Y,NAP,4,121,-,-,6.970,H,-,S,Y,1,1,0,2,A,-,11,21954,A,N,G,B,E,A,H,-,C,D,0,Y,,,,Y,,N,60,0,0,0,1,0,0,0,0,0,"- ","- ",,,NAPA,NAPA,-122.27564239501953,38.293983459472656
90286792,2016,2016-10-07,9325,2016-10-06,0010,017746,,4,3,9,2800,0,3,5,,1,008,"WOODEN VALLEY ROAD","WOODEN VALLEY CROSS ROAD",668.00,S,N,A,-,N,,,,,,,,,,Y,2,0,1,1,A,-,08,22107,,N,E,I,A,A,H,-,D,D,0,,,,,Y,,D,22,1,0,0,0,0,0,0,0,0,"- ","- ",38.326160000000002,-122.1374,NAPA,UNINCORPORATED,-122.13735081,38.326221009999998
90587179,2017,2017-11-03,9325,2017-10-28,1155,015350,,6,1,9,2800,0,2,4,,2,032,"SILVERADO TRAIL","RUTHERFORD HILL ROAD",450.00,N,N,A,-,N,,,,,,,,,,Y,2,0,2,3,A,-,05,21460,A,N,A,C,A,A,H,-,A,D,0,,,,,Y,,A,07,1,1,0,0,0,0,0,0,0,"- ","- ",38.489069999999998,-122.40946,NAPA,UNINCORPORATED,-122.4095039,38.489110920000002
90797213,2018,2018-08-23,9325,2018-08-13,0030,021605,,1,3,9,2800,0,1,3,,1,080,SR-128,"WRAGG CANYON RD",29568.00,E,N,A,-,Y,,,128,,,,,,,Y,2,0,2,1,A,-,01,23152,A,N,F,A,A,A,H,-,D,D,0,,,,,Y,Y,D,22,2,0,0,0,0,0,0,0,0,"- ","- ",38.506820678710938,-122.11212921142578,NAPA,UNINCORPORATED,-122.11215972900391,38.506732940673828
84676226,2025,2025-05-06,2802,2025-04-28,1905,320601,,1,5,5,2802,0,0,0,,0,003,"BLACKBERRY DR","VILLA LN",210.00,W,N,A,-,N,,,,,,,,,,N,2,0,1,2,A,-,08,22107,,N,D,E,A,A,H,-,A,A,0,,,Y,,Y,Y,O,05,1,0,0,0,0,0,0,0,1,"- ","- ",38.328941345214844,-122.19770812988281,NAPA,NAPA,-122.29848480224609,38.328739166259766
91350054,2020,2020-11-20,9325,2020-10-22,1225,014728,,4,1,9,2800,0,1,3,,1,022,"SR-29 S/B","HOFFMAN LN.",0.00,,Y,A,-,Y,,,29,,,,,,S,Y,1,1,0,2,A,-,09,21801,A,N,D,C,A,A,H,-,A,A,0,,,Y,,Y,,A,08,0,0,0,0,0,0,0,1,0,"- ","- ",38.3856201171875,-122.34945678710938,NAPA,UNINCORPORATED,-122.34940338134766,38.385654449462891
91778955,2022,2022-05-24,9325,2022-05-16,0900,017559,,1,1,9,2800,0,1,3,,1,012,SR-121,"VICHY AVE",12144.00,N,N,A,-,Y,NAP,,121,,,12.873,H,,R,Y,2,0,1,1,A,-,03,22350,,N,F,A,A,A,H,-,A,D,0,,,Y,,Y,,C,02,1,0,0,0,0,0,0,0,1,"- ","- ",38.351898193359375,-122.22543334960938,NAPA,UNINCORPORATED,-122.22544097900391,38.351913452148438
6983702,2015,2016-11-02,2802,2015-06-19,0134,320076,40,5,5,5,2802,0,0,0,,0,02A,"3RD ST","SILVERADO TRL",0.00,,Y,A,-,Y,NAP,4,121,-,-,7.370,I,5,N,Y,2,0,1,1,A,-,01,23152,A,N,E,I,A,A,H,-,C,A,0,,,,,Y,Y,A,01,1,0,0,0,0,0,0,0,0,"- ","- ",,,NAPA,NAPA,-122.27584385,38.299427739999999
9568582,2023,2023-05-16,2802,2023-04-04,1352,185,,2,5,5,2802,0,0,0,,0,003,"RT 29","TROWER AV",0.00,,Y,A,-,Y,NAP,4,29,-,-,13.860,I,5,N,Y,2,0,5,3,A,-,09,21453,C,N,D,C,A,A,H,-,A,A,0,,,,,Y,,A,07,1,2,2,0,0,0,0,0,0,"- ","- ",38.330730438232422,-122.31709289550781,NAPA,NAPA,-122.31710815429688,38.330718994140625
91813100,2022,2022-07-08,9325,2022-07-01,1335,019913,,5,1,9,2800,0,3,5,,2,007,"OLD SONOMA ROAD","BUHMAN AVE",774.00,E,N,A,-,N,,,,,,,,,,Y,2,0,1,2,A,-,03,22350,,N,B,C,A,A,H,-,A,D,0,,,Y,,Y,,C,02,1,0,0,0,0,0,0,0,1,"- ","- ",38.272418975830078,-122.32978820800781,NAPA,UNINCORPORATED,-122.33024597167969,38.272052764892578
92365186,2024,2024-04-16,9325,2024-03-16,2206,023241,,6,3,9,2800,0,3,5,,2,001,"CORONADO AVE","REPUBLIC AVE",20.00,S,N,A,-,N,,,,,,,,,,Y,2,0,1,2,A,-,01,23152,A,M,B,E,A,A,H,-,C,D,0,,,,,Y,Y,A,01,1,0,0,0,0,0,0,0,0,"- ","- ",38.284778594970703,-122.26811981201172,NAPA,UNINCORPORATED,-122.26804351806641,38.284816741943359
8489594,2017,2018-06-08,2802,2017-10-26,0948,320137,64,4,5,5,2802,0,0,0,,0,02A,"SOSCOL AV","JACKSON ST",0.00,,Y,A,-,N,,,,,,,,,,N,2,0,1,2,A,-,10,21950,A,N,G,B,B,A,H,-,A,D,0,Y,,,,Y,,A,01,1,0,0,0,1,0,0,0,0,"- ","- ",,,NAPA,NAPA,-122.28519994,38.30856996