CASE_ID,ACCIDENT_YEAR,PROC_DATE,JURIS,COLLISION_DATE,COLLISION_TIME,OFFICER_ID,REPORTING_DISTRICT,DAY_OF_WEEK,CHP_SHIFT,POPULATION,CNTY_CITY_LOC,SPECIAL_COND,BEAT_TYPE,CHP_BEAT_TYPE,CITY_DIVISION_LAPD,CHP_BEAT_CLASS,BEAT_NUMBER,PRIMARY_RD,SECONDARY_RD,DISTANCE,DIRECTION,INTERSECTION,WEATHER_1,WEATHER_2,STATE_HWY_IND,CALTRANS_COUNTY,CALTRANS_DISTRICT,STATE_ROUTE,ROUTE_SUFFIX,POSTMILE_PREFIX,POSTMILE,LOCATION_TYPE,RAMP_INTERSECTION,SIDE_OF_HWY,TOW_AWAY,COLLISION_SEVERITY,NUMBER_KILLED,NUMBER_INJURED,PARTY_COUNT,PRIMARY_COLL_FACTOR,PCF_CODE_OF_VIOL,PCF_VIOL_CATEGORY,PCF_VIOLATION,PCF_VIOL_SUBSECTION,HIT_AND_RUN,TYPE_OF_COLLISION,MVIW,PED_ACTION,ROAD_SURFACE,ROAD_COND_1,ROAD_COND_2,LIGHTING,CONTROL_DEVICE,CHP_ROAD_TYPE,PEDESTRIAN_ACCIDENT,BICYCLE_ACCIDENT,MOTORCYCLE_ACCIDENT,TRUCK_ACCIDENT,NOT_PRIVATE_PROPERTY,ALCOHOL_INVOLVED,STWD_VEHTYPE_AT_FAULT,CHP_VEHTYPE_AT_FAULT,COUNT_SEVERE_INJ,COUNT_VISIBLE_INJ,COUNT_COMPLAINT_PAIN,COUNT_PED_KILLED,COUNT_PED_INJURED,COUNT_BICYCLIST_KILLED,COUNT_BICYCLIST_INJURED,COUNT_MC_KILLED,COUNT_MC_INJURED,PRIMARY_RAMP,SECONDARY_RAMP,LATITUDE,LONGITUDE,COUNTY,CITY,POINT_X,POINT_Y
90415674,2017,2017-03-20,9325,2017-03-09,0547,015674,,4,3,9,2800,0,1,3,,2,071,SR-121,"OLD SONOMA HWY",0.00,,Y,A,-,Y,,,121,,,,,,,Y,2,0,1,1,A,-,08,22107,,N,E,I,A,A,H,-,D,D,0,,,,,Y,,A,01,1,0,0,0,0,0,0,0,0,"- ","- ",38.25479,-122.33605,NAPA,UNINCORPORATED,-122.33602839,38.254596489999997
92224161,2023,2023-10-31,9325,2023-10-15,1700,022560,,7,2,9,2800,0,1,3,,1,080,SR-128,"WRAGG CANYON RD.",8448.00,E,N,A,-,Y,NAP,,128," "," ",29.435,H,,R,Y,2,0,2,1,A,-,01,23152,F,N,E,I,A,A,H,-,A,D,0,,,,,Y,Y,A,01,1,1,0,0,0,0,0,0,0,"- ","- ",38.465839385986328,-122.1475830078125,NAPA,UNINCORPORATED,-122.14759826660156,38.465873718261719
91090277,2019,2019-10-03,9325,2019-09-15,0208,017746,,7,3,9,2800,0,1,3,,1,011,"SR-29 N/B","S. KELLY ROAD",1340.00,N,N,A,-,Y,,,29,,,,,,N,Y,2,0,2,2,A,-,01,23152,A,N,A,C,A,A,H,-,C,A,0,,,,,Y,Y,A,01,2,0,0,0,0,0,0,0,0,"- ","- ",38.211330413818359,-122.25627899169922,NAPA,UNINCORPORATED,-122.25624847412109,38.211330413818359
91872012,2022,2022-09-23,9325,2022-09-18,1205,022560,,7,1,9,2800,0,1,3,,1,031,SR-29,"WHITEHALL LN",500.00,N,N,B,C,Y,NAP,,29,,,26.260,H,,R,Y,2,0,2,1,A,-,08,22107,,N,E,I,A,B,H,-,A,D,0,,,,,Y,,A,01,1,1,0,0,0,0,0,0,0,"- ","- ",38.479209899902344,-122.43852233886719,NAPA,UNINCORPORATED,-122.43854522705078,38.479190826416016
8913409,2019,2020-01-13,2800,2019-07-25,0823,250226,10204,4,5,2,2805,0,0,0,,0,001,BROADWAY,"RIO DEL MAR",0.00,,Y,A,-,Y,NAP,4,29,-,-,1.660,I,5,S,N,2,0,1,2,A,-,12,21453,A,F,G,B,B,A,H,-,A,A,0,Y,,,,Y,,A,01,1,0,0,0,1,0,0,0,0,"- ","- ",,,NAPA,"AMERICAN CANYON",-122.25485229492188,38.179130554199219
8943117,2019,2019-09-25,2801,2019-08-16,2122,183,2,5,5,2,2801,0,0,0,,0,,"WASHINGTON ST","EDDY ST",82.00,W,N,A,-,N,,,,,,,,,,N,2,0,1,1,A,-,03,22350,,N,H,A,A,A,H,-,C,D,0,,,,,Y,,A,71,1,0,0,0,0,0,0,0,0,"- ","- ",,,NAPA,CALISTOGA,-122.57572937011719,38.577728271484375
90330590,2016,2016-11-28,9325,2016-11-13,1000,018789,,7,1,9,2800,0,1,3,,1,031,SR-29,"OAKVILLE GRADE RD",130.00,N,N,A,-,Y,,,29,,,,,,,N,2,0,1,1,A,-,03,22350,,N,F,A,A,A,D,-,A,D,0,,Y,,,Y,,L,04,1,0,0,0,0,0,1,0,0,"- ","- ",38.43685,-122.40276,NAPA,UNINCORPORATED,-122.40281332000001,38.436797579999997
91535957,2021,2021-08-03,9325,2021-07-25,1639,021969,,7,2,9,2800,0,1,3,,1,013,"SR-221 S/B","SR-29 N/B",0.00,,Y,A,-,Y,,,221,,,,,,S,Y,2,0,3,2,A,-,12,21453,A,F,D,C,A,A,H,-,A,A,0,,,,,Y,,A,01,1,1,1,0,0,0,0,0,0,"- ","- ",38.241600036621094,-122.26921081542969,NAPA,UNINCORPORATED,-122.26911163330078,38.241558074951172
9315925,2021,2021-09-16,2800,2021-07-31,0910,250463,20209,6,5,2,2805,0,0,0,,0,002,"AMERICAN CANYON RD",BROADWAY,0.00,,Y,A,-,N,,,,,,,,,,N,2,0,1,2,A,-,10,21950,A,N,G,B,B,A,H,-,A,A,0,Y,,,,Y,Y,-,"- ",1,0,0,0,1,0,0,0,0,"- ","- ",,,NAPA,"AMERICAN CANYON",-122.25273895263672,38.165634155273438
90023606,2015,2015-10-19,9325,2015-09-28,1245,013727,,1,1,9,2800,0,3,5,,2,003,"ZINFANDEL LANE","SILVERADO TRAIL",5280.00,W,N,A,-,N,,,,,,,,,,Y,2,0,1,1,A,-,08,22107,,N,E,J,A,A,H,-,A,D,0,,,Y,,Y,,C,03,1,0,0,0,0,0,0,0,1,"- ","- ",39.291780000000003,-122.26676,NAPA,UNINCORPORATED,-122.43706388,38.486677030000003
90608434,2017,2018-05-14,9325,2017-11-25,0902,021324,,6,1,9,2800,0,1,3,,1,044,SR-29,"MORA AVE",0.00,,Y,A,-,Y,,,29,,,,,,,Y,1,1,1,2,A,-,09,21801,A,N,A,C,A,A,H,-,A,D,0,,,,,Y,,A,01,0,1,0,0,0,0,0,0,0,"- ","- ",38.595619999999997,-122.58201,NAPA,UNINCORPORATED,-122.58199325,38.595633839999998
91350531,2020,2020-11-20,9325,2020-11-13,1850,021083,,5,2,9,2800,0,2,4,,1,023,"SILVERADO TRAIL","YOUNTVILLE CROSS RD",10560.00,S,N,B,-,N,,,,,,,,,,Y,2,0,1,1,A,-,01,23152,A,N,E,I,A,B,H,-,D,D,0,,,,,Y,Y,A,01,1,0,0,0,0,0,0,0,0,"- ","- ",38.409500122070312,-122.33261871337891,NAPA,UNINCORPORATED,-122.32783508300781,38.401397705078125
91630638,2021,2021-11-19,9325,2021-11-13,1320,022562,,6,1,9,2800,0,1,3,,1,012,"BUTTS CANYON ROAD","JAMES CREEK ROAD",3696.00,N,N,A,-,N,,,,,,,,,,Y,2,0,1,2,A,-,05,21460,A,N,B,C,A,A,H,-,A,D,0,,,Y,,Y,,C,02,1,0,0,0,0,0,0,0,1,"- ","- ",38.667488098144531,-122.44589233398438,NAPA,UNINCORPORATED,-122.44627380371094,38.666904449462891
6767387,2014,2015-02-04,2802,2014-12-13,0136,188,10,6,5,5,2802,0,0,0,,0,003,"JEFFERSON ST","SIERRA AV",150.00,N,N,E,-,N,,,,,,,,,,Y,2,0,1,2,A,-,01,23152,B,N,B,C,A,B,H,-,C,D,0,,,,,Y,Y,A,01,1,0,0,0,0,0,0,0,0,"- ","- ",,,NAPA,NAPA,-122.30511215999999,38.329146540000004
6820608,2015,2015-03-11,2802,2015-02-12,1506,191,9,4,5,5,2802,0,0,0,,0,04A,"OXFORD ST","WALES ST",0.00,,Y,A,-,N,,,,,,,,,,N,2,0,1,2,A,-,11,21950,B,N,G,B,B,A,H,-,A,D,0,Y,,Y,,Y,,N,60,1,0,0,0,1,0,0,0,0,"- ","- ",,,NAPA,NAPA,-122.31766995,38.32378989
9049669,2019,2020-10-12,2800,2019-02-09,2119,250455,10201,6,5,2,2805,0,0,0,,0,001,"AMERICAN CANYON RD",BROADWAY,0.00,,Y,A,-,Y,NAP,4,29,-,-,0.690,I,5,S,Y,2,0,2,3,A,-,09,21453,C,N,D,C,A,A,H,-,C,A,0,,,,,Y,Y,D,22,1,0,1,0,0,0,0,0,0,"- ","- ",,,NAPA,"AMERICAN CANYON",-122.25293731689453,38.165573120117188
9622383,2023,2023-12-30,2802,2023-10-11,1315,320582,,3,5,5,2802,0,0,0,,0,003,"SILVERADO TRL","HAGEN RD",515.00,S,N,A,-,N,,,,,,,,,,Y,2,0,3,2,A,-,03,22350,,N,C,C,A,A,H,-,A,D,0,,,,,Y,,I,11,1,2,0,0,0,0,0,0,0,"- ","- ",38.320381164550781,-122.17185974121094,NAPA,NAPA,-122.27288055419922,38.319355010986328
84746990,2024,2025-09-10,2802,2024-11-25,1458,236,,1,5,5,2802,0,0,0,,0,001,"1ST ST","SCHOOL ST",11.00,E,N,B,-,N,,,,,,,,,,Y,2,0,3,3,A,-,03,22350,,N,G,B,B,A,H,-,A,A,0,Y,,,,Y,Y,A,01,3,0,0,0,2,0,0,0,0,"- ","- ",38.297210693359375,-122.28945159912109,NAPA,NAPA,-122.28937530517578,38.297256469726562
91530487,2021,2021-07-28,9325,2021-07-19,0000,021449,,1,3,9,2800,0,1,3,,1,044,"STATE ROUTE 29","DIAMOND MOUNTAIN RD.",1056.00,N,N,A,-,Y,,,29,,,,,,,Y,2,0,1,1,A,-,08,22107,,N,E,I,A,A,H,-,D,D,0,,,,,Y,,D,22,1,0,0,0,0,0,0,0,0,"- ","- ",38.568859100341797,-122.56619262695312,NAPA,UNINCORPORATED,-122.56624603271484,38.568824768066406
91799697,2022,2022-06-21,9325,2022-06-16,0735,017559,,4,1,9,2800,0,2,4,,2,032,"SILVERADO TRAIL","YOUNTVILLE CROSS RD",1450.00,N,N,A,-,N,,,,,,,,,,Y,2,0,1,1,A,-,08,22107,,N,E,J,A,A,H,-,A,D,0,,,,,Y,,A,08,1,0,0,0,0,0,0,0,0,"- ","- ",38.430431365966797,-122.34449768066406,NAPA,UNINCORPORATED,-122.34465789794922,38.430519104003906
6353812,2014,2014-06-13,2802,2014-01-04,1722,320133,26,6,5,5,2802,0,0,0,,0,01A,"CENTRAL AV","JEFFERSON ST",0.00,,Y,A,-,N,,,,,,,,,,N,2,0,1,2,A,-,10,21950,A,N,D,B,B,A,H,-,C,D,0,Y,,,,Y,,D,22,1,0,0,0,1,0,0,0,0,"- ","- ",,,NAPA,NAPA,-122.29681991,38.312009949999997
91924708,2022,2022-11-22,9325,2022-11-20,1430,020615,,7,2,9,2800,0,3,5,,1,008,"BERRYESSA KNOXVILLE RD","BERRYESSA DR",1500.00,S,N,A,-,N,,,,,,,,,,Y,2,0,1,1,A,-,08,22107,,N,E,I,A,A,H,-,A,D,0,,,Y,,Y,,C,02,1,0,0,0,0,0,0,0,1,"- ","- ",38.602180480957031,-122.27755737304688,NAPA,UNINCORPORATED,-122.27747344970703,38.6021728515625
7006015,2015,2015-07-28,9325,2015-06-16,1606,15176,,2,2,9,2800,0,1,3,,1,044,"RT 29","OLD LAWLEY TOLL RD",150.00,N,N,A,-,Y,NAP,4,29,-,-,43.030,H,-,N,Y,1,1,0,2,A,-,01,23152,E,F,B,C,A,A,H,-,A,D,0,,,Y,,Y,,D,22,0,0,0,0,0,0,0,1,0,"- ","- ",36.640470000000001,-122.15956,NAPA,UNINCORPORATED,-122.59570102000001,38.640464000000001
9566783,2022,2023-05-18,2802,2022-11-02,2338,108,31,3,5,5,2802,0,0,0,,0,001,"MAIN ST","G ST",0.00,,Y,A,-,N,,,,,,,,,,Y,2,0,1,2,A,-,01,23152,A,N,D,C,A,A,H,-,C,A,0,,,Y,,Y,Y,C,02,1,0,0,0,0,0,0,0,1,"- ","- ",38.307289123535156,-122.29209899902344,NAPA,NAPA,-122.29206085205078,38.307277679443359
92290198,2023,2025-03-18,9325,2023-07-15,2150,022540,,6,2,9,2800,0,3,5,,2,001,"NORTH KELLY ROAD, TO SR-29 N/B",SR-29,225.00,S,N,A,-,Y,NAP,,29," "," ",5.477,H,,R,Y,1,1,0,2,A,-,11,21950,B,N,G,B,D,A,H,-,D,D,0,Y,,,,Y,Y,N,60,0,0,0,1,0,0,0,0,0,"- ","- ",38.233951568603516,-122.26001739501953,NAPA,UNINCORPORATED,-122.26012420654297,38.233898162841797
90597003,2017,2017-11-17,9325,2017-08-30,1349,018110,,3,1,9,2800,0,1,3,,1,041,SR-29,"BALE LN",500.00,N,N,A,-,Y,,,29,,,,,,,Y,1,1,1,2,A,-,01,23152,A,N,D,C,A,A,H,-,A,D,0,,,,,Y,Y,A,01,0,1,0,0,0,0,0,0,0,"- ","- ",38.551200000000001,-122.5159,NAPA,UNINCORPORATED,-122.51585953,38.551286750000003
91359515,2020,2020-12-07,9325,2020-11-22,2220,017746,,7,3,2,2804,0,1,S,,2,901,"SR-29 S/B","CALIFORNIA DRIVE",926.00,N,N,A,-,Y,,,29,,,,,,S,Y,2,0,3,2,A,-,01,23152,A,N,C,C,A,A,H,-,C,D,0,,,,,Y,Y,A,01,1,1,1,0,0,0,0,0,0,"- ","- ",38.399528503417969,-122.36141204833984,NAPA,YOUNTVILLE,-122.36139678955078,38.399543762207031
91022708,2019,2019-07-02,9325,2019-06-27,0615,015350,,4,1,9,2800,0,1,3,,1,041,SR-29,"DUNAWEAL LANE",170.00,N,N,A,-,Y,,,29,,,,,,,N,2,0,1,2,A,-,08,22107,,N,B,G,A,A,H,-,A,D,0,,Y,,,Y,,L,04,1,0,0,0,0,0,1,0,0,"- ","- ",38.565109252929688,-122.55819702148438,NAPA,UNINCORPORATED,-122.55821990966797,38.56500244140625
6366262,2014,2014-06-10,9325,2014-01-29,1700,15176,,3,2,9,2800,0,2,4,,1,034,"DEER PARK RD","MUND RD",300.00,S,N,A,-,N,,,,,,,,,,Y,2,0,2,1,A,-,03,22350,,N,E,I,A,B,H,-,A,D,0,,,,,Y,,D,22,1,0,1,0,0,0,0,0,0,"- ","- ",38.532559999999997,-122.47320999999999,NAPA,UNINCORPORATED,-122.47142037,38.531960120000001
6514665,2014,2016-04-12,9325,2014-05-31,1222,019024,,6,1,9,2800,0,1,3,,2,071,"RT 121","DUHIG RD",100.00,N,N,A,-,Y,NAP,4,121,-,-,2.010,H,-,S,N,2,0,1,2,A,-,08,22107,,N,H,G,A,A,H,-,A,D,0,,Y,,,Y,,L,04,1,0,0,0,0,0,1,0,0,"- ","- ",38.255899999999997,-122.34625,NAPA,UNINCORPORATED,-122.34546838,38.255783149999999
8826588,2019,2019-05-14,2802,2019-03-21,2016,320108,5,4,5,5,2802,0,0,0,,0,04A,"SOLANO AV","TROWER AV",0.00,,Y,A,-,Y,NAP,4,29,-,-,13.860,I,6,S,N,2,0,1,2,D,-,00,,,N,D,G,A,A,H,-,C,A,0,,Y,,,Y,,-,"- ",1,0,0,0,0,0,1,0,0,"- ","- ",,,NAPA,NAPA,-122.31716156005859,38.330486297607422
91694542,2022,2022-02-07,9325,2022-01-28,2336,021425,,5,3,9,2800,0,1,3,,1,011,"SR-29 S/B","SOSCOL FERRY RD.",2640.00,N,N,A,-,Y,NAP,,29,,R,6.681,H,,L,Y,2,0,2,2,A,-,01,23152,A,N,A,2,A,A,H,-,D,D,0,,,,,Y,Y,A,01,2,0,0,0,0,0,0,0,0,"- ","- ",38.243011474609375,-122.2777099609375,NAPA,UNINCORPORATED,-122.2777099609375,38.242984771728516
91879003,2022,2022-09-30,9325,2022-09-27,0440,019067,,2,3,9,2800,0,1,3,,1,051,SR-121,"CIRCLE BAR RANCH",528.00,N,N,A,-,Y,SON,,121,,,4.323,H,,R,Y,2,0,4,2,A,-,05,21460,A,N,A,C,A,A,H,-,D,D,0,,,,,Y,,A,01,2,2,0,0,0,0,0,0,0,"- ","- ",38.203628540039062,-122.44975280761719,NAPA,UNINCORPORATED,-122.4498291015625,38.203590393066406
6713854,2014,2016-06-13,9325,2014-11-14,0234,019625,,5,3,9,2800,0,1,3,,1,011,"RT 29","SOUTH KELLY RD",45.00,N,N,E,-,Y,NAP,4,29,-,-,3.610,I,5,N,Y,2,0,1,1,A,-,01,23152,A,N,E,I,A,B,H,-,C,A,5,,,,,Y,Y,A,01,1,0,0,0,0,0,0,0,0,"- ","- ",38.122839999999997,-122.15215000000001,NAPA,UNINCORPORATED,-122.25603691000001,38.20764999
7206633,2016,2016-03-23,2802,2016-03-06,2208,320411,56,7,5,5,2802,0,0,0,,0,02B,"NAPA VALLEY CORPORATE DR","ANSELMO CT",50.00,N,N,B,-,N,,,,,,,,,,Y,2,0,3,1,A,-,01,23153,A,N,E,I,A,B,H,-,C,D,0,,,,,Y,Y,A,07,2,0,1,0,0,0,0,0,0,"- ","- ",,,NAPA,NAPA,-122.27665885,38.2459718
8664345,2018,2018-07-20,2802,2018-07-02,1618,320113,27,1,5,5,2802,0,0,0,,0,01A,"CENTRAL AV","CENTRAL AV 768",10.00,N,N,A,-,N,,,,,,,,,,N,2,0,1,1,B,-,22,,,N,F,A,A,A,B,-,A,D,0,,,Y,,Y,,C,02,1,0,0,0,0,0,0,0,1,"- ","- ",,,NAPA,NAPA,,
90613182,2017,2017-12-08,9325,2017-12-03,1354,021439,,7,1,9,2800,0,1,3,,1,031,SR-29,"DWYER RD",1584.00,N,N,A,-,Y,,,29,,,,,,,Y,2,0,1,2,A,-,09,21801,A,N,D,C,A,A,H,-,A,D,0,,,,,Y,,I,10,1,0,0,0,0,0,0,0,0,"- ","- ",38.427599999999998,-122.39449999999999,NAPA,UNINCORPORATED,-122.39452230000001,38.42758139
90808307,2018,2018-09-07,9325,2018-08-30,1620,021324,,4,2,9,2800,0,2,4,,2,032,"SILVERADO TRAIL","SKELLENGER LN",1584.00,S,N,A,-,N,,,,,,,,,,Y,2,0,3,3,A,-,09,21804,A,N,D,C,A,A,H,-,A,D,0,,,,,Y,,A,01,1,2,0,0,0,0,0,0,0,"- ","- ",38.461990356445312,-122.37149047851562,NAPA,UNINCORPORATED,-122.37141418457031,38.462032318115234
91251218,2020,2020-06-12,9325,2020-06-04,0845,021605,,4,1,9,2800,0,1,3,,1,030,SR-128,"LONG RANCH ROAD",150.00,W,N,A,-,Y,,,128,,,,,,,Y,2,0,1,2,A,-,05,21460,A,N,A,C,A,A,H,-,A,D,0,,,Y,,Y,,C,02,1,0,0,0,0,0,0,0,1,"- ","- ",38.483139038085938,-122.35688781738281,NAPA,UNINCORPORATED,-122.35689544677734,38.483127593994141
9635052,2023,2023-12-21,2802,2023-11-12,2322,228,,7,5,5,2802,0,0,0,,0,,"YAJOME ST","LINCOLN AV",0.00,,Y,A,-,N,,,,,,,,,,N,2,0,1,2,A,-,05,21651,B,N,A,G,A,A,H,-,C,D,0,,Y,,,Y,,L,04,1,0,0,0,0,0,1,0,0,"- ","- ",38.309230804443359,-122.29109191894531,NAPA,NAPA,-122.29133605957031,38.309192657470703
90078000,2015,2015-12-18,9325,2015-12-09,1030,014728,,3,1,9,2800,0,2,4,,1,023,"SILVERADO TRAIL","TRANCAS ST.",1584.00,N,N,B,C,N,,,,,,,,,,Y,2,0,1,1,A,-,08,22107,,N,E,I,A,B,H,-,A,D,0,,,,,Y,,A,01,1,0,0,0,0,0,0,0,0,"- ","- ",38.330759999999998,-122.27916999999999,NAPA,UNINCORPORATED,-122.27869784000001,38.329212920000003
92009386,2023,2023-03-03,9325,2023-02-18,"930 ",022560,,6,1,5,2802,0,1,3,,1,081,SR-121,"WATERS RD",200.00,N,N,A,-,Y,NAP,,121," "," ",18.011,H,,R,Y,2,0,1,1,A,-,08,22107,,N,F,A,A,A,H,-,D,D,0,,,Y,,Y,,C,02,1,0,0,0,0,0,0,0,1,"- ","- ",38.401069641113281,-122.20433807373047,NAPA,NAPA,-122.20440673828125,38.401039123535156
91069854,2019,2019-09-09,9325,2019-08-31,1615,021083,,6,2,9,2800,0,1,3,,1,030,SR-128,"LONG RANCH ROAD",5280.00,W,N,A,-,Y,,,128,,,,,,,N,2,0,1,1,A,-,08,22107,,N,F,A,A,A,H,-,A,D,0,,,Y,,Y,,C,02,1,0,0,0,0,0,0,0,1,"- ","- ",38.479000091552734,-122.37203979492188,NAPA,UNINCORPORATED,-122.37203979492188,38.478965759277344
91468867,2021,2021-05-10,9325,2021-04-25,1031,022560,,7,1,9,2800,0,1,3,,1,044,"SR-29 N/B","HILLSIDE LN",11246.00,S,N,C,-,Y,,,29,,,,,,N,Y,2,0,1,1,A,-,03,22350,,N,F,A,A,B,H,-,A,D,0,,,Y,,Y,,C,02,1,0,0,0,0,0,0,0,1,"- ","- ",38.662200927734375,-122.59760284423828,NAPA,UNINCORPORATED,-122.59780120849609,38.662368774414062
91910144,2022,2022-11-21,9325,2022-10-29,1120,021382,,6,1,9,2800,0,3,5,,1,008,"WOODEN VALLEY RD",SR-121,15840.00,E,N,A,-,N,,,,,,,,,,Y,2,0,2,2,A,-,03,22350,,N,A,C,A,A,H,-,A,D,0,,,,,Y,,A,01,1,1,0,0,0,0,0,0,0,"- ","- ",38.355129241943359,-122.16658020019531,NAPA,UNINCORPORATED,-122.16718292236328,38.356040954589844
94377606,2024,2024-08-30,9325,2024-08-21,1349,023926,,3,1,2,2804,0,1,S,,2,024,SR-29,"MADISON ST",1895.00,S,N,A,-,Y,NAP,,29," "," ",19.460,H,,R,N,2,0,1,2,A,-,06,21755,,F,C,G,A,A,H,-,A,D,0,,Y,,,Y,,D,22,1,0,0,0,0,0,1,0,0,"- ","- ",38.402149200439453,-122.36443328857422,NAPA,YOUNTVILLE,-122.36432647705078,38.402225494384766
8939304,2019,2021-05-28,2800,2019-09-22,2240,250124,0,7,5,2,2804,0,0,0,,0,,"SOLANO AV","POLE# 120201523",569.00,,N,A,-,N,,,,,,,,,,Y,1,1,0,1,D,-,00,,,N,E,I,A,A,H,-,D,D,0,,,Y,,Y,,-,"- ",0,0,0,0,0,0,0,1,0,"- ","- ",,,NAPA,YOUNTVILLE,,
8939489,2019,2021-05-20,2801,2019-07-18,0356,115,4,4,5,2,2801,0,0,0,,0,,"RT 128","SILVER ST",118.00,W,N,A,-,Y,NAP,4,128,-,-,4.250,H,-,E,N,1,1,0,3,A,-,11,21956,A,N,G,B,E,A,H,-,C,D,0,Y,,,,Y,Y,N,60,0,0,0,1,0,0,0,0,0,"- ","- ",,,NAPA,CALISTOGA,-122.585693359375,38.577049255371094
9355991,2021,2021-11-08,2802,2021-10-19,1934,320388,27,2,5,5,2802,0,0,0,,0,01A,"GEORGE ST","JEFFERSON ST",0.00,,Y,A,-,N,,,,,,,,,,Y,2,0,1,2,A,-,11,21955,,N,G,B,D,A,H,-,B,A,0,Y,,,,Y,Y,N,60,1,0,0,0,1,0,0,0,0,"- ","- ",,,NAPA,NAPA,-122.29624938964844,38.310127258300781
91238640,2020,2020-05-18,9325,2020-05-03,1120,021005,,7,1,9,2800,0,1,3,,1,081,SR-121,"WOODEN VALLEY CROSS RD",4224.00,N,N,A,-,Y,,,,,,,,,,N,2,0,1,1,A,-,08,22107,,N,E,I,A,A,H,-,A,D,0,,,Y,,Y,,C,02,1,0,0,0,0,0,0,0,1,"- ","- ",38.381061553955078,-122.20140838623047,NAPA,UNINCORPORATED,,
92354117,2024,2024-04-17,9325,2024-03-30,1605,022560,,6,2,9,2800,0,2,4,,2,032,"SILVERADO TRAIL","PONTI RD",1940.00,N,N,A,-,N,,,,,,,,,,Y,2,0,2,2,A,-,05,21460,,N,A,C,A,A,H,-,A,D,0,,,,,Y,,A,07,1,0,1,0,0,0,0,0,0,"- ","- ",38.477611541748047,-122.39000701904297,NAPA,UNINCORPORATED,,
92402231,2024,2024-05-30,9325,2024-05-23,1110,019775,,4,1,9,2800,0,1,3,,1,031,SR-29,"OAKVILLE GRADE RD",0.00,,Y,A,-,Y,NAP,,29," "," ",22.520,H,,R,Y,2,0,2,2,A,-,09,21802,A,N,D,C,A,A,H,-,A,D,0,,,,,Y,,D,22,1,1,0,0,0,0,0,0,0,"- ","- ",38.434280395507812,-122.40052032470703,NAPA,UNINCORPORATED,-122.40048217773438,38.434299468994141
9236790,2021,2021-04-06,2802,2021-03-07,1751,320488,16,7,5,5,2802,0,0,0,,0,04B,"PARTRICK RD","ROWENA LN",580.00,E,N,A,-,N,,,,,,,,,,Y,2,0,1,1,A,-,08,22107,,N,E,I,A,A,H,-,A,A,0,,,,,Y,,D,22,1,0,0,0,0,0,0,0,0,"- ","- ",,,NAPA,NAPA,-122.33564758300781,38.306655883789062
91053691,2019,2019-08-16,9325,2019-08-13,0530,015350,,2,3,9,2800,0,1,3,,1,011,"SR-29 N/B",SR-221,1056.00,S,N,A,-,Y,,,29,,,,,,N,Y,2,0,3,3,A,-,03,22350,,N,C,C,A,A,H,-,D,A,0,,,,,Y,,A,01,1,0,2,0,0,0,0,0,0,"- ","- ",38.239521026611328,-122.26663208007812,NAPA,UNINCORPORATED,-122.26657867431641,38.239578247070312
6598762,2014,2016-05-14,9325,2014-08-13,1530,015176,,3,2,9,2800,0,1,3,,1,013,"RT 221","RT 29",1056.00,N,N,A,-,Y,NAP,4,221,-,-,0.200,H,-,S,Y,2,0,6,4,A,-,01,23152,E,N,C,C,A,A,H,-,A,A,5,,,,,Y,,A,07,1,0,5,0,0,0,0,0,0,"- ","- ",38.245539999999998,-122.26945000000001,NAPA,UNINCORPORATED,-122.26913725,38.244259200000002
6927425,2015,2016-11-05,9325,2015-05-03,0810,15447,,7,1,9,2800,0,1,3,,1,041,"RT 29","DIAMOND MOUNTAIN RD",1584.00,N,N,A,-,Y,NAP,4,29,-,-,36.070,H,-,N,N,2,0,1,1,A,-,08,22107,,N,H,G,A,A,H,-,A,D,0,,Y,,,Y,,L,04,1,0,0,0,0,0,1,0,0,"- ","- ",38.570999999999998,-122.56699999999999,NAPA,UNINCORPORATED,-122.567375,38.570196000000003
90298882,2016,2016-10-24,9325,2016-10-02,2250,020261,,7,3,9,2800,0,1,3,,2,071,SR-121,"HAIRE LANE",500.00,S,N,A,-,Y,,,,,,,,,,Y,2,0,2,2,A,-,01,23152,A,N,D,C,A,A,H,-,D,D,0,,,,,Y,Y,A,01,1,0,1,0,0,0,0,0,0,"- ","- ",38.15157,-122.22175,NAPA,UNINCORPORATED,,
94510177,2024,2024-12-19,9325,2024-11-29,"510 ",023968,,5,3,9,2800,0,2,4,,1,042,"SILVERADO TRAIL","DUNAWEAL LN",5280.00,S,N,A,-,Y,,,,,,,,,,Y,2,0,2,1,A,-,08,22107,,N,F,I,A,A,H,-,D,D,0,,,,Y,Y,,F,21,2,0,0,0,0,0,0,0,0,"- ","- ",38.577201843261719,-122.53861999511719,NAPA,UNINCORPORATED,-122.53822326660156,38.576942443847656