CASE_ID,ACCIDENT_YEAR,PROC_DATE,JURIS,COLLISION_DATE,COLLISION_TIME,OFFICER_ID,REPORTING_DISTRICT,DAY_OF_WEEK,CHP_SHIFT,POPULATION,CNTY_CITY_LOC,SPECIAL_COND,BEAT_TYPE,CHP_BEAT_TYPE,CITY_DIVISION_LAPD,CHP_BEAT_CLASS,BEAT_NUMBER,PRIMARY_RD,SECONDARY_RD,DISTANCE,DIRECTION,INTERSECTION,WEATHER_1,WEATHER_2,STATE_HWY_IND,CALTRANS_COUNTY,CALTRANS_DISTRICT,STATE_ROUTE,ROUTE_SUFFIX,POSTMILE_PREFIX,POSTMILE,LOCATION_TYPE,RAMP_INTERSECTION,SIDE_OF_HWY,TOW_AWAY,COLLISION_SEVERITY,NUMBER_KILLED,NUMBER_INJURED,PARTY_COUNT,PRIMARY_COLL_FACTOR,PCF_CODE_OF_VIOL,PCF_VIOL_CATEGORY,PCF_VIOLATION,PCF_VIOL_SUBSECTION,HIT_AND_RUN,TYPE_OF_COLLISION,MVIW,PED_ACTION,ROAD_SURFACE,ROAD_COND_1,ROAD_COND_2,LIGHTING,CONTROL_DEVICE,CHP_ROAD_TYPE,PEDESTRIAN_ACCIDENT,BICYCLE_ACCIDENT,MOTORCYCLE_ACCIDENT,TRUCK_ACCIDENT,NOT_PRIVATE_PROPERTY,ALCOHOL_INVOLVED,STWD_VEHTYPE_AT_FAULT,CHP_VEHTYPE_AT_FAULT,COUNT_SEVERE_INJ,COUNT_VISIBLE_INJ,COUNT_COMPLAINT_PAIN,COUNT_PED_KILLED,COUNT_PED_INJURED,COUNT_BICYCLIST_KILLED,COUNT_BICYCLIST_INJURED,COUNT_MC_KILLED,COUNT_MC_INJURED,PRIMARY_RAMP,SECONDARY_RAMP,LATITUDE,LONGITUDE,COUNTY,CITY,POINT_X,POINT_Y
94589284,2025,2025-02-25,9325,2025-02-09,2120,021449,,7,2,9,2800,0,1,3,,1,011,"STATE ROUTE 29","STATE ROUTE 12",0.00,,Y,A,-,Y,NAP,,29," "," ",4.705,H,,R,Y,2,0,2,2,A,-,01,23152,A,N,D,C,A,A,H,-,C,A,0,,,,,Y,Y,A,01,1,0,1,0,0,0,0,0,0,"- ","- ",38.223159790039062,-122.25787353515625,NAPA,UNINCORPORATED,-122.25788116455078,38.223152160644531
6599992,2014,2014-09-23,9325,2014-08-16,1500,019811,,6,2,9,2800,0,1,3,,1,031,"RT 29","MANLEY LN",500.00,N,N,A,-,Y,,,29,,,,,,,Y,2,0,3,2,A,-,01,23152,A,F,A,C,A,A,H,-,A,D,0,,,,,Y,Y,A,01,1,2,0,0,0,0,0,0,0,"- ","- ",38.455959999999997,-122.41997000000001,NAPA,UNINCORPORATED,-122.42011229000001,38.455824139999997
9262968,2021,2021-05-17,2800,2021-05-02,1944,250492,10202,7,5,2,2805,0,0,0,,0,,"RT 29","S NAPA JUNCTION RD",0.00,,Y,A,-,Y,NAP,4,29,-,-,1.520,I,5,N,Y,2,0,3,2,B,-,22,,,N,D,C,A,A,H,-,B,A,0,,,,,Y,,A,07,1,0,2,0,0,0,0,0,0,"- ","- ",,,NAPA,"AMERICAN CANYON",-122.25428771972656,38.177200317382812
91162841,2020,2020-01-10,9325,2020-01-09,1310,015447,,4,1,9,2800,0,3,5,,2,002,"SODA CANYON RD","CHIMNEY ROCK RD",4752.00,E,N,A,-,N,,,,,,,,,,Y,2,0,1,1,A,-,08,22107,,N,E,I,A,A,H,-,A,D,0,,,,,Y,,A,07,1,0,0,0,0,0,0,0,0,"- ","- ",38.406700134277344,-122.29519653320312,NAPA,UNINCORPORATED,-122.28119659423828,38.384487152099609
91549060,2021,2021-08-19,9325,2021-08-07,2210,021449,,6,3,9,2800,0,2,4,,1,023,"SILVERADO TRAIL","YOUNTVILLE CROSS ROAD",1584.00,S,N,B,-,Y,,,,,,,,,,Y,2,0,1,1,A,-,03,22350,,N,E,8,A,A,H,-,D,D,0,,,,,Y,,A,01,1,0,0,0,0,0,0,0,0,"- ","- ",38.42340087890625,-122.33712768554688,NAPA,UNINCORPORATED,-122.33773040771484,38.424270629882812
91757627,2022,2022-04-27,9325,2022-04-16,1155,021005,,6,1,9,2800,0,1,3,,2,071,SR-29,"OLD LAWLEY TOLL RD",10560.00,N,N,C,-,Y,,,,,,,,,,Y,2,0,2,2,A,-,05,21460,A,N,A,C,A,B,H,-,A,D,0,,,,,Y,,A,01,1,1,0,0,0,0,0,0,0,"- ","- ",38.6461181640625,-122.59085845947266,NAPA,UNINCORPORATED,-122.59074401855469,38.646427154541016
91884140,2022,2022-10-06,9325,2022-09-27,0720,015447,,2,1,9,2800,0,3,5,,2,003,"SPRING MOUNTAIN RD","LANGTRY ROAD",505.00,W,N,B,-,N,,,,,,,,,,Y,2,0,2,2,A,-,05,21460,A,N,A,C,A,A,H,-,A,D,0,,,,,Y,,A,01,1,1,0,0,0,0,0,0,0,"- ","- ",38.519821166992188,-122.52758026123047,NAPA,UNINCORPORATED,-122.52774047851562,38.519966125488281
92389106,2024,2024-08-14,9325,2024-05-03,2130,023094,,5,2,9,2800,0,2,4,,1,042,"SILVERADO TRAIL","BALE LN",50.00,S,N,A,-,N,,,,,,,,,,Y,2,0,2,3,A,-,08,22107,,F,A,4,E,A,H,-,D,D,0,Y,,,,Y,,A,01,1,1,0,0,1,0,0,0,0,"- ","- ",38.556861877441406,-122.50524139404297,NAPA,UNINCORPORATED,-122.50514984130859,38.556835174560547
94725146,2025,2025-06-13,9325,2025-06-04,1530,016663,,3,2,9,2800,0,3,5,,1,008,"WRAGG CANYON ROAD","NORTH OF HWY 128",1320.00,N,N,A,-,N,,,,,,,,,,N,2,0,1,1,A,-,08,22107,,N,F,I,A,A,H,-,A,D,0,,,Y,,Y,,C,02,1,0,0,0,0,0,0,0,1,"- ","- ",38.4534912109375,-122.15293884277344,NAPA,UNINCORPORATED,-122.15292358398438,38.452205657958984
8552375,2018,2018-02-21,2802,2018-02-04,1051,320448,24,7,5,5,2802,0,0,0,,0,04B,"BROWNS VALLEY RD","ROBINSON LN",0.00,,Y,A,-,N,,,,,,,,,,Y,2,0,3,2,A,-,01,23153,A,F,D,C,A,A,H,-,A,D,0,,,,,Y,Y,D,22,1,1,1,0,0,0,0,0,0,"- ","- ",,,NAPA,NAPA,-122.31710052490234,38.302360534667969
9349377,2021,2021-10-27,2802,2021-09-29,1859,320527,42,3,5,5,2802,0,0,0,,0,04B,"UNDERHILL DR","UNDERHILL DR 150",0.00,,Y,F,-,N,,,,,,,,,,N,2,0,1,2,C,-,18,,,N,G,B,D,A,H,-,B,D,0,Y,,,,Y,,-,"- ",1,0,0,0,1,0,0,0,0,"- ","- ",,,NAPA,NAPA,,
90501970,2017,2017-07-17,9325,2017-07-04,1040,015674,,2,1,9,2800,0,1,3,,1,081,SR121,"CIRCLE OAKS DR",528.00,S,N,A,-,Y,,,121,,,,,,,Y,2,0,1,1,A,-,03,22350,,N,F,A,A,A,H,-,A,D,0,,,Y,,Y,,C,02,1,0,0,0,0,0,0,0,1,"- ","- ",38.404949999999999,-122.20487,NAPA,UNINCORPORATED,-122.20483160000001,38.4049269
91287768,2020,2020-08-18,9325,2020-08-07,1310,020829,,5,1,9,2800,0,3,5,,2,002,"NORTH AVENUE","SECOND AVENUE",0.00,,Y,A,-,N,,,,,,,,,,Y,2,0,1,2,A,-,12,22450,A,N,D,C,A,A,H,-,A,A,0,,,Y,,Y,,C,02,1,0,0,0,0,0,0,0,1,"- ","- ",38.303901672363281,-122.24440765380859,NAPA,UNINCORPORATED,-122.24434661865234,38.303848266601562
91477968,2020,2021-05-20,9325,2020-12-24,0535,014728,,4,3,9,2800,0,1,3,,1,011,"SR-29 S/B",SR-221,65.00,S,N,A,-,Y,,,29,,,,,,S,Y,1,1,0,2,A,-,11,21954,A,N,G,B,D,A,H,-,C,A,0,Y,,,,Y,Y,N,60,0,0,0,1,0,0,0,0,0,"- ","- ",38.24176025390625,-122.26953125,NAPA,UNINCORPORATED,-122.26963043212891,38.241558074951172
91537430,2021,2021-08-05,9325,2021-08-03,1123,019411,,2,1,9,2800,0,1,3,,1,080,"E/B SR-128","WRAGG CANYON RD.",7392.00,W,N,A,-,Y,,,128,,,,,,,Y,2,0,1,1,A,-,03,22350,,N,E,I,A,A,H,-,A,D,0,,,Y,,Y,,C,02,1,0,0,0,0,0,0,0,1,"- ","- ",38.430000305175781,-122.15680694580078,NAPA,UNINCORPORATED,-122.15680694580078,38.430034637451172
6764209,2014,2016-06-17,9325,2014-12-04,0618,017659,,4,1,9,2800,0,1,3,,1,044,"RT 29","OLD LAWLEY TOLL RD",1056.00,S,N,B,-,Y,NAP,4,29,-,-,39.120,H,-,N,Y,2,0,2,2,A,-,03,22350,,N,A,C,A,B,H,-,D,D,0,,,,,Y,,A,01,1,0,1,0,0,0,0,0,0,"- ","- ",38.641689999999997,-122.59666,NAPA,UNINCORPORATED,-122.58954055,38.603551080000003
90136449,2016,2016-03-15,9325,2016-03-09,0540,017519,,3,3,9,2800,0,1,3,,2,071,SR-121,"OLD SONOMA HWY",30.00,S,N,C,-,Y,,,121,,,,,,,Y,2,0,1,2,A,-,21,22106,,N,D,C,A,B,H,-,C,D,0,,,,,Y,,A,01,1,0,0,0,0,0,0,0,0,"- ","- ",38.25461,-122.33629000000001,NAPA,UNINCORPORATED,-122.33628529000001,38.254567799999997
91089368,2019,2019-10-08,9325,2019-09-11,2032,019067,,3,2,9,2800,0,1,3,,1,043,SR-128,"TUBBS LANE",0.00,,Y,A,-,Y,,,128,,,,,,,Y,1,1,1,2,A,-,12,22450,A,N,D,C,A,A,H,-,D,A,0,,,,Y,Y,,A,08,1,0,0,0,0,0,0,0,0,"- ","- ",38.588760375976562,-122.60710144042969,NAPA,UNINCORPORATED,-122.60709381103516,38.588768005371094
91606317,2021,2021-10-26,9325,2021-10-15,2335,021449,,5,3,9,2800,0,1,3,,1,044,"SILVERADO TRAIL","BALE LANE",3168.00,N,N,A,-,Y,,,,,,,,,,Y,2,0,1,2,A,-,03,22350,,N,D,C,A,A,H,-,D,D,0,,,,,Y,,D,22,1,0,0,0,0,0,0,0,0,"- ","- ",38.562950134277344,-122.51177215576172,NAPA,UNINCORPORATED,-122.51235198974609,38.563152313232422
92087334,2023,2023-06-06,9325,2023-05-17,"530 ",019590,,3,3,9,2800,0,1,3,,1,063,SR-12,"BABB LN",1100.00,W,N,E,-,Y,SON,,12," "," ",31.626,H,,R,Y,2,0,1,1,A,-,08,22107,,N,F,I,A,A,H,-,B,D,0,,,,,Y,,A,01,1,0,0,0,0,0,0,0,0,"- ","- ",38.360099792480469,-122.50596618652344,NAPA,UNINCORPORATED,-122.50599670410156,38.360084533691406
92424388,2024,2024-06-26,9325,2024-06-11,1630,023869,,2,2,9,2800,0,3,5,,2,007,"OLD SONOMA ROAD","CONGRESS VALLEY RD",1614.00,S,N,A,-,N,,,,,,,,,,Y,2,0,1,1,A,-,01,23152,A,M,F,0,A,A,H,-,A,D,0,,,Y,,Y,Y,C,02,1,0,0,0,0,0,0,0,1,"- ","- ",38.280490875244141,-122.32553100585938,NAPA,UNINCORPORATED,-122.32543182373047,38.280387878417969
94669078,2025,2025-04-29,9325,2025-04-04,"350 ",023123,,5,3,9,2800,0,3,5,,2,003,"CHILES POPE VALLEY RD","POPE CANYON RD",5205.00,S,N,A,-,N,,,,,,,,,,Y,2,0,1,1,A,-,08,22107,,N,E,I,A,A,H,-,D,D,0,,,,,Y,,A,01,1,0,0,0,0,0,0,0,0,"- ","- ",38.591400146484375,-122.39747619628906,NAPA,UNINCORPORATED,-122.39749908447266,38.591449737548828
6923905,2015,2015-06-04,2802,2015-05-08,0114,320076,24,5,5,5,2802,0,0,0,,0,04B,"KINGSTON AV","QUEENS CT",20.00,W,N,A,-,N,,,,,,,,,,Y,2,0,1,3,A,-,01,23152,A,N,C,E,A,A,H,-,C,A,0,,,,,Y,Y,A,01,1,0,0,0,0,0,0,0,0,"- ","- ",,,NAPA,NAPA,-122.3168486,38.305300199999998
6962195,2015,2016-11-05,9325,2015-05-24,1555,19123,,7,2,9,2800,0,1,3,,1,011,"RT 29","RT 221",20.00,N,N,A,-,Y,NAP,4,29,-,R,0.621,H,-,S,Y,2,0,2,2,A,-,03,22350,,N,C,C,A,A,H,-,A,A,0,,,Y,,Y,,C,02,2,0,0,0,0,0,0,0,2,"- ","- ",38.241370000000003,-122.26922,NAPA,UNINCORPORATED,-122.25305023,38.164056960000003
8452365,2017,2018-06-05,2803,2017-08-26,0032,19,,6,5,2,2803,0,0,0,,0,,"MAIN ST","CHARLES KRUG DRWY",124.00,N,N,A,-,Y,NAP,4,29,-,-,29.910,H,-,N,N,2,0,1,2,A,-,03,22350,,F,C,C,A,A,H,-,D,D,0,,,Y,,Y,,A,01,1,0,0,0,0,0,0,0,1,"- ","- ",38.517780000000002,-122.48824,NAPA,"SAINT HELENA",-122.48593443,38.516443670000001
90893352,2018,2019-06-25,9325,2018-11-03,1300,019190,,6,1,9,2800,0,3,5,,2,003,SR-128,"CHILES POPE VALLEY ROAD",2640.00,E,N,A,-,Y,,,,,,,,,,Y,2,0,5,2,A,-,03,22350,,N,A,C,A,A,H,-,A,D,0,,,,,Y,,A,01,5,0,0,0,0,0,0,0,0,"- ","- ",38.293098449707031,-122.20230102539062,NAPA,UNINCORPORATED,,
91789921,2022,2022-06-07,9325,2022-06-05,0035,021896,,7,3,9,2800,0,2,4,,1,023,"SILVERADO TRAIL","YOUNTVILLE CROSS ROAD",1056.00,S,N,B,C,N,,,,,,,,,,Y,2,0,5,1,A,-,01,23152,A,N,E,I,A,B,H,-,D,D,0,,,,,Y,Y,A,01,1,2,2,0,0,0,0,0,0,"- ","- ",38.425361633300781,-122.33896636962891,NAPA,UNINCORPORATED,-122.33887481689453,38.425395965576172
90153834,2016,2016-04-08,9325,2016-04-02,1128,018599,,6,1,9,2800,0,1,3,,1,081,"SR-121 S/B","CIRCLE OAKS DR",792.00,S,N,A,-,Y,,,121,,,,,,S,N,2,0,1,1,A,-,17,21662,,N,F,A,A,A,H,-,A,D,0,,,Y,,Y,,C,02,1,0,0,0,0,0,0,0,1,"- ","- ",38.404940000000003,-122.20484999999999,NAPA,UNINCORPORATED,-122.20483071,38.404928390000002
90981311,2019,2019-05-03,9325,2019-04-26,1800,021521,,5,2,9,2800,0,1,3,,1,031,"SR-29 S/B","MANLEY LN",300.00,S,N,A,-,Y,,,29,,,,,,S,Y,2,0,2,4,A,-,01,23152,A,F,C,C,A,A,H,-,A,D,0,,,,,Y,Y,D,22,1,0,1,0,0,0,0,0,0,"- ","- ",38.451560974121094,-122.41619873046875,NAPA,UNINCORPORATED,-122.41617584228516,38.451580047607422
91036718,2019,2019-07-24,9325,2019-06-22,1115,018110,,6,1,9,2800,0,2,4,,1,082,"KNOXVILLE-BERRYESSA ROAD","SPANISH FLAT LOOP RD",2640.00,N,N,A,-,N,,,,,,,,,,Y,1,1,1,2,A,-,05,21460,A,N,A,C,A,A,H,-,A,D,0,,,Y,,Y,,C,02,1,0,0,0,0,0,0,1,1,"- ","- ",38.538631439208984,-122.23571014404297,NAPA,UNINCORPORATED,-122.23537445068359,38.539512634277344
6401378,2014,2016-03-03,9325,2014-02-12,1825,12689,,3,2,9,2800,0,1,3,,1,081,"RT 121","CIRCLE OAKS DR",1.00,S,N,A,-,Y,NAP,4,121,-,-,17.490,H,-,S,Y,2,0,1,1,A,-,03,22350,,N,F,A,A,A,H,-,D,D,0,,,Y,,Y,,C,02,1,0,0,0,0,0,0,0,1,"- ","- ",38.392850000000003,-122.20214,NAPA,UNINCORPORATED,-122.20292572,38.394420099999998
9299862,2021,2021-09-20,2802,2021-07-21,2357,320531,13,3,5,5,2802,0,0,0,,0,003,"BIG RANCH RD","CATANIA LN",75.00,N,N,A,-,N,,,,,,,,,,Y,2,0,1,1,A,-,01,23152,A,N,E,I,A,A,H,-,C,D,0,,,,,Y,Y,D,22,1,0,0,0,0,0,0,0,0,"- ","- ",,,NAPA,NAPA,-122.28971099853516,38.327812194824219
90478382,2017,2017-06-15,9325,2017-06-08,0710,019395,,4,1,9,2800,0,1,3,,1,081,SR-121,"CIRCLE OAKS DR",2112.00,S,N,C,-,Y,,,121,,,,,,,Y,2,0,1,2,A,-,03,22350,,N,A,C,A,B,H,-,A,D,0,,,,,Y,,A,07,1,0,0,0,0,0,0,0,0,"- ","- ",38.401800000000001,-122.20559,NAPA,UNINCORPORATED,-122.20545069000001,38.40180694
90625899,2017,2017-12-27,9325,2017-12-17,1245,021334,,7,1,9,2800,0,1,3,,1,080,SR-128,"WRAGG CANYON RD",30096.00,E,N,A,-,Y,,,128,,,,,,,Y,2,0,1,1,C,-,18,,,N,E,J,A,A,B,-,A,D,0,,,Y,,Y,,-,"- ",1,0,0,0,0,0,0,0,1,"- ","- ",38.508400000000002,-122.11287,NAPA,UNINCORPORATED,-122.11285602,38.508385349999998
90727687,2018,2018-05-16,9325,2018-05-06,1815,021005,,7,2,9,2800,0,3,5,,2,001,"NORTH KELLY ROAD","CAMINO DORADO",600.00,S,N,A,-,N,,,,,,,,,,Y,2,0,1,1,A,-,01,23152,A,N,F,A,A,A,H,-,A,D,0,,,Y,,Y,Y,C,02,1,0,0,0,0,0,0,0,1,"- ","- ",38.229190826416016,-122.25354766845703,NAPA,UNINCORPORATED,-122.25379943847656,38.229427337646484
93280603,2024,2024-08-02,9325,2024-04-17,1545,022560,,3,2,9,2800,0,1,3,,1,031,SR-29,"MANLEY LN",10.00,N,N,A,-,Y,NAP,,29," "," ",24.084,H,,R,Y,1,1,1,1,A,-,01,23152,F,N,E,I,A,A,H,-,A,D,0,,,,Y,Y,,-,"- ",1,0,0,0,0,0,0,0,0,"- ","- ",38.452449798583984,-122.41683959960938,NAPA,UNINCORPORATED,-122.41691589355469,38.452407836914062
94414648,2024,2024-10-01,9325,2024-09-20,1205,021449,,5,1,9,2800,0,3,5,,2,003,"YOUNT MILL ROAD","COOK ROAD",686.00,S,N,A,-,N,,,,,,,,,,N,2,0,1,2,A,-,06,21751,,N,A,G,A,A,H,-,A,D,0,,Y,,,Y,,A,01,1,0,0,0,0,0,1,0,0,"- ","- ",38.419628143310547,-122.37142181396484,NAPA,UNINCORPORATED,-122.37142944335938,38.419731140136719
6696628,2014,2015-01-06,9325,2014-10-11,1518,19067,,6,2,9,2800,0,2,4,,1,023,"SILVERADO TRL","YOUNTVILLE CROSS RD",8448.00,S,N,A,-,N,,,,,,,,,,Y,2,0,1,2,A,-,01,23152,A,N,C,C,A,A,H,-,A,D,0,,,Y,,Y,Y,C,02,1,0,0,0,0,0,0,0,1,"- ","- ",38.406390000000002,-122.33018,NAPA,UNINCORPORATED,-122.33050686,38.406786930000003
90024184,2015,2015-10-19,9325,2015-09-12,0805,015447,,6,1,9,2800,0,1,3,,2,071,SR-121,"STANLEY LN",3696.00,N,N,A,-,Y,,,121,,,,,,,Y,2,0,3,3,A,-,05,21460,C,F,A,C,A,A,H,-,A,A,0,,,,,Y,,A,01,1,0,2,0,0,0,0,0,0,"- ","- ",38.258159999999997,-122.31568,NAPA,UNINCORPORATED,-122.31568805000001,38.258208889999999
90566405,2017,2017-10-10,9325,2017-10-01,2210,021034,,7,3,5,2802,0,1,3,,1,022,"SR-29 S/B","1ST ST",684.00,S,N,A,-,Y,,,29,,,,,,S,N,2,0,1,2,A,-,11,21954,A,F,G,B,E,A,H,-,C,D,0,Y,,,,Y,Y,N,60,1,0,0,0,1,0,0,0,0,"- ","- ",38.297989999999999,-122.30235,NAPA,NAPA,-122.30229928,38.298006370000003
90751481,2018,2018-06-19,9325,2018-06-10,1300,021324,,7,1,9,2800,0,2,4,,1,082,"BERRYESSA KNOXVILLE RD","LAKE COUNTY LINE",2640.00,S,N,A,-,N,,,,,,,,,,Y,2,0,1,1,A,-,08,22107,,N,F,A,A,A,H,-,A,D,0,,,Y,,Y,,C,02,1,0,0,0,0,0,0,0,1,"- ","- ",38.851940155029297,-122.39694213867188,NAPA,UNINCORPORATED,-122.39728546142578,38.852046966552734
6290497,2014,2015-12-21,9325,2014-03-18,0707,13727,,2,1,9,2800,0,2,4,,1,023,"SILVERADO TRL","HARDMAN AV",4224.00,S,N,A,-,N,,,,,,,,,,Y,1,1,2,2,A,-,05,21460,A,N,A,C,A,A,H,-,B,D,0,,,,,Y,,A,01,0,0,2,0,0,0,0,0,0,"- ","- ",38.340609999999998,-122.26361,NAPA,UNINCORPORATED,-122.27999787,38.333287890000001
6291430,2014,2014-10-31,9325,2014-08-09,1310,019811,,6,1,9,2800,0,1,3,,1,043,"RT 128","BENNETT LN",5280.00,W,N,A,-,Y,NAP,4,128,-,-,0.610,H,-,E,Y,1,1,0,1,A,-,08,22107,,N,E,I,A,A,H,-,A,D,0,,,Y,,Y,,C,02,0,0,0,0,0,0,0,1,0,"- ","- ",38.600729999999999,-122.63441,NAPA,UNINCORPORATED,-122.63471635000001,38.600798990000001
6292426,2015,2015-07-30,9325,2015-05-22,2208,19067,,5,3,9,2800,0,3,5,,1,008,"BUTTS CANYON RD","JAMES CREEK RD",6864.00,N,N,A,-,N,,,,,,,,,,Y,1,2,0,1,A,-,01,23152,A,N,E,I,A,A,H,-,D,D,0,,,,,Y,Y,A,01,0,0,0,0,0,0,0,0,0,"- ","- ",38.675809999999998,-122.44607999999999,NAPA,UNINCORPORATED,-122.44537876,38.67454927
6394971,2014,2014-06-18,9325,2014-02-19,0920,13727,,3,1,9,2800,0,3,5,,2,002,"NORTH AV","2ND AV",0.00,,Y,A,-,N,,,,,,,,,,Y,2,0,2,2,A,-,09,21802,A,N,D,C,A,A,H,-,A,D,0,,,,,Y,,A,01,1,0,1,0,0,0,0,0,0,"- ","- ",38.30386,-122.24428,NAPA,UNINCORPORATED,-122.24434998,38.303849960000001
6428540,2014,2016-03-05,2802,2014-02-27,1647,320108,49,4,5,5,2802,0,0,0,,0,02B,"SILVERADO TRL","SOSCOL AV",25.00,N,N,B,-,Y,NAP,4,121,-,-,6.580,H,-,S,Y,2,0,1,2,A,-,03,22350,,N,A,C,A,A,H,-,A,D,0,,,Y,,Y,,C,02,1,0,0,0,0,0,0,0,1,"- ","- ",,,NAPA,NAPA,-122.27537431,38.288561289999997
6434214,2014,2015-11-12,9325,2014-03-20,1400,018400,,4,2,9,2800,0,1,3,,1,031,"RT 29","RUTHERFORD RD",1584.00,N,N,A,-,Y,NAP,4,29,-,-,24.900,H,-,N,Y,2,0,1,1,A,-,08,22107,,N,E,I,A,A,H,-,A,D,0,,,,,Y,,A,07,1,0,0,0,0,0,0,0,0,"- ","- ",38.460979999999999,-122.42475,NAPA,UNINCORPORATED,-122.42581967,38.462462469999998
6435934,2014,2015-11-12,9325,2014-03-26,0700,015786,,3,1,9,2800,0,1,3,,1,044,"RT 29","LAKE COUNTY LINE",2640.00,S,N,B,C,Y,NAP,4,29,-,-,48.080,H,-,N,Y,2,0,3,3,A,-,05,21460,A,N,A,C,A,B,H,-,D,D,0,,,,,Y,,A,01,1,1,1,0,0,0,0,0,0,"- ","- ",38.673549999999999,-122.59148,NAPA,UNINCORPORATED,-122.58861698,38.669236660000003
6509618,2014,2014-08-05,9325,2014-05-17,1100,014728,,6,1,9,2800,0,3,5,,2,004,"BUTTS CANYON RD","AETNA SPRINGS RD",15840.00,N,N,A,-,N,,,,,,,,,,N,2,0,1,1,A,-,03,22350,,N,H,I,A,A,G,-,A,D,0,,Y,,,Y,,L,04,1,0,0,0,0,0,1,0,0,"- ","- ",38.690049999999999,-122.44598999999999,NAPA,UNINCORPORATED,-122.44655951999999,38.686737100000002
6517023,2014,2014-08-11,2802,2014-06-17,0752,320385,35,2,5,5,2802,0,0,0,,0,01A,"CLAY ST","JEFFERSON ST",0.00,,Y,A,-,N,,,,,,,,,,N,2,0,1,2,A,-,10,21950,A,N,G,B,B,A,H,-,A,A,0,Y,,,,Y,,A,01,1,0,0,0,1,0,0,0,0,"- ","- ",,,NAPA,NAPA,-122.29325992,38.298269929999996
6528568,2014,2016-01-28,9325,2014-06-07,2340,019972,,6,3,9,2800,0,1,3,,1,041,"RT 29","BYRD HILL RD",50.00,S,N,A,-,Y,NAP,4,29,-,-,30.840,H,-,S,Y,2,0,2,2,A,-,01,23152,A,N,A,C,A,A,H,-,D,D,0,,,,,Y,Y,A,01,1,1,0,0,0,0,0,0,0,"- ","- ",38.526699999999998,-122.4973,NAPA,UNINCORPORATED,-122.49796703,38.525545270000002
6531774,2014,2016-04-12,9325,2014-06-24,0940,14728,,2,1,9,2800,0,1,3,,2,071,"RT 121","DUHIG RD",249.00,E,N,A,-,Y,NAP,4,121,-,-,2.040,H,-,N,Y,2,0,1,2,A,-,03,22350,,N,C,C,A,A,H,-,A,D,0,,,,,Y,,D,22,1,0,0,0,0,0,0,0,0,"- ","- ",38.255800000000001,-122.34573,NAPA,UNINCORPORATED,-122.3449452,38.255722280000001
6542623,2014,2016-05-10,9325,2014-06-17,1815,19481,,2,2,9,2800,0,1,3,,1,012,"RT 12","SOUTH KELLY RD",0.00,,Y,A,-,Y,NAP,4,12,-,-,0.240,I,5,E,Y,2,0,2,2,A,-,12,21453,A,N,D,C,A,A,H,-,A,A,0,,,Y,,Y,Y,A,01,1,1,0,0,0,0,0,0,1,"- ","- ",38.222470000000001,-122.25315000000001,NAPA,UNINCORPORATED,-122.2533189,38.222609009999999
6576707,2014,2014-08-16,2800,2014-07-30,1759,250404,20207,3,5,2,2805,0,0,0,,0,002,FLOSDEN,"CANYON CREEK",0.00,,Y,A,-,N,,,,,,,,,,N,2,0,1,2,A,-,03,22350,,N,G,B,B,A,H,-,A,A,0,Y,,,,Y,,A,01,1,0,0,0,1,0,0,0,0,"- ","- ",,,NAPA,"AMERICAN CANYON",-122.23985999,38.162219960000002
6577804,2014,2014-08-26,2802,2014-07-26,1133,185,11,6,5,5,2802,0,0,0,,0,003,"JEFFERSON ST","SIERRA AV",0.00,,Y,A,-,N,,,,,,,,,,N,2,0,1,2,A,-,10,21950,A,N,G,B,B,A,H,-,A,D,0,Y,,,,Y,,A,01,1,0,0,0,1,0,0,0,0,"- ","- ",,,NAPA,NAPA,-122.30484994,38.328789929999999
6603722,2014,2014-09-09,9325,2014-08-09,2035,019864,,6,2,9,2800,0,1,3,,1,044,"RT 29","TUBBS LN",24288.00,N,N,A,-,Y,,,,,,,,,,Y,2,0,2,2,A,-,05,21460,A,N,A,C,A,A,H,-,B,D,0,,,,,Y,,A,07,1,0,1,0,0,0,0,0,0,"- ","- ",37.645690000000002,-122.59003,NAPA,UNINCORPORATED,-122.5924768,38.645166000000003
6664892,2014,2014-11-13,2802,2014-09-24,0747,320068,324,3,5,5,2802,0,0,0,,0,04B,"OLD SONOMA RD","FREEWAY DR EXTENTION",186.00,W,N,B,-,N,,,,,,,,,,N,2,0,2,2,A,-,10,21950,A,N,G,B,C,A,H,-,A,D,0,Y,,,,Y,,A,01,1,0,1,0,1,0,0,0,0,"- ","- ",,,NAPA,NAPA,-122.30322361,38.287748530000002