CASE_ID,ACCIDENT_YEAR,PROC_DATE,JURIS,COLLISION_DATE,COLLISION_TIME,OFFICER_ID,REPORTING_DISTRICT,DAY_OF_WEEK,CHP_SHIFT,POPULATION,CNTY_CITY_LOC,SPECIAL_COND,BEAT_TYPE,CHP_BEAT_TYPE,CITY_DIVISION_LAPD,CHP_BEAT_CLASS,BEAT_NUMBER,PRIMARY_RD,SECONDARY_RD,DISTANCE,DIRECTION,INTERSECTION,WEATHER_1,WEATHER_2,STATE_HWY_IND,CALTRANS_COUNTY,CALTRANS_DISTRICT,STATE_ROUTE,ROUTE_SUFFIX,POSTMILE_PREFIX,POSTMILE,LOCATION_TYPE,RAMP_INTERSECTION,SIDE_OF_HWY,TOW_AWAY,COLLISION_SEVERITY,NUMBER_KILLED,NUMBER_INJURED,PARTY_COUNT,PRIMARY_COLL_FACTOR,PCF_CODE_OF_VIOL,PCF_VIOL_CATEGORY,PCF_VIOLATION,PCF_VIOL_SUBSECTION,HIT_AND_RUN,TYPE_OF_COLLISION,MVIW,PED_ACTION,ROAD_SURFACE,ROAD_COND_1,ROAD_COND_2,LIGHTING,CONTROL_DEVICE,CHP_ROAD_TYPE,PEDESTRIAN_ACCIDENT,BICYCLE_ACCIDENT,MOTORCYCLE_ACCIDENT,TRUCK_ACCIDENT,NOT_PRIVATE_PROPERTY,ALCOHOL_INVOLVED,STWD_VEHTYPE_AT_FAULT,CHP_VEHTYPE_AT_FAULT,COUNT_SEVERE_INJ,COUNT_VISIBLE_INJ,COUNT_COMPLAINT_PAIN,COUNT_PED_KILLED,COUNT_PED_INJURED,COUNT_BICYCLIST_KILLED,COUNT_BICYCLIST_INJURED,COUNT_MC_KILLED,COUNT_MC_INJURED,PRIMARY_RAMP,SECONDARY_RAMP,LATITUDE,LONGITUDE,COUNTY,CITY,POINT_X,POINT_Y
6678127,2015,2016-02-18,2802,2015-11-15,0138,320137,19,7,5,5,2802,0,0,0,,0,04A,"REDWOOD RD","YOUNG AV",50.00,W,N,B,C,N,,,,,,,,,,Y,1,1,0,1,A,-,01,23152,A,N,E,J,A,B,H,-,C,D,0,,,,,Y,Y,A,01,0,0,0,0,0,0,0,0,0,"- ","- ",,,NAPA,NAPA,-122.32074009,38.319169889999998
6679438,2014,2014-12-19,9325,2014-10-11,1040,019164,,6,1,9,2800,0,3,5,,2,003,"SPRING MOUNTAIN RD","LANGTRY RD",1056.00,E,N,A,-,N,,,,,,,,,,N,2,0,1,2,A,-,05,21460,A,N,H,G,A,A,H,-,A,D,0,,Y,,,Y,,L,04,1,0,0,0,0,0,1,0,0,"- ","- ",38.517949999999999,-122.52413,NAPA,UNINCORPORATED,-122.524328,38.517142
6686593,2014,2014-12-03,2802,2014-10-04,1751,320108,23,6,5,5,2802,0,0,0,,0,003,"TRANCAS ST","OLD SOSCOL WY",0.00,,Y,A,-,N,,,,,,,,,,Y,2,0,1,2,A,-,01,21200,5,N,D,G,A,A,H,-,A,A,0,,Y,,,Y,Y,L,04,1,0,0,0,0,0,1,0,0,"- ","- ",,,NAPA,NAPA,-122.28514993,38.324899909999999
6696612,2014,2016-06-13,9325,2014-10-14,1411,18108,,2,2,9,2800,0,1,3,,1,031,"RT 29","OAKVILLE CROSS RD",2500.00,N,N,B,-,Y,NAP,4,29,-,-,23.250,H,-,N,Y,2,0,2,1,C,-,18,,,N,F,A,A,A,H,-,A,D,0,,,Y,,Y,,-,"- ",1,1,0,0,0,0,0,0,2,"- ","- ",38.442680000000003,-122.40808,NAPA,UNINCORPORATED,-122.4084211,38.4429461
6696743,2014,2015-01-05,2802,2014-10-18,0233,188,41,6,5,5,2802,0,0,0,,0,02B,"SHURTLEFF AV","PEPPERGRASS ST",60.00,S,N,A,-,N,,,,,,,,,,Y,2,0,1,1,A,-,01,23152,A,N,E,I,A,A,H,-,C,D,0,,,,,Y,Y,A,01,1,0,0,0,0,0,0,0,0,"- ","- ",,,NAPA,NAPA,-122.26527929,38.28990151
6709993,2014,2016-06-13,9325,2014-11-02,2152,19625,,7,2,9,2800,0,1,3,,1,011,"RT 29","SOSCOL FERRY RD",0.00,,Y,A,-,Y,NAP,4,29,-,R,6.196,I,5,S,Y,2,0,2,2,A,-,01,23152,A,N,D,C,A,A,H,-,D,A,5,,,,,Y,Y,A,01,1,1,0,0,0,0,0,0,0,"- ","- ",38.241509999999998,-122.26925,NAPA,UNINCORPORATED,-122.26921502,38.241325320000001
6718370,2015,2015-03-20,9325,2015-01-12,0530,20261,,1,3,9,2800,0,1,3,,1,031,"RT 29","OAKVILLE GRADE RD",2640.00,S,N,E,-,Y,NAP,4,29,-,-,22.020,H,-,N,Y,1,1,0,2,A,-,06,21751,,N,A,C,A,B,H,-,D,D,0,,,,,Y,,A,01,0,0,0,0,0,0,0,0,0,"- ","- ",38.427669999999999,-122.3948,NAPA,UNINCORPORATED,-122.39457505999999,38.427644600000001
6730903,2014,2015-01-20,9325,2014-11-15,0948,019164,,6,1,9,2800,0,3,5,,2,002,"SHETLER AV","PARRISH RD",0.00,,Y,A,-,N,,,,,,,,,,Y,2,0,2,2,A,-,12,22450,A,N,D,C,A,A,H,-,A,A,0,,,Y,,Y,,C,02,1,0,1,0,0,0,0,0,1,"- ","- ",38.282670000000003,-122.26553,NAPA,UNINCORPORATED,-122.26553998999999,38.282709930000003
6735401,2014,2015-02-17,2802,2014-12-30,1802,186,28,2,5,5,2802,0,0,0,,0,003,"LINCOLN AV","SOSCAL AV",300.00,S,N,A,-,N,,,,,,,,,,N,2,0,1,2,A,-,11,21954,A,N,G,B,D,A,H,-,C,D,0,Y,,,,Y,Y,N,60,1,0,0,0,1,0,0,0,0,"- ","- ",,,NAPA,NAPA,-122.28525999999999,38.310250000000003
6775620,2014,2016-06-18,2802,2014-12-14,1944,320339,74,7,5,5,2802,0,0,0,,0,04B,"RT 12","RT 29",0.00,,Y,B,-,Y,NAP,4,29,-,R,8.657,I,5,N,Y,2,0,1,2,A,-,12,21453,A,N,D,C,A,A,H,-,C,A,0,,,,,Y,Y,A,01,1,0,0,0,0,0,0,0,0,"- ","- ",,,NAPA,NAPA,-122.30262492,38.257542989999997
6779250,2014,2016-06-17,9325,2014-12-29,1835,19481,,1,2,9,2800,0,1,3,,1,044,"RT 29","LAKE COUNTY LINE",5808.00,S,N,A,-,Y,NAP,4,29,-,-,47.480,H,-,N,Y,1,1,2,2,A,-,03,22350,,N,E,I,A,A,H,-,D,D,0,,,,,Y,,A,01,0,2,0,0,0,0,0,0,0,"- ","- ",38.665689999999998,-122.59207000000001,NAPA,UNINCORPORATED,-122.59574304,38.666594529999998
6779586,2014,2015-02-12,9325,2014-12-14,1135,019067,,7,1,9,2800,0,3,5,,2,003,"HOWELL MOUNTAIN RD","INK GRADE RD",5280.00,N,N,B,-,N,,,,,,,,,,N,2,0,1,1,A,-,03,22350,,N,F,A,A,B,H,-,A,D,0,,Y,,,Y,,L,04,1,0,0,0,0,0,1,0,0,"- ","- ",38.601100000000002,-122.43741,NAPA,UNINCORPORATED,-122.43879482,38.601575029999999
6795036,2015,2015-02-23,2802,2015-01-06,0754,320137,7,2,5,5,2802,0,0,0,,0,003,"TROWER AV","TROWER AV 1140",15.00,N,N,A,-,N,,,,,,,,,,N,2,0,1,2,A,-,21,22106,,N,G,B,F,A,H,-,A,D,0,Y,,,,Y,,A,01,1,0,0,0,1,0,0,0,0,"- ","- ",,,NAPA,NAPA,,
6820606,2015,2015-03-11,2802,2015-02-07,2245,320119,25,6,5,5,2802,0,0,0,,0,04A,"W LINCOLN AV","SOLANO AV",0.00,,Y,A,-,N,,,,,,,,,,Y,2,0,1,2,A,-,01,23152,A,N,A,C,A,A,H,-,C,A,0,,,,,Y,Y,A,01,1,0,0,0,0,0,0,0,0,"- ","- ",,,NAPA,NAPA,-122.30631986,38.30652989
6821377,2015,2016-10-26,2800,2015-02-08,2258,250301,20212,7,5,2,2805,0,0,0,,0,002,"RT 29","NAPA JUNCTION RD",0.00,,Y,B,-,Y,NAP,4,29,-,R,2.054,I,5,N,Y,2,0,3,2,A,-,09,21453,C,N,D,C,A,B,H,-,C,A,0,,,,,Y,,A,01,1,0,2,0,0,0,0,0,0,"- ","- ",,,NAPA,"AMERICAN CANYON",-122.25517991,38.184871989999998
6876730,2015,2015-04-27,2802,2015-04-10,2030,320301,32,5,5,5,2802,0,0,0,,0,02A,"SILVERADO TRL","BERNA AV",0.00,,Y,A,-,N,,,,,,,,,,Y,2,0,2,2,A,-,05,21460,A,N,A,C,A,A,H,-,D,A,0,,,Y,,Y,,O,05,1,0,1,0,0,0,0,0,1,"- ","- ",,,NAPA,NAPA,-122.27781999,38.304379949999998
6899576,2015,2016-11-05,9325,2015-04-20,1140,12689,,1,1,9,2800,0,1,3,,1,011,"RT 29","SOUTH KELLY RD",45.00,S,N,A,-,Y,NAP,4,29,-,-,3.600,H,-,N,Y,2,0,1,2,A,-,03,22350,,N,C,C,A,A,H,-,A,A,5,,,,Y,Y,,A,01,1,0,0,0,0,0,0,0,0,"- ","- ",38.207479999999997,-122.25588,NAPA,UNINCORPORATED,-122.25603418999999,38.207505930000004
6913256,2015,2015-05-15,9325,2015-04-24,1620,013727,,5,2,9,2800,0,2,4,,1,042,"SILVERADO TRL","CLOVER FLAT RD",2640.00,N,N,B,-,N,,,,,,,,,,Y,2,0,1,1,A,-,03,22350,,N,F,A,A,A,H,-,A,D,0,,,Y,,Y,,C,02,1,0,0,0,0,0,0,0,1,"- ","- ",38.576059999999998,-122.54013,NAPA,UNINCORPORATED,-122.53879823,38.577134430000001
6927430,2015,2016-12-09,9325,2015-05-01,1320,19625,,5,1,9,2800,0,1,3,,1,081,"RT 121","CIRCLE OAKS DR",2112.00,S,N,A,-,Y,NAP,4,121,-,-,18.090,H,-,N,N,2,0,1,2,A,-,05,21460,A,N,B,C,A,A,H,-,A,A,0,,,Y,,Y,,A,01,1,0,0,0,0,0,0,0,1,"- ","- ",38.402119999999996,-122.20816000000001,NAPA,UNINCORPORATED,-122.20545069000001,38.40180694
6944231,2015,2016-12-09,9325,2015-05-05,1020,014728,,2,1,9,2800,0,1,3,,1,021,"RT 121","VICHY AV",23760.00,N,N,A,-,Y,NAP,4,121,-,-,15.150,H,-,S,Y,2,0,1,2,A,-,05,21460,A,N,D,C,A,A,H,-,A,D,0,,,,Y,Y,,D,22,1,0,0,0,0,0,0,0,0,"- ","- ",38.362290000000002,-122.20158000000001,NAPA,UNINCORPORATED,-122.20198929,38.364137909999997
6944503,2015,2016-11-05,9325,2015-05-22,1340,19123,,5,1,9,2800,0,1,3,,1,044,"RT 29","TUBBS LN",5280.00,N,N,A,-,Y,NAP,4,29,-,-,40.450,H,-,N,Y,2,0,1,2,A,-,08,22107,,N,B,C,A,A,H,-,A,D,0,,,Y,,Y,,C,02,1,0,0,0,0,0,0,0,1,"- ","- ",38.613509999999998,-122.59674,NAPA,UNINCORPORATED,-122.59699569,38.612426139999997
6944676,2015,2015-06-23,9325,2015-05-14,2128,019024,,4,2,9,2800,0,3,5,,2,002,"ATLAS PEAK RD","WESTGATE DR",7920.00,N,N,A,-,N,,,,,,,,,,Y,2,0,4,1,A,-,03,22350,,N,E,I,A,A,H,-,D,D,0,,,,,Y,,A,01,1,2,1,0,0,0,0,0,0,"- ","- ",38.368580000000001,-122.25192,NAPA,UNINCORPORATED,-122.2519573,38.36857054
6959193,2015,2016-11-05,9325,2015-06-07,0209,20464,,7,3,9,2800,0,1,3,,1,044,"RT 29","OLD LAWLEY TOLL RD",2640.00,S,N,A,-,Y,NAP,4,29,-,-,42.580,H,-,N,Y,2,0,1,1,A,-,03,22350,,N,E,I,A,A,H,-,D,D,0,,,,,Y,,A,01,1,0,0,0,0,0,0,0,0,"- ","- ",38.641399999999997,-122.59690000000001,NAPA,UNINCORPORATED,-122.60007226,38.638728790000002
6981542,2015,2016-12-02,9325,2015-06-13,0540,019024,,6,3,9,2800,0,1,3,,1,012,"RT 12","KIRKLAND RANCH RD",1584.00,W,N,A,-,Y,NAP,4,12,-,-,1.020,H,-,W,Y,2,0,1,1,A,-,01,23152,E,N,E,I,A,A,H,-,A,D,0,,,,,Y,,A,07,1,0,0,0,0,0,0,0,0,"- ","- ",38.221499999999999,-122.23999999999999,NAPA,UNINCORPORATED,-122.24040208,38.22139035
7002018,2015,2015-07-24,9325,2015-07-06,1940,19024,,1,2,9,2800,0,3,5,,1,008,"KNOXVILLE RD","SPANISH FLAT LOOP RD",190.00,N,N,A,-,N,,,,,,,,,,Y,2,0,3,1,A,-,01,23152,A,N,E,J,A,A,B,D,A,D,0,,,,,Y,Y,A,01,1,2,0,0,0,0,0,0,0,"- ","- ",38.535159999999998,-122.22976,NAPA,UNINCORPORATED,-122.22988844,38.535194789999998
7002135,2015,2016-12-09,9325,2015-06-27,1740,019972,,6,2,9,2800,0,1,3,,1,021,"RT 121","VICHY AV",1056.00,N,N,A,-,Y,NAP,4,121,-,-,11.490,H,-,S,Y,2,0,1,2,A,-,05,21460,A,F,A,C,A,A,H,-,A,D,0,,,Y,,Y,,A,01,1,0,0,0,0,0,0,0,1,"- ","- ",38.345440000000004,-122.24789,NAPA,UNINCORPORATED,-122.24835241,38.345483610000002
7002143,2015,2016-11-05,9325,2015-06-28,0935,019864,,7,1,9,2800,0,1,3,,1,044,"RT 29","TUBBS LN",3168.00,N,N,A,-,Y,NAP,4,29,-,-,41.100,H,-,S,Y,2,0,1,2,A,-,03,22350,,N,C,C,A,A,H,-,A,D,0,,,Y,,Y,,C,02,1,0,0,0,0,0,0,0,1,"- ","- ",38.612569999999998,-122.5971,NAPA,UNINCORPORATED,-122.59707895,38.620490160000003
7006707,2015,2016-04-13,2800,2015-10-24,2330,250388,,6,5,2,2805,0,0,0,,0,,"RT 29","EUCALYPTUS DR",0.00,,Y,A,-,Y,NAP,4,29,-,-,1.660,I,5,N,Y,1,1,1,2,A,-,01,23152,A,N,D,C,A,A,H,-,C,A,0,,,,,Y,Y,D,22,1,0,0,0,0,0,0,0,0,"- ","- ",,,NAPA,"AMERICAN CANYON",-122.25461391,38.179168990000001
7008492,2015,2015-08-10,9325,2015-07-12,1135,015447,,7,1,9,2800,0,3,5,,1,008,"CHILES POPE VALLEY RD","LOWER CHILES VALLEY RD",4224.00,S,N,A,-,N,,,,,,,,,,Y,2,0,1,1,A,-,03,22350,,N,E,I,A,A,H,-,A,D,0,,,Y,,Y,,C,02,1,0,0,0,0,0,0,0,1,"- ","- ",38.526470000000003,-122.34566,NAPA,UNINCORPORATED,-122.34517935,38.526771009999997
7106472,2015,2017-01-14,2800,2015-10-19,0929,250322,10204,1,5,2,2805,0,0,0,,0,001,BROADWAY,"RIO DEL MAR",0.00,,Y,A,-,Y,NAP,4,29,-,-,1.660,I,5,S,Y,2,0,1,2,A,-,03,22350,,N,D,C,A,A,H,-,A,A,0,,,,Y,Y,,G,25,1,0,0,0,0,0,0,0,0,"- ","- ",,,NAPA,"AMERICAN CANYON",-122.25485217000001,38.179128800000001
7112556,2015,2015-11-07,2802,2015-10-25,1802,196,30,7,5,5,2802,0,0,0,,0,01A,"F ST","F ST 1706",59.00,S,N,A,-,N,,,,,,,,,,N,2,0,1,1,B,-,22,,,N,E,J,A,A,H,-,A,D,0,,,Y,,Y,,C,02,1,0,0,0,0,0,0,0,1,"- ","- ",,,NAPA,NAPA,,
7172173,2016,2017-02-11,2801,2016-01-07,1120,147,3,4,5,2,2801,0,0,0,,0,,"RT 29","MPM 36.40",3.00,N,N,A,-,Y,NAP,4,29,-,-,36.410,H,-,N,Y,2,0,2,2,A,-,05,21460,,N,A,C,A,B,H,-,A,D,0,,,,,Y,,D,82,2,0,0,0,0,0,0,0,0,"- ","- ",,,NAPA,CALISTOGA,-122.57240679,38.573093460000003
7184561,2016,2017-02-11,2801,2016-01-26,1505,178,4,2,5,2,2801,0,0,0,,0,,"RT 128","BERRY ST",0.00,,Y,A,-,Y,NAP,4,128,-,-,4.350,I,6,W,Y,2,0,1,2,A,-,09,21802,,N,D,C,A,A,H,-,A,A,0,,,,,Y,,A,01,1,0,0,0,0,0,0,0,0,"- ","- ",,,NAPA,CALISTOGA,-122.58385156999999,38.576440169999998
7199658,2016,2016-05-24,2801,2016-04-29,2115,94,5,5,5,2,2801,0,0,0,,0,,WASHINGTON,2ND,129.00,W,N,A,-,N,,,,,,,,,,Y,1,1,0,5,A,-,08,22107,,N,A,E,A,A,H,-,C,D,0,,,,,Y,Y,A,01,0,0,0,0,0,0,0,0,0,"- ","- ",,,NAPA,CALISTOGA,-122.58139113,38.579360579999999
8048999,2016,2016-06-02,2802,2016-05-17,2101,320344,9,2,5,5,2802,0,0,0,,0,04A,"KAYWOODIE ST","SOLANO AV",0.00,,Y,A,-,N,,,,,,,,,,Y,2,0,1,2,A,-,08,22103,,N,D,C,A,A,H,-,C,A,0,,,Y,,Y,Y,D,22,1,0,0,0,0,0,0,0,1,"- ","- ",,,NAPA,NAPA,-122.31565999,38.328109929999997
8072613,2016,2017-02-17,2801,2016-06-12,1509,181,4,7,5,2,2801,0,0,0,,0,,"RT 128","WHITE LN",10.00,W,N,A,-,Y,NAP,4,29,-,-,27.160,H,-,S,Y,2,0,2,1,C,-,18,,,N,H,H,A,A,H,-,A,D,0,,,,,Y,,-,"- ",1,0,1,0,0,0,0,0,0,"- ","- ",,,NAPA,CALISTOGA,-122.45002674,38.488871459999999
8105720,2016,2017-03-02,2800,2016-08-03,2230,250334,30402,3,5,2,2804,0,0,0,,0,001,"RT 29","MADISON ST",313.00,S,N,A,-,Y,NAP,4,29,-,-,19.720,H,-,N,Y,2,0,2,2,A,-,05,21651,A,N,D,C,A,A,H,-,D,D,0,,,,,Y,Y,A,01,1,0,1,0,0,0,0,0,0,"- ","- ",,,NAPA,YOUNTVILLE,-122.36789059,38.405430350000003
8123643,2016,2016-11-04,2802,2016-09-05,0833,320448,39,1,5,5,2802,0,0,0,,0,02B,"SOSCOL AV","6TH ST",84.00,N,N,A,-,N,,,,,,,,,,Y,2,0,1,2,A,-,08,22107,,N,C,C,A,A,H,-,A,D,0,,,Y,,Y,,C,02,1,0,0,0,0,0,0,0,1,"- ","- ",,,NAPA,NAPA,-122.28076304,38.296431320000003
82326531,2024,2024-03-01,2802,2024-01-21,1752,133,,7,5,5,2802,0,0,0,,0,001,"3RD ST","COOMBS ST",0.00,,Y,C,-,N,,,,,,,,,,N,2,0,1,2,A,-,10,21950,A,N,G,B,B,B,H,-,C,A,0,Y,,,,Y,,D,22,1,0,0,0,1,0,0,0,0,"- ","- ",,,NAPA,NAPA,-122.28575134277344,38.297096252441406
82337856,2024,2024-03-14,2802,2024-03-08,"310 ",222,,5,5,5,2802,0,0,0,,0,002,"3RD ST","SOSCOL AVE",0.00,,Y,A,-,N,,,,,,,,,,Y,2,0,1,1,A,-,01,23152,B,N,E,I,A,A,H,-,C,A,0,,,,,Y,Y,A,08,1,0,0,0,0,0,0,0,0,"- ","- ",38.298561096191406,-122.28230285644531,NAPA,NAPA,-122.2823486328125,38.298538208007812
82435713,2024,2024-07-11,2802,2024-07-01,2318,199,,1,5,5,2802,0,0,0,,0,001,"MAIN ST","JACKSON ST",200.00,S,N,A,-,N,,,,,,,,,,Y,2,0,1,2,A,-,00,23153,F,N,C,E,A,A,H,-,C,D,0,,,,,Y,,A,01,1,0,0,0,0,0,0,0,0,"- ","- ",38.306098937988281,-122.2911376953125,NAPA,NAPA,-122.29071044921875,38.305637359619141
8346573,2017,2017-04-14,2802,2017-03-30,1712,320108,23,4,5,5,2802,0,0,0,,0,003,"SOSCOL AV","PUEBLO AV",100.00,N,N,A,-,N,,,,,,,,,,N,2,0,1,2,A,-,08,22107,,N,F,A,A,A,H,-,A,D,0,,,,,Y,,A,01,1,0,0,0,0,0,0,0,0,"- ","- ",,,NAPA,NAPA,-122.28519,38.31824469
8380314,2017,2017-06-07,2802,2017-05-05,2029,199,12,5,5,5,2802,0,0,0,,0,003,"BIG RANCH RD","ROSEWOOD LN",0.00,,Y,A,-,N,,,,,,,,,,Y,2,0,1,3,A,-,09,21801,A,N,H,E,A,A,H,-,B,A,0,,,Y,,Y,,A,01,1,0,0,0,0,0,0,0,1,"- ","- ",,,NAPA,NAPA,-122.29411991000001,38.335959959999997
8432579,2016,2017-11-08,2802,2016-11-11,0519,320137,19,5,5,5,2802,0,0,0,,0,04A,"REDWOOD RD","MACLEOD ST",0.00,,Y,A,-,N,,,,,,,,,,Y,2,0,1,3,A,-,01,23152,E,N,C,E,A,A,H,-,C,A,0,,,,,Y,Y,A,07,1,0,0,0,0,0,0,0,0,"- ","- ",,,NAPA,NAPA,-122.32265987,38.31882993
8440144,2017,2018-06-05,2802,2017-08-24,1333,320448,58,4,5,5,2802,0,0,0,,0,04A,"W IMOLA AV","RT 29",0.00,,Y,A,-,Y,NAP,4,29,-,-,10.480,R,4,N,N,2,0,1,2,D,-,00,,,N,D,C,A,A,H,-,A,A,0,,,Y,,Y,,-,"- ",1,0,0,0,0,0,0,0,1,"- ","- ",,,NAPA,NAPA,-122.30038152,38.284491469999999
8464403,2017,2017-12-07,2801,2017-10-04,2017,115,5,3,5,2,2801,0,0,0,,0,,"STEVENSON ST","GRANT ST",0.00,,Y,A,-,N,,,,,,,,,,N,2,0,1,1,A,-,12,22450,,N,H,-,A,A,H,-,D,A,0,,Y,,,Y,,L,04,1,0,0,0,0,0,1,0,0,"- ","- ",,,NAPA,CALISTOGA,-122.57768989,38.583069989999998
8465610,2018,2019-02-08,2802,2018-05-31,1058,320133,31,4,5,5,2802,0,0,0,,0,01A,"SOSCOL AV","TANEN ST",0.00,,Y,A,-,N,,,,,,,,,,Y,1,1,0,2,A,-,10,21950,A,N,A,B,B,A,H,-,A,D,0,Y,,,,Y,,D,22,0,0,0,1,0,0,0,0,0,"- ","- ",,,NAPA,NAPA,-122.28518676757812,38.306098937988281
8466946,2017,2017-10-12,2802,2017-09-19,0658,320425,36,2,5,5,2802,0,0,0,,0,01A,"JEFFERSON ST","POLK ST",0.00,,Y,A,-,N,,,,,,,,,,Y,2,0,3,2,A,-,05,21460,A,N,A,C,A,A,H,-,A,A,0,,,,,Y,,A,01,2,0,1,0,0,0,0,0,0,"- ","- ",,,NAPA,NAPA,-122.29312988,38.299080000000004
84669491,2025,2025-04-30,2802,2025-04-21,1855,320601,,1,5,5,2802,0,0,0,,0,003,"SOSCOL AVE","JACKSON ST",40.00,N,N,A,-,N,,,,,,,,,,Y,2,0,2,2,A,-,03,22350,,F,D,C,A,A,H,-,A,A,0,,,,,Y,,D,22,1,1,0,0,0,0,0,0,0,"- ","- ",38.308521270751953,-122.28514099121094,NAPA,NAPA,-122.28520202636719,38.308681488037109
8472254,2017,2018-05-18,2802,2017-09-20,1656,320113,58,3,5,5,2802,0,0,0,,0,04A,"1ST ST","RT 29",0.00,,Y,B,-,Y,NAP,4,29,-,-,11.361,R,4,N,Y,2,0,2,2,A,-,12,22450,A,N,D,C,A,A,H,-,A,A,0,,,,,Y,,A,07,1,1,0,0,0,0,0,0,0,"- ","- ",,,NAPA,NAPA,-122.301328,38.298687000000001
8473315,2017,2017-11-02,2802,2017-10-14,1424,320447,51,6,5,5,2802,0,0,0,,0,02B,"SHURTLEFF AV",SEVILLE,15.00,N,N,A,-,N,,,,,,,,,,Y,2,0,1,2,A,-,01,23152,F,N,E,I,A,A,H,-,A,D,0,,,,,Y,Y,A,01,1,0,0,0,0,0,0,0,0,"- ","- ",,,NAPA,NAPA,-122.26380733000001,38.286938839999998
8504044,2017,2018-06-15,2801,2017-11-27,0042,186,1,1,5,2,2801,0,0,0,,0,,"RT 29","BRANNAN ST",345.00,S,N,C,-,Y,NAP,4,29,-,-,37.450,H,-,N,Y,2,0,1,1,A,-,01,23152,B,N,A,I,A,B,H,-,C,D,0,,,,,Y,Y,A,07,1,0,0,0,0,0,0,0,0,"- ","- ",,,NAPA,CALISTOGA,-122.57637314,38.582642960000001
8727082,2018,2019-01-14,2802,2018-10-18,0916,320137,3,4,5,5,2802,0,0,0,,0,003,"RT 29","WINE COUNTRY AV",0.00,,Y,A,-,Y,NAP,4,29,-,-,14.320,I,5,N,Y,2,0,1,2,A,-,12,21453,A,N,D,C,A,A,H,-,A,A,0,,,,Y,Y,,A,01,1,0,0,0,0,0,0,0,0,"- ","- ",,,NAPA,NAPA,-122.32159423828125,38.336227416992188
8761801,2019,2019-02-01,2802,2019-01-02,1831,320336,31,3,5,5,2802,0,0,0,,0,01A,"BROWN ST","YOUNT ST",0.00,,Y,A,-,N,,,,,,,,,,N,2,0,1,2,A,-,10,21950,A,N,G,B,B,A,H,-,C,A,0,Y,,,,Y,,D,22,1,0,0,0,1,0,0,0,0,"- ","- ",,,NAPA,NAPA,-122.29032897949219,38.303630828857422
8791888,2019,2019-02-26,2802,2019-01-21,0617,320455,412,1,5,5,2802,0,0,0,,0,02B,"SOSCOL AV","W IMOLA AV",200.00,N,N,A,-,Y,NAP,4,121,-,-,6.030,H,-,S,N,2,0,1,2,A,-,03,22350,,F,B,B,D,B,H,-,C,A,0,Y,,,,Y,,-,99,1,0,0,0,1,0,0,0,0,"- ","- ",,,NAPA,NAPA,-122.27429962158203,38.280517578125
8822547,2019,2019-05-07,2802,2019-03-11,2001,320503,3,1,5,5,2802,0,0,0,,0,003,"RT 29","SALVADOR AV",0.00,,Y,A,-,Y,NAP,4,29,-,-,14.610,I,5,N,Y,2,0,3,2,D,-,00,,,N,A,C,A,A,H,-,C,A,0,,,,,Y,,-,"- ",1,0,2,0,0,0,0,0,0,"- ","- ",,,NAPA,NAPA,-122.32433319091797,38.339786529541016
8858385,2019,2019-05-24,2802,2019-01-15,1842,320133,64,2,5,5,2802,0,0,0,,0,02A,"SOSCOL AV","LINCOLN AV",226.00,S,N,C,G,N,,,,,,,,,,N,2,0,1,2,A,-,11,21954,A,F,G,B,D,B,H,-,C,D,0,Y,,,,Y,,N,60,1,0,0,0,1,0,0,0,0,"- ","- ",,,NAPA,NAPA,-122.28524017333984,38.309627532958984
8859463,2019,2020-02-27,2802,2019-05-13,1409,320501,404,1,5,5,2802,0,0,0,,0,003,"JEFFERSON ST","SHERIDAN DR",0.00,,Y,A,-,N,,,,,,,,,,N,2,0,3,3,A,-,09,21801,A,N,A,C,A,A,H,-,A,A,0,,,,,Y,,A,01,1,0,2,0,0,0,0,0,0,"- ","- ",,,NAPA,NAPA,-122.29892730712891,38.319351196289062
8877062,2019,2019-06-24,2801,2019-06-01,1020,181,2,6,5,2,2801,0,0,0,,0,,"BRANNAN ST","CHAMPAGNE N",0.00,,Y,A,-,N,,,,,,,,,,N,2,0,1,2,A,-,08,22107,,N,B,G,A,A,H,-,A,D,0,,Y,,,Y,,L,04,1,0,0,0,0,0,1,0,0,"- ","- ",,,NAPA,CALISTOGA,-122.57427215576172,38.584041595458984
8896698,2019,2020-01-30,2800,2019-07-16,1740,250301,10201,2,5,2,2805,0,0,0,,0,,"AMERICAN CANYON RD",BROADWAY,0.00,,Y,A,-,Y,NAP,4,29,-,-,0.690,I,5,N,Y,2,0,1,2,A,-,12,21453,A,N,D,C,A,A,H,-,A,A,0,,,Y,,Y,,A,01,1,0,0,0,0,0,0,0,1,"- ","- ",,,NAPA,"AMERICAN CANYON",-122.25274658203125,38.165523529052734
8910894,2020,2022-07-05,2802,2020-02-02,1927,320108,17,7,5,5,2802,0,0,0,,0,04B,"BROWNS VALLEY RD","WOODLAWN DR",0.00,,Y,A,-,N,,,,,,,,,,Y,1,1,2,2,A,-,09,21802,A,N,D,C,A,A,H,-,C,A,0,,,,,Y,Y,A,01,1,1,0,0,0,0,0,0,0,"- ","- ",,,NAPA,NAPA,-122.32630920410156,38.304401397705078
8911173,2020,2022-06-18,2800,2020-05-16,0012,250417,20209,6,5,2,2805,0,0,0,,0,002,"NEWELL DR","SILVER OAK TRL",729.00,S,N,A,-,N,,,,,,,,,,Y,1,1,0,1,A,-,01,23152,A,N,E,J,A,A,H,-,C,D,0,,,,,Y,Y,A,01,0,0,0,0,0,0,0,0,0,"- ","- ",,,NAPA,"AMERICAN CANYON",-122.24095153808594,38.166915893554688