CASE_ID,ACCIDENT_YEAR,PROC_DATE,JURIS,COLLISION_DATE,COLLISION_TIME,OFFICER_ID,REPORTING_DISTRICT,DAY_OF_WEEK,CHP_SHIFT,POPULATION,CNTY_CITY_LOC,SPECIAL_COND,BEAT_TYPE,CHP_BEAT_TYPE,CITY_DIVISION_LAPD,CHP_BEAT_CLASS,BEAT_NUMBER,PRIMARY_RD,SECONDARY_RD,DISTANCE,DIRECTION,INTERSECTION,WEATHER_1,WEATHER_2,STATE_HWY_IND,CALTRANS_COUNTY,CALTRANS_DISTRICT,STATE_ROUTE,ROUTE_SUFFIX,POSTMILE_PREFIX,POSTMILE,LOCATION_TYPE,RAMP_INTERSECTION,SIDE_OF_HWY,TOW_AWAY,COLLISION_SEVERITY,NUMBER_KILLED,NUMBER_INJURED,PARTY_COUNT,PRIMARY_COLL_FACTOR,PCF_CODE_OF_VIOL,PCF_VIOL_CATEGORY,PCF_VIOLATION,PCF_VIOL_SUBSECTION,HIT_AND_RUN,TYPE_OF_COLLISION,MVIW,PED_ACTION,ROAD_SURFACE,ROAD_COND_1,ROAD_COND_2,LIGHTING,CONTROL_DEVICE,CHP_ROAD_TYPE,PEDESTRIAN_ACCIDENT,BICYCLE_ACCIDENT,MOTORCYCLE_ACCIDENT,TRUCK_ACCIDENT,NOT_PRIVATE_PROPERTY,ALCOHOL_INVOLVED,STWD_VEHTYPE_AT_FAULT,CHP_VEHTYPE_AT_FAULT,COUNT_SEVERE_INJ,COUNT_VISIBLE_INJ,COUNT_COMPLAINT_PAIN,COUNT_PED_KILLED,COUNT_PED_INJURED,COUNT_BICYCLIST_KILLED,COUNT_BICYCLIST_INJURED,COUNT_MC_KILLED,COUNT_MC_INJURED,PRIMARY_RAMP,SECONDARY_RAMP,LATITUDE,LONGITUDE,COUNTY,CITY,POINT_X,POINT_Y
8911293,2020,2022-06-18,2800,2020-06-22,1103,250421,0,1,5,2,2805,0,0,0,,0,,"RT 29","KIMBERLY DR",651.00,N,N,A,-,Y,NAP,4,29,-,-,0.360,H,-,S,Y,1,1,1,2,D,-,00,,,N,A,C,A,A,H,-,A,D,0,,,,,Y,,-,"- ",1,0,0,0,0,0,0,0,0,"- ","- ",,,NAPA,"AMERICAN CANYON",-122.25331878662109,38.160606384277344
8984077,2019,2020-09-18,2800,2019-11-09,0706,250481,10201,6,5,2,2805,0,0,0,,0,001,"RT 29","AMERICAN CANYON RD",0.00,,Y,E,F,Y,NAP,4,29,-,-,0.680,H,-,N,Y,2,0,2,3,A,-,03,22350,,N,C,C,A,B,B,-,B,A,0,,,,,Y,,A,01,1,0,1,0,0,0,0,0,0,"- ","- ",,,NAPA,"AMERICAN CANYON",-122.25276184082031,38.165374755859375
90011217,2015,2015-10-19,9325,2015-08-13,1018,017519,,4,1,9,2800,0,1,3,,1,041,SR-29,"DIAMOND MOUNTAIN RD",1584.00,N,N,A,-,Y,,,29,,,,,,,Y,2,0,1,2,C,-,18,,,F,E,J,A,A,H,-,A,D,0,,,,,Y,,-,"- ",1,0,0,0,0,0,0,0,0,"- ","- ",38.567639999999997,-122.56556999999999,NAPA,UNINCORPORATED,-122.5655204,38.56768641
90015064,2015,2015-10-19,9325,2015-08-14,1655,019972,,5,2,9,2800,0,2,4,,2,032,"ZINFANDEL LN.","SILVERADO TRAIL",0.00,,Y,A,-,N,,,,,,,,,,Y,1,1,2,2,A,-,09,21802,A,N,D,C,A,A,H,-,A,A,0,,,,,Y,,A,01,0,1,1,0,0,0,0,0,0,"- ","- ",38.497100000000003,-122.42443,NAPA,UNINCORPORATED,-122.42441995,38.497099939999998
90015829,2015,2015-10-19,9325,2015-08-31,1910,019024,,1,2,9,2800,0,2,4,,2,032,"SILVERADO TRAIL","SKELLINGER LN",5280.00,N,N,A,-,N,,,,,,,,,,Y,2,0,1,1,A,-,08,22107,,N,E,I,A,A,H,-,B,D,0,,,,,Y,,A,01,1,0,0,0,0,0,0,0,0,"- ","- ",38.475169999999999,-122.38724999999999,NAPA,UNINCORPORATED,-122.38778594,38.47569738
90021124,2015,2015-10-19,9325,2015-09-05,1100,019123,,6,1,9,2800,0,3,5,,1,008,"WOODEN VALLEY RD",SR-121,12144.00,S,N,A,-,N,,,,,,,,,,Y,2,0,1,2,A,-,05,21460,A,N,F,A,A,A,H,-,A,D,0,,,Y,,Y,,C,02,1,0,0,0,0,0,0,0,1,"- ","- ",38.36524,-122.17516999999999,NAPA,UNINCORPORATED,-122.17421293,38.362534760000003
90024142,2015,2015-10-19,9325,2015-09-06,0205,020563,,7,3,9,2800,0,1,3,,1,011,SR-29,"SOUTH KELLY ROAD",42.00,N,N,A,-,Y,,,,,,,,,,Y,2,0,3,1,A,-,01,23152,A,N,E,I,A,A,H,-,D,A,0,,,,,Y,Y,D,22,1,2,0,0,0,0,0,0,0,"- ","- ",38.122839999999997,-122.15215000000001,NAPA,UNINCORPORATED,,
90040163,2015,2015-10-29,9325,2015-10-16,1718,017759,,5,2,9,2800,0,2,4,,1,082,"BERRYESSA KNOXVILLE RD.",SR-128,12144.00,E,N,A,-,Y,,,,,,,,,,Y,2,0,1,1,A,-,17,21662,,N,F,A,A,A,H,-,A,D,0,,,Y,,Y,,C,02,1,0,0,0,0,0,0,0,1,"- ","- ",38.511189999999999,-122.22414000000001,NAPA,UNINCORPORATED,,
90047595,2015,2015-11-10,9325,2015-11-09,1110,012689,,1,1,9,2800,0,3,5,,2,002,"DRY CREEK RD. S/B","ORCHARD AVE.",5280.00,N,N,B,-,N,,,,,,,,,,N,2,0,1,1,A,-,08,22107,,N,H,G,A,B,H,-,A,D,0,,Y,,,Y,,L,04,1,0,0,0,0,0,1,0,0,"- ","- ",38.342199999999998,-122.35092,NAPA,UNINCORPORATED,-122.36271882,38.353158229999998
90073011,2015,2015-12-15,9325,2015-11-09,0215,019999,,1,3,9,2800,0,1,3,,1,013,"SR-221 S/B","KAISER RD.",249.00,S,N,A,-,Y,,,,,,,,,,Y,1,1,0,1,A,-,01,23152,A,N,E,J,A,A,H,-,D,D,0,,,,,Y,Y,D,22,0,0,0,0,0,0,0,0,0,"- ","- ",38.172139999999999,-122.10168,NAPA,UNINCORPORATED,,
90085701,2015,2015-12-30,9325,2015-12-28,1910,012689,,1,2,9,2800,0,3,5,,2,002,"ATLAS PEAK RD E/B","OLD SODA SPRINGS RD",2.00,E,N,A,-,N,,,,,,,,,,Y,2,0,1,1,A,-,01,23152,A,N,E,I,A,A,H,-,D,D,0,,,,,Y,Y,A,07,1,0,0,0,0,0,0,0,0,"- ","- ",38.362960000000001,-122.26708000000001,NAPA,UNINCORPORATED,-122.26705454,38.362843419999997
90107908,2015,2016-02-03,9325,2015-11-23,2025,018108,,1,2,9,2800,0,1,3,,1,013,"SR-221 NORTHBOUND","ANDERSON RD",18.00,N,N,B,-,Y,,,,,,,,,,Y,1,1,0,2,A,-,11,21954,A,N,G,B,D,A,H,-,C,A,0,Y,,,,Y,Y,N,60,0,0,0,1,0,0,0,0,0,"- ","- ",38.151760000000003,-122.16143,NAPA,UNINCORPORATED,,
90113458,2016,2016-02-11,9325,2016-01-27,1222,015674,,3,1,9,2800,0,2,4,,1,023,"SILVERADO TRAIL","YOUNTVILLE CROSS RD",613.00,S,N,A,-,N,,,,,,,,,,N,2,0,1,1,A,-,08,22107,,N,H,G,A,A,H,-,A,D,0,,Y,,,Y,,L,04,1,0,0,0,0,0,1,0,0,"- ","- ",38.426250000000003,-122.3398,NAPA,UNINCORPORATED,-122.33987291,38.426328939999998
90139790,2016,2016-03-21,9325,2016-03-11,2110,020257,,5,2,9,2800,0,1,3,,1,044,"SR-29 N/B","TUBBS LN",17952.00,N,N,B,-,Y,,,,,,,,,,Y,2,0,1,2,A,-,03,22350,,N,A,C,A,B,H,-,D,D,0,,,,,Y,,A,01,1,0,0,0,0,0,0,0,0,"- ","- ",38.382800000000003,-122.35475,NAPA,UNINCORPORATED,-122.59660931000001,38.641040830000001
90148426,2016,2016-03-31,9325,2016-03-26,1005,019659,,6,1,9,2800,0,1,3,,1,030,SR-128,"LOWER CHILES VALLEY RD",7920.00,W,N,A,-,Y,,,128,,,,,,,Y,2,0,1,1,A,-,03,22350,,N,E,I,A,A,H,-,A,D,0,,,,,Y,,D,22,1,0,0,0,0,0,0,0,0,"- ","- ",38.48659,-122.30311,NAPA,UNINCORPORATED,-122.30311465,38.48662831
90151662,2016,2016-04-06,9325,2016-03-29,2045,017820,,2,2,9,2800,0,1,3,,2,071,SR-121,"OLD SONOMA HIGHWAY",0.00,,Y,A,-,Y,,,121,,,,,,,Y,2,0,1,1,A,-,01,23152,A,M,A,I,A,A,H,-,D,A,0,,,,,Y,Y,A,07,1,0,0,0,0,0,0,0,0,"- ","- ",38.254669999999997,-122.33609,NAPA,UNINCORPORATED,-122.33608113,38.2545906
90151970,2016,2016-04-06,9325,2016-03-26,1520,017746,,6,2,9,2800,0,1,3,,1,081,"SR-121 (MONTICELLO ROAD)","CIRCLE OAKS DRIVE",700.00,W,N,A,-,Y,,,121,,,,,,,Y,2,0,1,1,A,-,08,22107,,N,F,A,A,A,H,-,A,D,0,,,Y,,Y,Y,C,02,1,0,0,0,0,0,0,0,1,"- ","- ",38.404969999999999,-122.20487,NAPA,UNINCORPORATED,-122.20482277000001,38.404941579999999
90152998,2015,2016-04-07,9325,2015-10-07,2300,018400,,3,3,9,2800,0,2,4,,1,082,"SR-128 E/B","KNOXVILLE RD",2112.00,E,N,A,-,Y,,,,,,,,,,N,2,0,1,2,D,-,00,,,N,G,B,E,A,H,-,D,D,0,Y,,,,Y,Y,-,"- ",1,0,0,0,1,0,0,0,0,"- ","- ",,,NAPA,UNINCORPORATED,,
9015565,2019,2020-02-13,2802,2019-12-16,1533,320488,21,1,5,5,2802,0,0,0,,0,003,"CALIFORNIA BL","PUEBLO AV",5.00,N,N,A,-,N,,,,,,,,,,Y,2,0,1,2,A,-,03,22350,,N,E,I,A,A,H,-,A,A,0,,,,,Y,,A,01,1,0,0,0,0,0,0,0,0,"- ","- ",,,NAPA,NAPA,-122.30460357666016,38.314464569091797
90198888,2016,2016-06-10,9325,2016-04-16,0110,019999,,6,3,9,2800,0,3,5,,2,003,"WASHINGTON ST.",SR-29,695.00,E,N,A,-,N,,,,,,,,,,Y,1,1,0,1,A,-,01,23152,A,N,E,I,A,A,H,-,D,D,0,,,,,Y,Y,A,01,0,0,0,0,0,0,0,0,0,"- ","- ",38.411790000000003,-122.38034,NAPA,UNINCORPORATED,-122.3481967,38.384443509999997
90202422,2016,2016-06-15,9325,2016-03-28,1350,013434,,1,1,9,2800,0,2,4,,1,034,"DEER PARK RD","SUNNYSIDE ROAD",106.00,S,N,A,-,N,,,,,,,,,,Y,1,1,6,1,A,-,08,22107,,N,E,J,A,A,H,-,A,D,0,,,,,Y,,A,07,0,0,6,0,0,0,0,0,0,"- ","- ",38.538040000000002,-122.46908000000001,NAPA,UNINCORPORATED,-122.46914031,38.537805599999999
90204320,2016,2016-06-17,9325,2016-06-12,0712,018108,,7,1,9,2800,0,1,3,,1,044,SR-29,"TUBBS LN",21120.00,N,N,A,-,Y,,,29,,,,,,,Y,2,0,1,1,A,-,03,22350,,N,E,I,A,A,H,-,A,D,0,,,,,Y,,A,01,1,0,0,0,0,0,0,0,0,"- ","- ",38.641030000000001,-122.59222,NAPA,UNINCORPORATED,-122.59220491000001,38.641016280000002
90208045,2016,2016-06-23,9325,2016-06-21,2240,018110,,2,3,9,2800,0,3,5,,2,003,"HOWELL MOUNTAIN RD","FALLS ROAD",162.00,E,N,A,-,N,,,,,,,,,,Y,2,0,1,1,A,-,01,23152,A,N,E,I,A,A,H,-,D,D,0,,,,,Y,Y,A,07,1,0,0,0,0,0,0,0,0,"- ","- ",38.333069999999999,-122.26541,NAPA,UNINCORPORATED,-122.44721889,38.558653229999997
90211673,2016,2016-06-29,9325,2016-06-20,1635,018400,,1,2,9,2800,0,2,4,,1,082,"KNOXVILLE RD",SR-128,5808.00,N,N,A,-,N,,,,,,,,,,Y,2,0,1,1,C,-,18,,,N,E,I,A,A,H,-,A,D,0,,,Y,,Y,,-,"- ",1,0,0,0,0,0,0,0,1,"- ","- ",38.301900000000003,-122.1414,NAPA,UNINCORPORATED,-122.2383222,38.503153279999999
90221175,2016,2016-07-12,9325,2016-07-05,1535,017746,,2,2,9,2800,0,3,5,,2,003,"OAKVILLE CROSS ROAD","SILVERADO TRAIL",1040.00,W,N,A,-,N,,,,,,,,,,Y,2,0,1,2,A,-,08,22107,,N,F,C,A,A,H,-,A,D,0,,,Y,,Y,,C,02,1,0,0,0,0,0,0,0,1,"- ","- ",38.454940000000001,-122.36696999999999,NAPA,UNINCORPORATED,-122.36682376,38.454927699999999
90240448,2016,2016-08-09,9325,2016-07-25,0543,015674,,1,3,9,2800,0,1,3,,2,071,SR-121,"CUTTINGS WHARF RD",173.00,N,N,B,-,Y,,,121,,,,,,,Y,2,0,2,2,A,-,08,22107,,N,D,C,A,A,H,-,C,D,0,,,,,Y,,A,01,1,1,0,0,0,0,0,0,0,"- ","- ",38.25609,-122.32769999999999,NAPA,UNINCORPORATED,-122.32768986000001,38.256036129999998
90245763,2016,2016-08-16,9325,2016-07-23,1445,019024,,6,2,9,2800,0,1,3,,1,044,SR-29,"TUBBS LANE",29568.00,N,N,A,-,Y,,,29,,,,,,,Y,2,0,3,2,A,-,03,22350,,N,A,C,A,A,H,-,A,D,0,,,,,Y,,D,22,1,2,0,0,0,0,0,0,0,"- ","- ",38.64875,-122.59653,NAPA,UNINCORPORATED,-122.59650746,38.648788549999999
90266504,2016,2016-09-28,9325,2016-09-06,1624,013434,,2,2,9,2800,0,3,5,,1,008,"POPE VALLEY ROAD","HOWELL MOUNTAIN ROAD",4224.00,N,N,A,-,N,,,,,,,,,,Y,2,0,3,2,A,-,01,23152,A,N,A,C,A,A,H,-,A,D,0,,,,,Y,Y,D,22,1,1,1,0,0,0,0,0,0,"- ","- ",38.622210000000003,-122.43959,NAPA,UNINCORPORATED,-122.42814,38.615229999999997
90266844,2016,2016-09-13,9325,2016-09-05,0945,021334,,1,1,9,2800,0,1,3,,1,021,SR-121,"VICHY AVE",0.00,,Y,A,-,Y,,,121,,,,,,,Y,2,0,1,2,A,-,09,21802,A,N,F,A,A,A,H,-,A,A,0,,,Y,,Y,,A,07,1,0,0,0,0,0,0,0,1,"- ","- ",38.338659999999997,-122.25989,NAPA,UNINCORPORATED,-122.25991225999999,38.338684309999998
90284299,2016,2016-10-05,9325,2016-09-24,1517,021324,,6,2,9,2800,0,3,5,,2,002,"SOLANO AVE","HOFFMAN LN",1055.00,N,N,A,-,N,,,,,,,,,,Y,2,0,3,2,A,-,05,21460,A,N,A,C,A,A,H,-,A,D,0,,,,,Y,,A,01,2,0,1,0,0,0,0,0,0,"- ","- ",38.388100000000001,-122.35171,NAPA,UNINCORPORATED,-122.3515807,38.38796035
90330582,2016,2016-11-28,9325,2016-11-13,0945,018789,,7,1,9,2800,0,1,3,,1,031,SR-29,"OAKVILLE CROSS ROAD",528.00,N,N,A,-,Y,,,29,,,,,,,N,2,0,2,2,A,-,04,21703,,N,F,A,A,A,H,-,A,D,0,,Y,,,Y,,L,04,2,0,0,0,0,0,2,0,0,"- ","- ",38.438929999999999,-122.40463,NAPA,UNINCORPORATED,-122.40471325,38.438854069999998
9034956,2020,2020-11-20,2802,2020-01-20,1955,320363,32,1,5,5,2802,0,0,0,,0,02A,"SILVERADO TRL","LINCOLN AV",0.00,,Y,A,-,Y,NAP,4,121,-,-,8.250,I,5,S,N,2,0,1,2,A,-,11,21950,B,N,G,B,B,A,H,-,C,A,0,Y,,,,Y,,N,60,1,0,0,0,1,0,0,0,0,"- ","- ",,,NAPA,NAPA,-122.27645111083984,38.310680389404297
90378246,2016,2017-02-01,9325,2016-10-15,1430,019659,,6,2,9,2800,0,2,4,,1,082,"BERRYESSA KNOXVILLE ROAD","NAPA COUNTY LINE",10560.00,S,N,B,C,N,,,,,,,,,,Y,1,1,1,1,A,-,08,22107,,N,E,I,A,B,H,-,A,D,0,,,Y,,Y,,C,02,1,0,0,0,0,0,0,1,1,"- ","- ",38.844029999999997,-122.37634,NAPA,UNINCORPORATED,-122.37600981999999,38.842252190000004
90381077,2016,2017-01-30,9325,2016-12-18,2215,020563,,7,3,9,2800,0,1,3,,1,031,SR-29,"GLOS LANE",1320.00,S,N,A,-,Y,,,29,,,,,,,N,2,0,1,2,A,-,11,21954,A,F,G,B,D,A,H,-,D,D,0,Y,,,,Y,,N,60,1,0,0,0,1,0,0,0,0,"- ","- ",38.443019999999997,-122.40843,NAPA,UNINCORPORATED,-122.40846194,38.442990860000002
90415316,2017,2017-03-20,9325,2017-03-08,1740,021324,,3,2,9,2800,0,3,5,,2,003,"SILVERADO TRL S","ZINFANDEL LN",3696.00,S,N,A,-,N,,,,,,,,,,Y,2,0,2,1,A,-,08,22107,,N,F,J,A,A,H,-,A,D,0,,,,,Y,,D,22,1,1,0,0,0,0,0,0,0,"- ","- ",38.491199999999999,-122.414,NAPA,UNINCORPORATED,-122.41409054,38.49113286
90420551,2017,2017-03-24,9325,2017-03-20,1240,015350,,1,1,9,2800,0,1,3,,1,044,SR-29,"LAKE COUNTY LINE",1056.00,S,N,B,C,Y,,,29,,,,,,,Y,2,0,2,1,A,-,03,22350,,N,F,A,A,B,H,-,A,D,0,,,Y,,Y,,C,02,1,1,0,0,0,0,0,0,2,"- ","- ",38.674619999999997,-122.59171000000001,NAPA,UNINCORPORATED,-122.59172954,38.674602550000003
90423581,2017,2018-07-03,9325,2017-02-14,1616,013434,,2,2,9,2800,0,1,3,,1,031,SR-29,"WHITEHALL LN",150.00,S,N,A,-,Y,,,29,,,,,,,N,1,1,0,1,A,-,03,22350,,N,F,A,A,A,H,-,A,A,0,,Y,,,Y,,L,04,0,0,0,0,0,1,0,0,0,"- ","- ",38.477049999999998,-122.43617999999999,NAPA,UNINCORPORATED,-122.43611606,38.47711915
90424070,2016,2017-03-30,9325,2016-10-19,2137,018108,,3,2,9,2800,0,3,5,,2,004,"TUBBS LN","MYRTLEDALE RD",70.00,E,N,A,-,N,,,,,,,,,,Y,2,0,1,2,A,-,03,22350,,F,C,C,A,A,H,-,D,D,0,,,Y,,Y,,D,22,1,0,0,0,0,0,0,0,1,"- ","- ",38.596330000000002,-122.60127,NAPA,UNINCORPORATED,-122.60121245000001,38.596588699999998
90437331,2017,2017-04-19,9325,2017-04-10,1750,013434,,1,2,9,2800,0,3,5,,2,002,"DRY CREEK ROAD","ORCHARD AVE",8976.00,N,N,A,-,N,,,,,,,,,,Y,2,0,1,1,A,-,01,23152,A,N,E,I,A,A,H,-,A,D,0,,,,,Y,Y,A,01,1,0,0,0,0,0,0,0,0,"- ","- ",38.361750000000001,-122.37260999999999,NAPA,UNINCORPORATED,-122.3702796,38.360795039999999
90438447,2017,2017-04-20,9325,2017-04-15,1705,019972,,6,2,9,2800,0,2,4,,1,034,"HOWELL MOUNTAIN RD","POPE VALLEY RD.",6864.00,W,N,A,-,N,,,,,,,,,,Y,2,0,1,1,A,-,08,22107,,N,E,J,A,A,H,-,A,D,0,,,Y,,Y,,C,02,1,0,0,0,0,0,0,0,1,"- ","- ",38.603470000000002,-122.43510000000001,NAPA,UNINCORPORATED,-122.42814,38.615229999999997
90445266,2017,2017-04-28,9325,2017-04-22,1215,020563,,6,1,9,2800,0,1,3,,1,081,SR-128,SR-121,0.00,,Y,A,-,Y,,,128,,,,,,,Y,2,0,1,1,A,-,08,22107,,N,F,A,A,A,B,-,A,D,0,,,Y,,Y,,C,02,1,0,0,0,0,0,0,0,1,"- ","- ",38.445619999999998,-122.19656999999999,NAPA,UNINCORPORATED,-122.19646487999999,38.445597620000001
90448305,2017,2017-05-03,9325,2017-04-30,1125,013434,,7,1,9,2800,0,3,5,,2,003,"WHITE COTTAGE ROAD","TOYON ST",180.00,N,N,A,-,N,,,,,,,,,,N,2,0,1,1,A,-,00,22017,,N,F,A,A,A,H,-,A,D,0,,Y,,,Y,,L,04,1,0,0,0,0,0,1,0,0,"- ","- ",38.581629999999997,-122.45066,NAPA,UNINCORPORATED,-122.45051173,38.581796560000001
90450647,2017,2017-06-12,9325,2017-04-28,1100,018789,,5,1,9,2800,0,2,4,,2,032,"SILVERADO TRAIL","OAKVILLE CROSS ROAD",1584.00,S,N,A,-,N,,,,,,,,,,N,2,0,1,1,A,-,03,22350,,N,F,A,A,A,H,-,A,A,0,,Y,,,Y,,L,04,1,0,0,0,0,0,1,0,0,"- ","- ",38.440930000000002,-122.3519,NAPA,UNINCORPORATED,-122.36135668999999,38.451913140000002
90451062,2017,2017-05-08,9325,2017-04-23,1445,019972,,7,2,9,2800,0,1,3,,1,080,SR-128,"CHILES POPE VALLEY RD",16368.00,E,N,A,-,Y,,,128,,,,,,,Y,2,0,6,2,A,-,05,21460,A,N,A,C,A,A,H,-,A,D,0,,,,,Y,,A,01,3,1,2,0,0,0,0,0,0,"- ","- ",38.489640000000001,-122.2966,NAPA,UNINCORPORATED,-122.29658736,38.489625590000003
90463450,2017,2017-05-25,9325,2017-04-23,1220,018789,,7,1,9,2800,0,2,4,,1,082,SR-128,"KNOXVILLE ROAD",1584.00,E,N,A,-,Y,,,,,,,,,,Y,1,1,0,2,A,-,05,21460,A,N,A,C,A,A,H,-,A,A,0,,,Y,,Y,,C,02,0,0,0,0,0,0,0,1,0,"- ","- ",39.494579999999999,-122.24726,NAPA,UNINCORPORATED,,
90503654,2017,2017-07-19,9325,2017-07-10,0800,014728,,1,1,9,2800,0,1,3,,1,022,"SR-29 N/B",SR-12,1056.00,S,N,A,-,Y,,,29,,,,,,N,Y,2,0,1,2,A,-,07,21658,A,N,B,C,A,A,H,-,A,D,0,,,Y,,Y,,A,01,1,0,0,0,0,0,0,0,1,"- ","- ",38.220170000000003,-122.25749,NAPA,UNINCORPORATED,-122.25751896,38.220166630000001
90526223,2017,2017-08-18,9325,2017-08-11,1808,021005,,5,2,9,2800,0,2,4,,1,034,"HOWELL MOUNTAIN RD","FALLS RD",350.00,E,N,A,-,N,,,,,,,,,,Y,2,0,3,1,A,-,08,22107,,N,E,I,A,A,H,-,A,D,0,,,,,Y,,A,07,1,1,1,0,0,0,0,0,0,"- ","- ",38.559229999999999,-122.44714999999999,NAPA,UNINCORPORATED,-122.44660377,38.558879750000003
90536612,2017,2017-08-29,9325,2017-08-19,0009,021427,,6,3,9,2800,0,1,3,,1,011,"SR-29 N/B","N KELLY ROAD",280.00,S,N,A,-,Y,,,29,,,,,,N,Y,2,0,1,1,A,-,01,23152,A,N,E,I,A,A,H,-,C,D,0,,,,,Y,Y,A,01,1,0,0,0,0,0,0,0,0,"- ","- ",38.232239999999997,-122.25966,NAPA,UNINCORPORATED,-122.25916528,38.232503319999999
90537569,2017,2017-08-31,9325,2017-08-24,1640,018110,,4,2,9,2800,0,1,3,,1,081,SR-121,"WOODEN VALLEY RD",3696.00,N,N,A,-,Y,,,,,,,,,,Y,2,0,1,2,A,-,01,23153,A,N,A,C,A,A,H,-,A,D,0,,,,,Y,Y,A,07,1,0,0,0,0,0,0,0,0,"- ","- ",,,NAPA,UNINCORPORATED,,
90538115,2017,2017-08-31,9325,2017-08-23,1455,015350,,3,2,9,2800,0,1,3,,1,011,"SR-29 S/B","SOSCOL FERRY ROAD",3432.00,S,N,A,-,Y,,,29,,,,,,S,N,2,0,1,2,A,-,03,22350,,N,C,C,A,A,H,-,A,D,0,,,Y,Y,Y,,C,02,1,0,0,0,0,0,0,0,1,"- ","- ",38.232959999999999,-122.25973999999999,NAPA,UNINCORPORATED,-122.2597081,38.232979589999999
90543853,2017,2017-09-08,9325,2017-09-01,1615,021005,,5,2,9,2800,0,1,3,,1,044,SR-29,"LIVERMORE RD",7392.00,S,N,A,-,Y,,,29,,,,,,,Y,2,0,1,1,A,-,01,23152,A,N,F,A,A,A,H,-,A,D,0,,,,,Y,Y,D,22,1,0,0,0,0,0,0,0,0,"- ","- ",38.65202,-122.59961,NAPA,UNINCORPORATED,-122.59989982,38.651961679999999
90551095,2017,2017-09-19,9325,2017-09-10,0935,015447,,7,1,9,2800,0,1,3,,2,071,SR-121,"OLD SONOMA HIGHWAY",0.00,,Y,A,-,Y,,,121,,,,,,,N,2,0,1,2,A,-,08,22107,,N,D,G,A,A,H,-,A,D,0,,Y,,,Y,,L,04,1,0,0,0,0,0,1,0,0,"- ","- ",38.2547,-122.3359,NAPA,UNINCORPORATED,-122.33588792,38.254614340000003
90565327,2017,2017-10-09,9325,2017-10-01,1139,021334,,7,1,9,2800,0,1,3,,1,044,SR-29,"LAKE COUNTY LINE",1056.00,S,N,A,-,Y,,,29,,,,,,,Y,2,0,1,1,A,-,08,22107,,N,E,I,A,A,H,-,A,D,0,,,Y,,Y,,C,02,1,0,0,0,0,0,0,0,1,"- ","- ",38.675409999999999,-122.59214,NAPA,UNINCORPORATED,-122.59212694999999,38.675410909999997
90574824,2017,2017-10-20,9325,2017-06-27,1530,020893,,2,2,9,2800,0,3,5,,2,003,"WHITEHALL LANE",SR-29,485.00,W,N,A,-,N,,,,,,,,,,Y,1,1,0,1,A,-,08,22107,,N,E,I,A,A,H,-,A,D,0,,,,,Y,,A,07,0,0,0,0,0,0,0,0,0,"- ","- ",38.476199999999999,-122.4375,NAPA,UNINCORPORATED,-122.43747532,38.476310820000002
90608439,2017,2017-12-01,9325,2017-11-25,1328,021334,,6,1,9,2800,0,1,3,,1,081,SR-121,"CIRCLE OAKS DR",2112.00,S,N,A,-,Y,,,121,,,,,,,Y,2,0,1,1,A,-,08,22107,,N,E,I,A,A,H,-,A,D,0,,,Y,,Y,,C,02,1,0,0,0,0,0,0,0,1,"- ","- ",38.401499999999999,-122.20522,NAPA,UNINCORPORATED,-122.20521316999999,38.401510000000002
90634173,2017,2018-01-05,9325,2017-11-09,0915,015350,,4,1,9,2800,0,1,3,,1,011,"SR-29 N/B","SOUTH KELLY ROAD",0.00,,Y,B,-,Y,,,29,,,,,,N,Y,1,1,1,2,A,-,12,21453,A,N,D,C,A,B,H,-,A,A,0,,,,Y,Y,,A,01,1,0,0,0,0,0,0,0,0,"- ","- ",38.207650000000001,-122.25603,NAPA,UNINCORPORATED,-122.25603691000001,38.207649869999997
90638570,2017,2018-01-11,9325,2017-12-29,1335,021334,,5,1,9,2800,0,2,4,,1,023,"SILVERADO TRAIL","OAK KNOLL",0.00,,Y,A,-,N,,,,,,,,,,Y,2,0,1,2,A,-,09,21802,A,N,D,C,A,A,H,-,A,A,0,,,,,Y,,A,01,1,0,0,0,0,0,0,0,0,"- ","- ",38.369999999999997,-122.30089,NAPA,UNINCORPORATED,-122.30091988,38.3699899
90658632,2018,2018-02-09,9325,2018-01-04,1430,021324,,4,2,9,2800,0,1,3,,1,044,SR-29,"LAKE COUNTY LINE",528.00,S,N,C,-,Y,,,29,,,,,,,Y,1,1,0,1,A,-,08,22107,,N,E,I,A,B,H,-,A,D,0,,,,,Y,,A,01,0,0,0,0,0,0,0,0,0,"- ","- ",38.676990509033203,-122.59168243408203,NAPA,UNINCORPORATED,-122.59172821044922,38.677001953125