CASE_ID,ACCIDENT_YEAR,PROC_DATE,JURIS,COLLISION_DATE,COLLISION_TIME,OFFICER_ID,REPORTING_DISTRICT,DAY_OF_WEEK,CHP_SHIFT,POPULATION,CNTY_CITY_LOC,SPECIAL_COND,BEAT_TYPE,CHP_BEAT_TYPE,CITY_DIVISION_LAPD,CHP_BEAT_CLASS,BEAT_NUMBER,PRIMARY_RD,SECONDARY_RD,DISTANCE,DIRECTION,INTERSECTION,WEATHER_1,WEATHER_2,STATE_HWY_IND,CALTRANS_COUNTY,CALTRANS_DISTRICT,STATE_ROUTE,ROUTE_SUFFIX,POSTMILE_PREFIX,POSTMILE,LOCATION_TYPE,RAMP_INTERSECTION,SIDE_OF_HWY,TOW_AWAY,COLLISION_SEVERITY,NUMBER_KILLED,NUMBER_INJURED,PARTY_COUNT,PRIMARY_COLL_FACTOR,PCF_CODE_OF_VIOL,PCF_VIOL_CATEGORY,PCF_VIOLATION,PCF_VIOL_SUBSECTION,HIT_AND_RUN,TYPE_OF_COLLISION,MVIW,PED_ACTION,ROAD_SURFACE,ROAD_COND_1,ROAD_COND_2,LIGHTING,CONTROL_DEVICE,CHP_ROAD_TYPE,PEDESTRIAN_ACCIDENT,BICYCLE_ACCIDENT,MOTORCYCLE_ACCIDENT,TRUCK_ACCIDENT,NOT_PRIVATE_PROPERTY,ALCOHOL_INVOLVED,STWD_VEHTYPE_AT_FAULT,CHP_VEHTYPE_AT_FAULT,COUNT_SEVERE_INJ,COUNT_VISIBLE_INJ,COUNT_COMPLAINT_PAIN,COUNT_PED_KILLED,COUNT_PED_INJURED,COUNT_BICYCLIST_KILLED,COUNT_BICYCLIST_INJURED,COUNT_MC_KILLED,COUNT_MC_INJURED,PRIMARY_RAMP,SECONDARY_RAMP,LATITUDE,LONGITUDE,COUNTY,CITY,POINT_X,POINT_Y
90660872,2018,2018-02-14,9325,2018-02-04,1610,021005,,7,2,9,2800,0,2,4,,2,032,"SILVERADO TRAIL","MADRONE KNOLL WAY",500.00,N,N,A,-,N,,,,,,,,,,Y,2,0,2,3,A,-,05,21460,A,N,B,C,A,A,H,-,A,D,0,,,,,Y,,A,01,2,0,0,0,0,0,0,0,0,"- ","- ",38.519889831542969,-122.43135833740234,NAPA,UNINCORPORATED,-122.47144317626953,38.519947052001953
90663083,2018,2018-02-16,9325,2018-02-09,1520,021005,,5,2,9,2800,0,1,3,,1,044,"SILVERADO TRAIL","GREENWOOD AVE",500.00,S,N,A,-,Y,,,,,,,,,,Y,2,0,1,1,A,-,08,22107,,N,F,A,A,A,H,-,A,D,0,,,,,Y,,A,01,1,0,0,0,0,0,0,0,0,"- ","- ",38.596748352050781,-122.58258056640625,NAPA,UNINCORPORATED,,
90683920,2018,2018-03-16,9325,2018-03-03,0049,021427,,6,3,9,2800,0,1,3,,1,011,"SR-29 N/B","N KELLY RD",720.00,S,N,B,-,Y,,,29,,,,,,N,Y,2,0,1,1,A,-,01,23152,A,N,E,I,A,B,H,-,C,D,0,,,,,Y,Y,A,07,1,0,0,0,0,0,0,0,0,"- ","- ",38.230869293212891,-122.25849914550781,NAPA,UNINCORPORATED,-122.25852203369141,38.230865478515625
90700605,2018,2018-04-06,9325,2018-03-31,1415,021005,,6,2,9,2800,0,1,3,,1,080,SR-128,"WRAGG CANYON RD",9504.00,E,N,A,-,Y,,,128,,,,,,,Y,2,0,1,2,A,-,05,21460,A,N,B,C,A,A,H,-,A,D,0,,,Y,,Y,,C,02,1,0,0,0,0,0,0,0,1,"- ","- ",38.466461181640625,-122.14658355712891,NAPA,UNINCORPORATED,-122.14701843261719,38.466548919677734
90704150,2018,2018-04-12,9325,2018-04-04,1815,020829,,3,2,9,2800,0,2,4,,1,082,"BERRYESSA KNOXVILLE ROAD","POPE CANYON ROAD",79728.00,N,N,A,-,Y,,,,,,,,,,N,2,0,1,1,C,-,18,,,N,E,H,A,A,H,-,A,D,0,,,Y,,Y,,-,"- ",1,0,0,0,0,0,0,0,1,"- ","- ",38.793861389160156,-122.30055236816406,NAPA,UNINCORPORATED,-122.21869659423828,38.614620208740234
90719628,2018,2018-05-03,9325,2018-04-29,1135,021324,,7,1,9,2800,0,2,4,,2,032,"SILVERADO TRAIL","POPE ST",1056.00,S,N,A,-,N,,,,,,,,,,Y,2,0,1,1,A,-,08,22107,,N,E,I,A,A,H,-,A,D,0,,,,,Y,,A,01,1,0,0,0,0,0,0,0,0,"- ","- ",38.510578155517578,-122.45182800292969,NAPA,UNINCORPORATED,-122.45236968994141,38.510807037353516
90749997,2018,2018-07-23,9325,2018-04-23,0928,015674,,1,1,9,2800,0,1,3,,1,031,SR-29,"DWYER RD",41.00,N,N,A,-,Y,,,29,,,,,,,Y,1,1,1,2,A,-,01,23152,G,N,A,C,A,A,H,-,A,D,0,,,,,Y,,A,01,0,1,0,0,0,0,0,0,0,"- ","- ",38.423690795898438,-122.39134216308594,NAPA,UNINCORPORATED,-122.39127349853516,38.423748016357422
90757539,2018,2018-06-28,9325,2018-06-15,0530,020829,,5,3,9,2800,0,1,3,,2,071,SR-121,"LOS CARNEROS AVENUE",592.00,W,N,A,-,Y,,,121,,,,,,,Y,2,0,1,4,A,-,08,22107,,N,A,C,A,A,H,-,B,D,0,,,,Y,Y,,A,01,1,0,0,0,0,0,0,0,0,"- ","- ",38.254859924316406,-122.33447265625,NAPA,UNINCORPORATED,-122.33446502685547,38.254852294921875
90760327,2018,2018-07-02,9325,2018-05-31,1200,019590,,4,1,9,2800,0,1,3,,1,013,SR-221,"MAGNOLIA AVE",500.00,S,N,A,-,Y,,,221,,,,,,,Y,2,0,5,1,A,-,08,22107,,N,E,I,A,A,H,-,A,D,0,,,,,Y,,A,08,5,0,0,0,0,0,0,0,0,"- ","- ",38.249668121337891,-122.2705078125,NAPA,UNINCORPORATED,-122.27060699462891,38.249641418457031
90776412,2018,2018-10-05,9325,2018-05-22,1745,018110,,2,2,9,2800,0,1,3,,1,080,SR-128,"WRAGG CANYON RD",1584.00,E,N,A,-,Y,,,,,,,,,,Y,1,1,1,1,A,-,01,23152,A,N,E,I,A,A,H,-,A,A,0,,,,,Y,Y,A,01,1,0,0,0,0,0,0,0,0,"- ","- ",38.271198272705078,-122.97010040283203,NAPA,UNINCORPORATED,,
90790752,2018,2018-10-02,9325,2018-08-08,1550,018400,,3,2,9,2800,0,3,5,,2,001,"DEVLIN RD","GATEWAY RD  W",0.00,,Y,A,-,N,,,,,,,,,,Y,2,0,3,2,A,-,09,21801,A,N,D,C,A,A,H,-,A,D,0,,,,,Y,,D,22,1,0,2,0,0,0,0,0,0,"- ","- ",38.224399566650391,-122.26287841796875,NAPA,UNINCORPORATED,-122.26275634765625,38.224430084228516
90794694,2018,2018-08-21,9325,2018-08-09,2133,019771,,4,2,9,2800,0,2,4,,1,042,"SILVERADO TRAIL","DUNAWEAL LN",184.00,S,N,A,-,Y,,,,,,,,,,Y,2,0,1,1,A,-,08,22107,,N,E,I,A,A,H,-,D,D,0,,,,,Y,,D,22,1,0,0,0,0,0,0,0,0,"- ","- ",38.575439453125,-122.55242919921875,NAPA,UNINCORPORATED,-122.55236053466797,38.575454711914062
90802153,2018,2018-08-30,9325,2018-08-27,1440,018400,,1,2,9,2800,0,2,4,,1,082,"KNOXVILLE RD","SPANISH FLAT LOOP RD",2534.00,N,N,A,-,N,,,,,,,,,,Y,2,0,1,1,A,-,08,22107,,N,F,A,A,A,H,-,A,D,0,,,Y,,Y,,C,02,1,0,0,0,0,0,0,0,1,"- ","- ",38.539958953857422,-122.23554992675781,NAPA,UNINCORPORATED,-122.23542785644531,38.539207458496094
90808157,2018,2018-09-07,9325,2018-08-30,2335,020776,,4,3,9,2800,0,1,3,,1,011,"STATE ROUTE 221","STATE ROUTE 29",0.00,,Y,A,-,Y,,,221,,,,,,,Y,2,0,1,2,A,-,03,22350,,F,C,C,A,A,H,-,C,A,0,,,Y,,Y,,-,99,1,0,0,0,0,0,0,0,1,"- ","- ",38.241500854492188,-122.26911926269531,NAPA,UNINCORPORATED,-122.26913452148438,38.241512298583984
90835787,2018,2018-10-15,9325,2018-10-03,2020,015447,,3,2,9,2800,0,1,3,,1,044,"SR-29 N/B","TUBBS LANE",33264.00,N,N,B,-,Y,,,29,,,,,,N,Y,2,0,3,2,A,-,05,21460,A,N,A,C,A,A,H,-,D,D,0,,,,,Y,,A,07,2,1,0,0,0,0,0,0,0,"- ","- ",38.655300140380859,-122.59580230712891,NAPA,UNINCORPORATED,-122.59579467773438,38.655246734619141
90841925,2018,2018-10-23,9325,2018-07-10,1111,019074,,2,1,9,2800,0,1,3,,1,022,"SR-29 N/B","CALIFORNIA DR",2640.00,S,N,A,-,Y,,,29,,,,,,N,Y,1,1,0,1,A,-,08,22107,,N,E,I,A,A,H,-,A,D,0,,,,,Y,,A,07,0,0,0,0,0,0,0,0,0,"- ","- ",38.390911102294922,-122.35262298583984,NAPA,UNINCORPORATED,-122.3526611328125,38.390880584716797
90843321,2018,2018-10-24,9325,2018-10-16,0410,021324,,2,3,9,2800,0,2,4,,1,042,"SILVERADO TRAIL","DUNAWEAL LN",2112.00,S,N,A,-,N,,,,,,,,,,Y,2,0,1,1,A,-,08,22107,,N,E,I,A,A,H,-,D,D,0,,,Y,,Y,,C,02,1,0,0,0,0,0,0,0,1,"- ","- ",38.574199676513672,-122.54593658447266,NAPA,UNINCORPORATED,-122.54594421386719,38.574211120605469
90862520,2018,2018-11-19,9325,2018-11-08,2337,021439,,4,3,9,2800,0,3,5,,2,002,"ORCHARD AVE","AUTUMN RUN WAY",2097.00,W,N,A,-,N,,,,,,,,,,Y,2,0,2,1,A,-,01,23152,A,N,E,I,A,A,H,-,D,D,0,,,,,Y,Y,A,07,1,1,0,0,0,0,0,0,0,"- ","- ",38.343650817871094,-122.33975982666016,NAPA,UNINCORPORATED,-122.33969879150391,38.343696594238281
90866867,2018,2018-11-26,9325,2018-11-17,0030,021427,,6,3,9,2800,0,2,4,,1,082,"BERRYESSA KNOXVILLE RD.","KNOXVILLE DEVILHEAD RD",10560.00,N,N,A,-,N,,,,,,,,,,Y,2,0,2,1,A,-,08,22107,,N,E,I,A,A,H,-,D,D,0,,,,,Y,,A,07,1,1,0,0,0,0,0,0,0,"- ","- ",38.844230651855469,-122.37650299072266,NAPA,UNINCORPORATED,-122.37655639648438,38.844188690185547
90880849,2018,2018-12-12,9325,2018-11-28,2355,021425,,3,3,9,2800,0,1,3,,1,021,"SILVERADO TRAIL","STONECREST DR",1245.00,N,N,B,C,N,,,,,,,,,,N,2,0,1,1,A,-,01,23152,A,N,E,I,A,B,H,-,D,D,0,,,,,Y,Y,A,01,1,0,0,0,0,0,0,0,0,"- ","- ",38.316738128662109,-122.27491760253906,NAPA,UNINCORPORATED,-122.27487182617188,38.316867828369141
90910374,2019,2019-01-24,9325,2019-01-15,0850,015350,,2,1,5,2802,0,1,3,,1,022,"SR-29 S/B TO IMOLA AVENUE","IMOLA AVENUE",400.00,N,N,B,C,Y,,,,,,,,,,Y,2,0,1,1,A,-,03,22350,,N,E,I,A,B,H,-,A,A,0,,,,,Y,,A,01,1,0,0,0,0,0,0,0,0,"- ","- ",36.283199310302734,-122.30113983154297,NAPA,NAPA,-122.30032348632812,38.283016204833984
90914593,2018,2019-01-29,9325,2018-11-08,1300,015350,,4,1,9,2800,0,1,3,,2,071,SR-121,"HAIRE LANE",0.00,,N,A,-,Y,,,121,,,,,,,Y,1,1,0,2,A,-,08,22107,,N,A,C,A,A,H,-,A,D,0,,,,Y,Y,,G,26,0,0,0,0,0,0,0,0,0,"- ","- ",38.252330780029297,-122.375732421875,NAPA,UNINCORPORATED,-122.37575531005859,38.252372741699219
90969013,2019,2019-04-17,9325,2019-04-07,1144,021421,,7,1,9,2800,0,1,3,,1,030,SR-128,"CHILES POPE VALLEY RD",550.00,W,N,A,-,Y,,,128,,,,,,,Y,2,0,1,1,A,-,03,22350,,N,E,I,A,A,H,-,A,D,0,,,Y,,Y,,C,02,1,0,0,0,0,0,0,0,1,"- ","- ",38.488681793212891,-122.34900665283203,NAPA,UNINCORPORATED,-122.34909057617188,38.488731384277344
90978484,2019,2019-04-30,9325,2019-04-20,1512,021333,,6,2,9,2800,0,1,3,,1,081,"STATE ROUTE 121","CIRCLE OAKS DR",1584.00,S,N,A,-,Y,,,121,,,,,,,Y,2,0,1,2,A,-,03,22350,,N,D,C,A,A,H,-,A,D,0,,,Y,,Y,,C,02,1,0,0,0,0,0,0,0,1,"- ","- ",38.402320861816406,-122.20510101318359,NAPA,UNINCORPORATED,-122.205078125,38.402305603027344
90981175,2019,2019-06-11,9325,2019-03-12,1532,015447,,2,2,9,2800,0,3,5,,2,002,"SOLANO AVENUE","HILLVIEW LANE",2112.00,N,N,A,-,N,,,,,,,,,,Y,1,1,2,2,A,-,06,21751,,N,A,C,A,A,H,-,A,D,0,,,,,Y,,A,01,0,0,2,0,0,0,0,0,0,"- ","- ",38.373699188232422,-122.34310150146484,NAPA,UNINCORPORATED,-122.34339904785156,38.374488830566406
91000935,2019,2019-06-04,9325,2019-05-21,0900,014728,,2,1,9,2800,0,1,3,,1,021,"SR-121 N/B","WOODEN VALLEY RD.",6336.00,S,N,B,-,Y,,,121,,,,,,N,Y,2,0,1,1,A,-,08,22107,,N,E,I,A,B,H,-,A,D,0,,,,,Y,,A,01,1,0,0,0,0,0,0,0,0,"- ","- ",38.361709594726562,-122.20137023925781,NAPA,UNINCORPORATED,-122.20143127441406,38.361728668212891
91002105,2019,2019-06-03,9365,2019-05-22,2240,021382,,3,3,9,2800,0,2,4,,1,032,"AMERICAN CANYON RD.","CANYON RD.",2112.00,W,N,B,-,N,,,,,,,,,,Y,2,0,1,2,A,-,09,21804,A,N,D,C,A,A,H,-,D,D,0,,,Y,,Y,Y,A,07,1,0,0,0,0,0,0,0,1,"- ","- ",38.162818908691406,-122.21833801269531,NAPA,UNINCORPORATED,-122.21769714355469,38.162914276123047
91002440,2019,2019-06-03,9325,2019-05-22,1130,015350,,3,1,9,2800,0,1,3,,1,021,SR-121,"VICHY AVENUE",3696.00,N,N,A,-,Y,,,121,,,,,,,N,2,0,2,4,A,-,05,21460,A,N,B,C,A,A,H,-,A,A,0,,,Y,,Y,,C,02,1,1,0,0,0,0,0,0,2,"- ","- ",38.34490966796875,-122.25,NAPA,UNINCORPORATED,-122.24999237060547,38.344921112060547
91022870,2019,2019-07-02,9325,2019-06-28,0716,019847,,5,1,9,2800,0,1,3,,1,012,"SR-12 W/B","KIRKLAND RANCH RD",5280.00,E,N,A,-,Y,,,,,,,,,,Y,2,0,1,5,A,-,17,23114,A,N,H,J,A,A,H,-,A,D,0,,,Y,Y,Y,,G,26,1,0,0,0,0,0,0,0,1,"- ","- ",38.311088562011719,-122.2069091796875,NAPA,UNINCORPORATED,-122.21730041503906,38.214393615722656
91023815,2019,2019-07-03,9325,2019-06-27,0520,017746,,4,3,9,2800,0,1,3,,1,031,SR-29,"OAVILLE GRADE",986.00,S,N,A,-,Y,,,29,,,,,,,Y,2,0,1,1,A,-,08,22107,,N,E,I,A,A,H,-,B,D,0,,,,,Y,,A,07,1,0,0,0,0,0,0,0,0,"- ","- ",38.431301116943359,-122.39790344238281,NAPA,UNINCORPORATED,-122.39785003662109,38.431343078613281
9102724,2020,2021-02-04,2802,2020-04-19,2113,320455,50,7,5,5,2802,0,0,0,,0,02B,"IMOLA AV","SOSCOL AV",0.00,,Y,A,-,Y,NAP,4,121,-,-,6.010,I,5,S,Y,2,0,2,2,A,-,12,21453,A,N,D,C,A,A,H,-,C,A,0,,,,,Y,,A,01,1,0,1,0,0,0,0,0,0,"- ","- ",,,NAPA,NAPA,-122.27468872070312,38.280551910400391
91093180,2019,2019-12-18,9325,2019-08-05,2058,021081,,1,2,9,2800,0,1,3,,1,031,SR-29,"MEE LN",1056.00,S,N,A,-,Y,,,29,,,,,,,N,1,1,0,3,A,-,11,21956,A,N,G,B,D,A,H,-,D,D,0,Y,,,,Y,Y,N,60,0,0,0,1,0,0,0,0,0,"- ","- ",38.467071533203125,-122.4290771484375,NAPA,UNINCORPORATED,-122.42913055419922,38.467037200927734
91107194,2019,2019-10-28,9325,2019-10-19,1115,021605,,6,1,9,2800,0,1,3,,1,081,SR-121,"WOODEN VALLEY ROAD",3696.00,N,N,A,-,Y,,,121,,,,,,,N,2,0,1,1,A,-,08,22107,,N,F,A,A,A,H,-,A,D,0,,Y,,,Y,,L,04,1,0,0,0,0,0,1,0,0,"- ","- ",38.385818481445312,-122.20155334472656,NAPA,UNINCORPORATED,-122.20145416259766,38.385826110839844
91107195,2019,2019-10-28,9325,2019-10-19,1116,021605,,6,1,9,2800,0,1,3,,1,081,SR-121,"WOODEN VALLEY RD",3696.00,N,N,A,-,Y,,,121,,,,,,,N,2,0,1,1,A,-,08,22107,,N,F,A,A,A,H,-,A,D,0,,Y,,,Y,,L,04,1,0,0,0,0,0,1,0,0,"- ","- ",38.385818481445312,-122.20155334472656,NAPA,UNINCORPORATED,-122.20145416259766,38.385826110839844
91125160,2019,2019-11-20,9325,2019-11-13,1630,018110,,3,2,9,2800,0,1,3,,1,041,SR-29,"DIAMOND MOUNTAIN RD",1056.00,N,N,A,-,Y,,,29,,,,,,,Y,2,0,2,1,A,-,01,23152,A,N,E,I,A,A,H,-,A,A,0,,,,,Y,Y,A,07,1,1,0,0,0,0,0,0,0,"- ","- ",38.566329956054688,-122.56346893310547,NAPA,UNINCORPORATED,-122.56343841552734,38.566425323486328
91128280,2019,2019-11-25,9325,2019-06-23,2247,021385,,7,3,9,2800,0,3,5,,2,002,"ATLAS PEAK ROAD","HARDMAN AVENUE",280.00,S,N,A,-,N,,,,,,,,,,Y,1,1,1,1,A,-,01,23152,A,N,E,I,A,A,H,-,C,D,0,,,,,Y,Y,A,01,1,0,0,0,0,0,0,0,0,"- ","- ",38.348930358886719,-122.26715087890625,NAPA,UNINCORPORATED,-122.26735687255859,38.349102020263672
91130539,2019,2019-11-27,9325,2019-10-29,1445,014728,,2,2,9,2800,0,1,3,,1,021,SR-121,"VICHY AVE.",18480.00,N,N,A,-,Y,,,121,,,,,,,Y,2,0,1,2,A,-,05,21460,A,N,A,C,A,A,H,-,A,D,0,,,,,Y,,A,07,1,0,0,0,0,0,0,0,0,"- ","- ",38.354400634765625,-122.20552825927734,NAPA,UNINCORPORATED,-122.20552825927734,38.354335784912109
9113787,2020,2020-08-20,2802,2020-06-07,0159,320522,44,7,5,5,2802,0,0,0,,0,01B,"COOMBS ST","OAK ST",15.00,N,N,A,-,N,,,,,,,,,,Y,2,0,2,5,A,-,01,23153,A,N,C,E,A,A,H,-,C,A,0,,,,,Y,Y,A,01,2,0,0,0,0,0,0,0,0,"- ","- ",,,NAPA,NAPA,-122.28492736816406,38.293548583984375
91142509,2019,2019-12-12,9325,2019-08-03,1400,021333,,6,2,9,2800,0,1,3,,1,080,"STATE ROUTE 128","WRAGG CANYON RD",6864.00,E,N,A,-,Y,,,128,,,,,,,Y,1,1,0,1,A,-,08,22107,,N,E,I,A,A,H,-,A,D,0,,,Y,,Y,,C,02,0,0,0,0,0,0,0,1,0,"- ","- ",38.466899871826172,-122.15080261230469,NAPA,UNINCORPORATED,-122.15077972412109,38.466949462890625
91156392,2019,2019-12-31,9325,2019-12-28,0115,020776,,6,3,9,2800,0,3,5,,2,001,"S. KELLY",SR-12,274.00,S,N,A,-,N,,,,,,,,,,Y,2,0,2,2,A,-,01,23152,A,N,A,C,A,A,H,-,D,D,0,,,,,Y,Y,A,01,2,0,0,0,0,0,0,0,0,"- ","- ",38.221771240234375,-122.25359344482422,NAPA,UNINCORPORATED,-122.25348663330078,38.22186279296875
91166461,2020,2020-01-16,9325,2020-01-09,1850,019847,,4,2,9,2800,0,2,4,,1,042,"SILVERADO TRAIL","CLOVER FLAT ROAD",528.00,N,N,A,-,N,,,,,,,,,,Y,2,0,1,1,A,-,03,22350,,N,E,I,A,A,H,-,D,D,0,,,,,Y,,A,07,1,0,0,0,0,0,0,0,0,"- ","- ",38.576999664306641,-122.53314208984375,NAPA,UNINCORPORATED,-122.53184509277344,38.576641082763672
91200908,2020,2020-04-03,9325,2020-02-29,2358,021605,,6,3,9,2800,0,1,3,,1,043,"TUBBS LANE",SR-128,0.00,,Y,A,-,Y,,,,,,,,,,Y,2,0,2,1,A,-,01,23152,G,N,E,I,A,A,H,-,C,A,0,,,,,Y,Y,A,01,2,0,0,0,0,0,0,0,0,"- ","- ",38.588741302490234,-122.60713195800781,NAPA,UNINCORPORATED,-122.60708618164062,38.588748931884766
91201131,2019,2020-03-03,9325,2019-11-19,0210,017746,,2,3,9,2800,0,1,3,,1,041,SR-29,"BALE LANE",787.00,N,N,A,-,Y,,,29,,,,,,,Y,1,2,0,2,A,-,01,23152,F,N,A,C,A,A,H,-,D,A,0,,,,,Y,,A,01,0,0,0,0,0,0,0,0,0,"- ","- ",38.551971435546875,-122.51799011230469,NAPA,UNINCORPORATED,-122.51799774169922,38.551933288574219
91215992,2020,2020-03-26,9325,2020-03-19,1410,015350,,4,2,9,2800,0,3,5,,1,008,"WOODEN VALLEY ROAD",SR-121,4224.00,E,N,A,-,N,,,,,,,,,,Y,2,0,1,1,A,-,03,22350,,N,E,I,A,A,H,-,A,A,0,,,Y,,Y,,C,02,1,0,0,0,0,0,0,0,1,"- ","- ",38.375381469726562,-122.18950653076172,NAPA,UNINCORPORATED,,
91238639,2020,2020-05-18,9325,2020-05-02,1115,021005,,6,1,9,2800,0,1,3,,1,021,SR-121,"VICHY AVE",3168.00,N,N,A,-,Y,,,121,,,,,,,Y,2,0,1,1,A,-,03,22350,,N,F,A,A,A,H,-,A,D,0,,,Y,,Y,,C,02,1,0,0,0,0,0,0,0,1,"- ","- ",38.34490966796875,-122.24983215332031,NAPA,UNINCORPORATED,-122.24983215332031,38.34490966796875
91246077,2020,2020-06-01,9325,2020-05-25,1300,014728,,1,1,9,2800,0,1,3,,1,011,"SR-29 S/B","S. KELLY RD.",70.00,N,N,A,-,Y,,,29,,,,,,S,Y,2,0,1,2,A,-,03,22350,,N,C,C,A,A,H,-,A,A,0,,,,,Y,,A,01,1,0,0,0,0,0,0,0,0,"- ","- ",38.207698822021484,-122.25627136230469,NAPA,UNINCORPORATED,-122.25629425048828,38.207698822021484
91249067,2020,2020-06-08,9325,2020-06-05,0615,014728,,5,1,9,2800,0,1,S,,2,024,"SR-29 N/B","MADISON ST.",2244.00,S,N,A,-,Y,,,29,,,,,,N,Y,2,0,4,1,A,-,08,22107,,N,E,I,A,A,H,-,A,A,0,,,,,Y,,A,08,4,0,0,0,0,0,0,0,0,"- ","- ",38.404769897460938,-122.36696624755859,NAPA,UNINCORPORATED,-122.36708831787109,38.404651641845703
91249850,2020,2020-06-09,9325,2020-04-12,1650,021521,,7,2,9,2800,0,1,3,,1,080,"SR-128 W/B","WRAGG CANYON ROAD",9504.00,E,N,A,-,Y,,,128,,,,,,W,Y,1,1,0,1,A,-,03,22350,,N,F,A,A,A,H,-,A,D,0,,,Y,,Y,,C,02,0,0,0,0,0,0,0,1,0,"- ","- ",38.469871520996094,-122.14614105224609,NAPA,UNINCORPORATED,-122.14614105224609,38.469871520996094
91263867,2020,2020-07-06,9325,2020-06-29,1315,017538,,1,1,9,2800,0,1,3,,1,012,SR-12,"KIRKLAND RANCH RD",2640.00,E,N,A,-,Y,,,12,,,,,,,Y,2,0,1,1,A,-,08,22107,,N,E,J,A,A,H,-,A,D,0,,,,,Y,Y,A,07,1,0,0,0,0,0,0,0,0,"- ","- ",38.213508605957031,-122.21440887451172,NAPA,UNINCORPORATED,-122.21443176269531,38.213443756103516
9126816,2020,2020-10-05,2802,2020-07-15,2212,320108,125,3,5,5,2802,0,0,0,,0,01A,"MAIN ST","YOUNT ST",200.00,N,N,A,-,N,,,,,,,,,,Y,2,0,1,4,A,-,01,23152,A,N,C,E,A,A,H,-,C,D,0,,,,,Y,Y,A,01,1,0,0,0,0,0,0,0,0,"- ","- ",,,NAPA,NAPA,-122.28980255126953,38.304519653320312
91276781,2020,2020-07-30,9325,2020-07-21,0035,020615,,2,3,9,2800,0,1,3,,1,043,SR-128,"TUBBS LN",0.00,,Y,A,-,Y,,,128,,,,,,,Y,2,0,2,1,A,-,01,23153,A,N,E,I,A,A,H,-,D,A,0,,,,,Y,,A,01,1,1,0,0,0,0,0,0,0,"- ","- ",38.588741302490234,-122.60719299316406,NAPA,UNINCORPORATED,-122.60713958740234,38.588802337646484
91276946,2020,2020-07-30,9325,2020-07-23,1535,015350,,4,2,9,2800,0,2,4,,1,023,"SILVERADO TRAIL","OAK KNOLL AVENUE",5808.00,N,N,A,-,N,,,,,,,,,,Y,2,0,2,4,A,-,08,22107,,N,A,C,A,A,H,-,A,A,0,,,,,Y,,A,08,1,0,1,0,0,0,0,0,0,"- ","- ",38.383808135986328,-122.31298065185547,NAPA,UNINCORPORATED,-122.3123779296875,38.383113861083984
91282184,2020,2020-08-07,9325,2020-08-01,1822,021969,,6,2,9,2800,0,2,4,,1,082,"KNOXVILLE RD","POPE CANYON RD",7920.00,S,N,A,-,N,,,,,,,,,,Y,2,0,1,1,A,-,01,23152,A,N,E,I,A,A,H,-,A,D,0,,,,,Y,Y,D,22,1,0,0,0,0,0,0,0,0,"- ","- ",38.601749420166016,-122.27665710449219,NAPA,UNINCORPORATED,,
91284932,2020,2020-08-12,9325,2020-08-08,1120,015350,,6,1,9,2800,0,1,3,,1,081,SR-121,SR-128,2640.00,S,N,A,-,Y,,,121,,,,,,,Y,2,0,1,2,A,-,05,21460,A,N,B,C,A,A,H,-,A,A,0,,,Y,,Y,,C,02,1,0,0,0,0,0,0,0,1,"- ","- ",38.440788269042969,-122.20281982421875,NAPA,UNINCORPORATED,-122.20281982421875,38.440792083740234
91290005,2020,2020-08-21,9325,2020-08-14,1132,020829,,5,1,9,2800,0,1,3,,1,011,"N/B SR-29","SOSCOL FERRY ROAD",728.00,S,N,A,-,Y,,,29,,,,,,,Y,2,0,1,2,A,-,07,21658,A,N,B,C,A,A,H,-,A,D,0,,,,,Y,,D,22,1,0,0,0,0,0,0,0,0,"- ","- ",38.240058898925781,-122.26715850830078,NAPA,UNINCORPORATED,-122.26716613769531,38.240055084228516
91291137,2020,2020-10-12,9325,2020-08-15,1640,021896,,6,2,9,2800,0,1,3,,1,022,"WASHINGTON STREET","SR-29 S/B",0.00,,Y,A,-,Y,,,,,,,,,,Y,2,0,1,2,A,-,09,21802,A,N,D,C,A,A,H,-,A,A,0,,,,,Y,,A,01,1,0,0,0,0,0,0,0,0,"- ","- ",38.366611480712891,-122.33876037597656,NAPA,UNINCORPORATED,,