CASE_ID,ACCIDENT_YEAR,PROC_DATE,JURIS,COLLISION_DATE,COLLISION_TIME,OFFICER_ID,REPORTING_DISTRICT,DAY_OF_WEEK,CHP_SHIFT,POPULATION,CNTY_CITY_LOC,SPECIAL_COND,BEAT_TYPE,CHP_BEAT_TYPE,CITY_DIVISION_LAPD,CHP_BEAT_CLASS,BEAT_NUMBER,PRIMARY_RD,SECONDARY_RD,DISTANCE,DIRECTION,INTERSECTION,WEATHER_1,WEATHER_2,STATE_HWY_IND,CALTRANS_COUNTY,CALTRANS_DISTRICT,STATE_ROUTE,ROUTE_SUFFIX,POSTMILE_PREFIX,POSTMILE,LOCATION_TYPE,RAMP_INTERSECTION,SIDE_OF_HWY,TOW_AWAY,COLLISION_SEVERITY,NUMBER_KILLED,NUMBER_INJURED,PARTY_COUNT,PRIMARY_COLL_FACTOR,PCF_CODE_OF_VIOL,PCF_VIOL_CATEGORY,PCF_VIOLATION,PCF_VIOL_SUBSECTION,HIT_AND_RUN,TYPE_OF_COLLISION,MVIW,PED_ACTION,ROAD_SURFACE,ROAD_COND_1,ROAD_COND_2,LIGHTING,CONTROL_DEVICE,CHP_ROAD_TYPE,PEDESTRIAN_ACCIDENT,BICYCLE_ACCIDENT,MOTORCYCLE_ACCIDENT,TRUCK_ACCIDENT,NOT_PRIVATE_PROPERTY,ALCOHOL_INVOLVED,STWD_VEHTYPE_AT_FAULT,CHP_VEHTYPE_AT_FAULT,COUNT_SEVERE_INJ,COUNT_VISIBLE_INJ,COUNT_COMPLAINT_PAIN,COUNT_PED_KILLED,COUNT_PED_INJURED,COUNT_BICYCLIST_KILLED,COUNT_BICYCLIST_INJURED,COUNT_MC_KILLED,COUNT_MC_INJURED,PRIMARY_RAMP,SECONDARY_RAMP,LATITUDE,LONGITUDE,COUNTY,CITY,POINT_X,POINT_Y
91315560,2020,2020-10-01,9325,2020-09-21,1240,017559,,1,1,2,2804,0,1,3,,1,031,SR-29,"MADISON ST",25.00,N,N,A,-,Y,,,29,,,,,,,Y,2,0,1,1,A,-,08,22107,,N,E,I,A,A,H,-,A,A,0,,,,,Y,,D,22,1,0,0,0,0,0,0,0,0,"- ","- ",38.40625,-122.36872863769531,NAPA,YOUNTVILLE,-122.36878967285156,38.406150817871094
91332822,2020,2020-10-28,9325,2020-10-24,1105,019411,,6,1,9,2800,0,1,3,,1,031,"S/B SR-29","WHITEHALL LANE",150.00,S,N,A,-,Y,,,29,,,,,,,N,2,0,1,1,A,-,03,22350,,N,F,A,A,A,H,-,A,D,0,,Y,,,Y,,L,04,1,0,0,0,0,0,1,0,0,"- ","- ",38.476799011230469,-122.43589782714844,NAPA,UNINCORPORATED,-122.43584442138672,38.476837158203125
91350099,2020,2020-11-20,9325,2020-10-24,0852,019847,,6,1,9,2800,0,1,3,,1,011,"SR-29 N/B","SOSCOL CREEK ROAD",1266.00,S,N,B,-,Y,,,29,,,,,,N,N,1,1,0,2,A,-,08,22107,,N,C,G,A,A,H,-,A,D,0,,Y,,,Y,,L,04,0,0,0,0,0,1,0,0,0,"- ","- ",38.234241485595703,-122.26035308837891,NAPA,UNINCORPORATED,-122.26038360595703,38.234214782714844
91359568,2020,2020-12-07,9325,2020-11-26,1410,022538,,4,2,9,2800,0,1,3,,1,081,"SR-128 W/B",SR-121,0.00,,Y,A,-,Y,,,,,,,,,,Y,2,0,1,2,A,-,03,22350,,N,D,C,A,A,H,-,A,D,0,,,Y,,Y,,C,02,1,0,0,0,0,0,0,0,1,"- ","- ",38.264438629150391,-122.11473846435547,NAPA,UNINCORPORATED,,
91359788,2020,2020-12-07,9325,2020-11-28,1625,022560,,6,2,9,2800,0,3,5,,2,002,"BIG RANCH ROAD","OAK KNOLL AVENUE",63.00,S,N,A,-,N,,,,,,,,,,Y,2,0,5,4,A,-,01,23152,A,N,C,C,A,A,H,-,A,D,0,,,,,Y,Y,A,01,1,0,4,0,0,0,0,0,0,"- ","- ",38.362178802490234,-122.31257629394531,NAPA,UNINCORPORATED,-122.31290435791016,38.362773895263672
91366059,2020,2020-12-14,9325,2020-12-06,1300,021382,,7,1,9,2800,0,3,5,,2,003,"POPE CANYON RD.","BERRYESSA KNOXVILLE RD.",12144.00,W,N,A,-,N,,,,,,,,,,Y,2,0,1,2,A,-,05,21460,A,N,D,C,A,A,H,-,A,D,0,,,Y,,Y,,C,02,1,0,0,0,0,0,0,0,1,"- ","- ",38.625339508056641,-122.32402038574219,NAPA,UNINCORPORATED,-122.32415008544922,38.625541687011719
91374187,2020,2020-12-23,9325,2020-12-16,0945,015674,,3,1,9,2800,0,3,5,,2,004,"TUBBS LN",SR29,1584.00,W,N,B,-,N,,,,,,,,,,Y,2,0,2,2,A,-,08,22107,,N,A,C,A,A,H,-,A,D,0,,,,Y,Y,,A,01,1,0,1,0,0,0,0,0,0,"- ","- ",38.601058959960938,-122.59819030761719,NAPA,UNINCORPORATED,,
91400936,2021,2021-02-02,9325,2021-01-21,1641,015447,,4,2,9,2800,0,1,3,,1,011,SR-29,SR-221,0.00,,Y,A,-,Y,,,29,,,,,,,Y,2,0,1,2,A,-,03,22350,,N,D,C,A,A,H,-,A,A,0,,,,,Y,,A,07,1,0,0,0,0,0,0,0,0,"- ","- ",38.241378784179688,-122.26937103271484,NAPA,UNINCORPORATED,-122.26934814453125,38.241409301757812
91408837,2021,2021-06-08,9325,2021-02-07,2210,022560,,7,3,9,2800,0,1,3,,1,080,"SR-128 E/B","WRAGG CANYON RD",7920.00,E,N,B,-,Y,,,128,,,,,,E,Y,2,0,2,1,A,-,03,22350,,N,E,I,A,A,H,-,D,D,0,,,,,Y,,A,01,1,1,0,0,0,0,0,0,0,"- ","- ",38.466499328613281,-122.14669799804688,NAPA,UNINCORPORATED,-122.14701843261719,38.466564178466797
91427192,2021,2021-03-15,9325,2021-02-24,1345,022538,,3,1,9,2800,0,1,3,,1,044,SR-29,"OLD LAWLEY TOLL RD",17952.00,N,N,A,-,Y,,,29,,,,,,,Y,2,0,1,1,A,-,01,23152,F,N,E,I,A,A,H,-,A,D,0,,,,,Y,,A,01,1,0,0,0,0,0,0,0,0,"- ","- ",38.393798828125,-122.35430145263672,NAPA,UNINCORPORATED,-122.35459899902344,38.393566131591797
91428491,2021,2021-03-16,9325,2021-03-05,0525,020829,,5,3,9,2800,0,3,5,,2,007,"CUTTING WHARF ROAD","MIDDLE AVENUE",84.00,N,N,A,-,N,,,,,,,,,,Y,2,0,1,1,A,-,08,22107,,N,E,I,A,A,H,-,D,D,0,,,,,Y,,A,01,1,0,0,0,0,0,0,0,0,"- ","- ",38.247749328613281,-122.31976318359375,NAPA,UNINCORPORATED,-122.31974792480469,38.247711181640625
91440617,2021,2021-04-01,9325,2021-02-23,0650,014728,,2,1,2,2804,0,1,S,,2,024,"SR-29 N/B","CALIFORNIA DR.",200.00,N,N,A,-,Y,,,29,,,,,,N,Y,2,0,2,4,A,-,03,22350,,N,C,C,A,A,H,-,A,A,0,,,,,Y,,A,01,1,0,1,0,0,0,0,0,0,"- ","- ",38.397911071777344,-122.35929107666016,NAPA,YOUNTVILLE,-122.35930633544922,38.397891998291016
91488812,2021,2021-06-03,9325,2021-05-22,0225,021896,,6,3,9,2800,0,1,3,,2,071,"STATE ROUTE 121","OLD SONOMA HWY",0.00,,Y,A,-,Y,,,121,,,,,,,Y,2,0,1,1,A,-,01,23152,A,N,E,I,A,A,H,-,D,A,0,,,,,Y,Y,A,01,1,0,0,0,0,0,0,0,0,"- ","- ",38.254749298095703,-122.33609771728516,NAPA,UNINCORPORATED,-122.33608245849609,38.254589080810547
91490370,2021,2021-06-07,9325,2021-05-31,1730,017559,,1,2,5,2802,0,1,3,,1,022,"STATE ROUTE 29 N/B","FIRST ST OVPS",2248.00,S,N,A,-,Y,,,29,,,,,,N,Y,2,0,1,1,A,-,08,22107,,N,E,I,A,A,H,-,A,D,0,,,,,Y,,A,07,1,0,0,0,0,0,0,0,0,"- ","- ",38.293239593505859,-122.30198669433594,NAPA,NAPA,-122.30204772949219,38.293243408203125
91501784,2020,2021-06-21,9325,2020-06-30,1105,017538,,2,1,9,2800,0,1,3,,1,013,SR-221,"STREBLOW DRIVE",0.00,,Y,A,-,Y,,,221,,,,,,,Y,1,1,0,2,B,-,22,,,N,D,C,A,A,H,-,A,A,0,,,,,Y,,J,43,0,0,0,0,0,0,0,0,0,"- ","- ",38.270099639892578,-122.27200317382812,NAPA,UNINCORPORATED,-122.27194213867188,38.270111083984375
91521203,2021,2021-07-15,9325,2021-07-08,1515,020615,,4,2,9,2800,0,3,5,,2,002,SR-29,"WASHINGTON STREET",0.00,,Y,A,-,Y,,,29,,,,,,,Y,2,0,3,2,A,-,09,21801,A,N,D,C,A,A,H,-,A,A,0,,,,,Y,,A,01,1,2,0,0,0,0,0,0,0,"- ","- ",38.385700225830078,-122.34922790527344,NAPA,UNINCORPORATED,-122.3492431640625,38.385692596435547
91524457,2021,2021-07-20,9325,2021-07-08,0630,021382,,4,1,9,2800,0,1,3,,1,041,SR-29,"AZALEA SPRINGS WAY",190.00,N,N,B,-,Y,,,29,,,,,,,Y,2,0,2,2,A,-,05,21460,A,N,A,C,A,A,H,-,A,D,0,,,,,Y,,A,01,1,1,0,0,0,0,0,0,0,"- ","- ",38.564041137695312,-122.55142211914062,NAPA,UNINCORPORATED,-122.55142211914062,38.564041137695312
91535748,2021,2021-08-03,9325,2021-07-24,2335,021449,,6,3,9,2800,0,1,3,,1,021,"STATE ROUTE 121","SILVERADO TRAIL",0.00,,Y,A,-,Y,,,121,,,,,,,Y,2,0,5,3,A,-,01,23152,A,N,D,2,A,A,H,-,C,A,0,,,,,Y,Y,A,07,2,0,3,0,0,0,0,0,0,"- ","- ",38.325740814208984,-122.2742919921875,NAPA,UNINCORPORATED,-122.27426910400391,38.325706481933594
91543416,2021,2021-08-12,9325,2021-07-31,1030,017746,,6,1,9,2800,0,3,5,,1,008,"BUTTS CANYON ROAD","JAMES CREEK RD",10560.00,E,N,A,-,N,,,,,,,,,,Y,2,0,1,1,A,-,08,22107,,N,F,A,A,A,H,-,A,D,0,,,Y,,Y,,C,02,1,0,0,0,0,0,0,0,1,"- ","- ",38.683368682861328,-122.44583892822266,NAPA,UNINCORPORATED,-122.44615173339844,38.683734893798828
91548989,2021,2021-08-19,9325,2021-08-07,1145,021382,,6,1,9,2800,0,3,5,,1,008,"BUTTS CANYON RD","SNELL VALLEY RD",4752.00,S,N,A,-,N,,,,,,,,,,Y,2,0,1,1,A,-,08,22107,,N,E,I,A,A,H,-,A,D,0,,,Y,,Y,,C,02,1,0,0,0,0,0,0,0,1,"- ","- ",38.683181762695312,-122.44573974609375,NAPA,UNINCORPORATED,-122.44574737548828,38.682998657226562
91565191,2021,2021-09-08,9325,2021-08-27,2159,021425,,5,2,9,2800,0,2,4,,2,032,"SILVERADO TRAIL","PRATT AVENUE",452.00,S,N,A,-,Y,,,,,,,,,,Y,2,0,1,1,A,-,03,22350,,N,E,8,A,A,H,-,D,D,0,,,,,Y,,A,08,1,0,0,0,0,0,0,0,0,"- ","- ",38.519931793212891,-122.47154235839844,NAPA,UNINCORPORATED,-122.47154235839844,38.520011901855469
91568412,2021,2021-09-13,9325,2021-08-29,1604,021083,,7,2,9,2800,0,1,3,,1,012,"SR-12 TO SR-29",SR-29,100.00,E,N,A,-,Y,,,12,,,,R,,,Y,2,0,1,1,A,-,08,22107,,N,F,A,A,A,H,-,A,D,0,,,Y,,Y,,C,02,1,0,0,0,0,0,0,0,1,"- ","- ",38.223308563232422,-122.25747680664062,NAPA,UNINCORPORATED,-122.25747680664062,38.223308563232422
91575317,2021,2021-09-21,9325,2021-09-10,0745,021382,,5,1,9,2800,0,3,5,,2,002,"SOLANO AVE.","HOFFMAN LN.",800.00,N,N,A,-,N,,,,,,,,,,N,2,0,1,2,A,-,08,22107,,N,G,B,E,B,H,-,A,D,0,Y,,,,Y,,A,01,1,0,0,0,1,0,0,0,0,"- ","- ",38.867038726806641,-122.35099029541016,NAPA,UNINCORPORATED,-122.35118103027344,38.387332916259766
91582529,2021,2021-09-29,9325,2021-06-17,1600,021005,,4,2,9,2800,0,3,5,,1,008,"KNOXVILLE ROAD","KNOXVILLE YOLO ROAD",20592.00,S,N,A,-,N,,,,,,,,,,Y,1,1,0,1,A,-,08,22107,,N,E,I,A,A,E,-,A,D,0,,,,,Y,,D,22,0,0,0,0,0,0,0,0,0,"- ","- ",38.786979675292969,-122.28988647460938,NAPA,UNINCORPORATED,,
91598698,2021,2021-10-18,9325,2021-05-07,2100,021896,,5,2,9,2800,0,1,S,,2,024,SR-29,"WASHINGTON ST",550.00,S,N,A,-,Y,,,29,,,,,,,Y,1,1,3,2,A,-,01,23152,A,N,A,C,A,A,H,-,D,D,0,,,,,Y,Y,A,01,1,0,2,0,0,0,0,0,0,"- ","- ",38.410888671875,-122.38050842285156,NAPA,UNINCORPORATED,-122.38052368164062,38.410861968994141
91608650,2021,2021-12-09,9325,2021-10-17,1655,021896,,7,2,9,2800,0,1,3,,1,044,SR-29,"TUBBS LANE",3696.00,N,N,C,-,Y,,,29,,,,,,,N,2,0,2,2,A,-,05,21460,A,N,D,C,A,B,H,-,A,D,0,,,,,Y,,D,22,1,0,1,0,0,0,0,0,0,"- ","- ",38.61029052734375,-122.59420013427734,NAPA,UNINCORPORATED,-122.59420776367188,38.610298156738281
91611827,2021,2021-11-01,9325,2021-10-12,0845,018379,,2,1,9,2800,0,1,3,,1,041,SR-29,"DRIVEWAY TO 3718 SR-29. SOUTH ENTRANCE TO LARKMEAD",97.00,N,N,A,-,Y,,,29,,,,,,,Y,2,0,1,1,C,-,18,,,N,E,8,A,A,H,-,A,D,0,,,,,Y,,-,"- ",1,0,0,0,0,0,0,0,0,"- ","- ",38.553329467773438,-122.52214050292969,NAPA,UNINCORPORATED,-122.52214813232422,38.553173065185547
91615810,2021,2021-11-04,9325,2021-10-18,0840,015674,,1,1,9,2800,0,2,4,,1,023,"SILVERADO TRAIL","OAK KNOLL AVE.",3326.00,N,N,A,-,N,,,,,,,,,,Y,2,0,1,2,A,-,01,23152,F,N,B,C,A,B,H,-,A,D,0,,,,,Y,,A,01,1,0,0,0,0,0,0,0,0,"- ","- ",38.377849578857422,-122.30774688720703,NAPA,UNINCORPORATED,-122.30756378173828,38.377445220947266
91630692,2021,2021-11-19,9325,2021-11-07,2040,022538,,7,2,9,2800,0,3,5,,2,004,"OLD LAWLEY TOLL RD",SR-29,8976.00,N,N,A,-,N,,,,,,,,,,Y,2,0,2,1,A,-,01,23152,A,F,E,I,A,A,H,-,D,D,0,,,Y,,Y,Y,C,02,1,1,0,0,0,0,0,0,2,"- ","- ",38.621921539306641,-122.58876800537109,NAPA,UNINCORPORATED,,
91667619,2020,2021-12-31,9325,2020-10-17,1505,021083,,6,2,9,2800,0,1,3,,1,022,SR-29,"HOFFMAN LN",0.00,,Y,A,-,Y,,,29,,,,,,,Y,1,1,1,2,A,-,01,23152,A,N,D,C,A,A,H,-,A,D,0,,,,,Y,Y,D,22,0,1,0,0,0,0,0,0,0,"- ","- ",38.385608673095703,-122.34932708740234,NAPA,UNINCORPORATED,-122.349365234375,38.385589599609375
91671033,2021,2022-01-05,9325,2021-11-05,2201,019847,,5,3,9,2800,0,1,S,,2,040,"TRANCAS STREET","SILVERADO TRAIL",150.00,W,N,A,-,Y,,,,,,,,,,N,1,1,0,2,A,-,11,21954,A,N,G,B,D,A,H,-,D,D,0,Y,,,,Y,,N,60,0,0,0,1,0,0,0,0,0,"- ","- ",38.325069427490234,-122.27925872802734,NAPA,UNINCORPORATED,-122.27476501464844,38.325527191162109
9167892,2020,2020-11-16,2802,2020-09-02,1126,185,12,3,5,5,2802,0,0,0,,0,003,"JEFFERSON ST","RUBICON ST",5.00,S,N,A,-,N,,,,,,,,,,N,2,0,1,2,A,-,10,21950,A,N,G,B,B,A,H,-,A,D,0,Y,,,,Y,,A,01,1,0,0,0,1,0,0,0,0,"- ","- ",,,NAPA,NAPA,-122.30120849609375,38.324226379394531
91696739,2022,2022-02-09,9325,2022-02-01,0845,017559,,2,1,9,2800,0,1,3,,1,044,SR-29,"TUBBS LANE",31680.00,N,N,A,-,Y,NAP,,29,,,45.586,H,,R,Y,2,0,1,2,A,-,05,21460,,N,A,C,A,A,H,-,A,D,0,,,,Y,Y,,A,01,1,0,0,0,0,0,0,0,0,"- ","- ",38.654830932617188,-122.59902954101562,NAPA,UNINCORPORATED,-122.59902191162109,38.654819488525391
91715080,2022,2022-03-04,9325,2022-02-25,1645,020615,,5,2,9,2800,0,1,3,,1,081,SR-121,"CIRCLE OAKS DRIVE",4224.00,S,N,A,-,Y,NAP,,121,,,17.574,H,,R,N,2,0,1,1,A,-,03,22350,,N,E,I,A,A,H,-,A,D,0,,,Y,,Y,,C,02,1,0,0,0,0,0,0,0,1,"- ","- ",38.395278930664062,-122.20378112792969,NAPA,UNINCORPORATED,-122.20375823974609,38.395286560058594
91715290,2022,2022-03-04,9325,2022-02-21,0045,022538,,1,3,9,2800,0,2,4,,2,032,"SILVERADO TRAIL","TAPLIN RD",1056.00,N,N,A,-,N,,,,,,,,,,Y,2,0,5,1,A,-,01,23152,A,F,E,I,A,A,H,-,D,D,0,,,,,Y,Y,A,01,1,3,1,0,0,0,0,0,0,"- ","- ",38.5035400390625,-122.43399810791016,NAPA,UNINCORPORATED,-122.43401336669922,38.503364562988281
91738219,2022,2022-03-31,9325,2022-03-20,1725,019411,,7,2,9,2800,0,1,3,,1,013,"SR-221 S/B",SR-29,1056.00,N,N,A,-,Y,NAP,,221,,,0.242,H,,L,Y,2,0,4,3,A,-,03,22350,,N,C,C,A,A,H,-,A,D,0,,,,,Y,,A,01,3,1,0,0,0,0,0,0,0,"- ","- ",38.244880676269531,-122.26930236816406,NAPA,UNINCORPORATED,-122.26930999755859,38.244880676269531
91751341,2022,2022-04-19,9325,2022-04-12,0825,015176,,2,1,9,2800,0,1,3,,1,080,SR-128,"SOLANO COUNTY LINE",2850.00,W,N,A,-,Y,NAP,,128,,,33.744,H,,R,Y,2,0,1,2,A,-,05,21460,A,N,F,I,A,A,H,-,A,D,0,,,Y,Y,Y,,C,02,1,0,0,0,0,0,0,0,1,"- ","- ",38.509441375732422,-122.11161804199219,NAPA,UNINCORPORATED,-122.11161804199219,38.509437561035156
91755330,2022,2022-04-25,9325,2022-04-17,1420,021605,,7,2,9,2800,0,1,3,,1,080,SR-128,"LOWER CHILES VALLEY ROAD",5280.00,W,N,A,-,Y,NAP,,128,,,14.704,H,,R,Y,2,0,1,1,A,-,08,22107,,N,E,I,A,A,H,-,A,D,0,,,Y,,Y,,C,02,1,0,0,0,0,0,0,0,1,"- ","- ",38.490589141845703,-122.29579162597656,NAPA,UNINCORPORATED,-122.29576873779297,38.490566253662109
91766508,2022,2022-05-06,9325,2022-04-30,1800,022560,,6,2,9,2800,0,3,5,,1,008,"KNOXVILLE DEVILHEAD RD","BERRYESSA KNOXVILLE RD",19.00,S,N,A,-,N,,,,,,,,,,N,2,0,1,1,A,-,08,22107,,N,F,A,A,A,A,-,A,D,0,,,Y,,Y,,C,02,1,0,0,0,0,0,0,0,1,"- ","- ",38.824760437011719,-122.35484313964844,NAPA,UNINCORPORATED,-122.35487365722656,38.824787139892578
91787825,2022,2022-06-03,9325,2022-05-23,0545,015786,,1,3,9,2800,0,3,5,,1,008,"POPE CANYON ROAD","POPE VALLEY CROSS RD",1000.00,E,N,A,-,N,,,,,,,,,,Y,2,0,2,3,A,-,06,21750,,N,B,C,A,A,H,-,B,D,0,,,,Y,Y,,A,01,1,0,1,0,0,0,0,0,0,"- ","- ",38.616920471191406,-122.39463806152344,NAPA,UNINCORPORATED,-122.39556884765625,38.615238189697266
91801743,2022,2022-06-30,9325,2022-06-14,0605,015176,,2,1,9,2800,0,1,3,,1,044,SR-29,"TUBBS LN.",7920.00,N,N,A,-,Y,NAP,,29,,,41.114,H,,R,Y,2,0,2,2,A,-,01,23152,F,N,A,C,A,A,H,-,A,D,0,,,,,Y,,A,01,1,0,1,0,0,0,0,0,0,"- ","- ",38.620861053466797,-122.5972900390625,NAPA,UNINCORPORATED,-122.59727478027344,38.620868682861328
91802079,2022,2022-06-23,9325,2022-06-18,1345,021083,,6,1,9,2800,0,3,5,,1,008,"BUTTS CANYON RD","SNELL VALLEY ROAD",2112.00,N,N,A,-,N,,,,,,,,,,Y,2,0,1,1,A,-,01,23152,A,N,E,I,A,A,H,-,A,D,0,,,Y,,Y,Y,C,02,1,0,0,0,0,0,0,0,1,"- ","- ",38.702388763427734,-122.46031188964844,NAPA,UNINCORPORATED,-122.45026397705078,38.699207305908203
91802115,2022,2022-06-23,9325,2022-06-18,1825,021083,,6,2,9,2800,0,1,3,,1,081,SR-121,"CIRCLE OAKS DRIVE",2112.00,S,N,A,-,Y,NAP,,121,,,18.070,H,,R,Y,2,0,1,1,A,-,01,23152,A,N,E,I,A,A,H,-,A,D,0,,,,,Y,Y,A,08,1,0,0,0,0,0,0,0,0,"- ","- ",38.401588439941406,-122.20517730712891,NAPA,UNINCORPORATED,-122.20524597167969,38.401531219482422
9180221,2020,2020-12-01,2802,2020-10-22,1334,320501,58,4,5,5,2802,0,0,0,,0,04A,"RT 29","TROWER AV",450.00,S,N,A,-,Y,NAP,4,29,-,-,13.770,H,-,N,Y,2,0,2,2,A,-,03,22350,,N,C,C,A,-,H,-,A,A,0,,,,,Y,,-,,1,0,1,0,0,0,0,0,0,"- ","- ",,,NAPA,NAPA,-122.31603240966797,38.329509735107422
91803446,2022,2022-06-27,9325,2022-04-22,0100,019913,,5,3,9,2800,0,1,3,,1,021,"SR-121 S/B","WILD HORSE VALLEY ROAD",1396.00,S,N,B,-,Y,NAP,,121,,,13.915,H,,L,Y,1,1,0,1,A,-,01,23152,A,N,F,I,A,A,H,-,D,D,0,,,,,Y,Y,-,"- ",0,0,0,0,0,0,0,0,0,"- ","- ",38.356410980224609,-122.20871734619141,NAPA,UNINCORPORATED,-122.20867919921875,38.356319427490234
91805122,2022,2022-06-28,9325,2022-06-21,0430,020829,,2,3,9,2800,0,1,S,,2,024,"SR-29 S/B","MADISON STREET",0.00,,Y,A,-,Y,NAP,,29,,,19.808,H,,L,Y,2,0,1,2,A,-,12,21453,A,N,D,C,A,A,H,-,C,A,0,,,Y,,Y,,C,02,1,0,0,0,0,0,0,0,1,"- ","- ",38.406070709228516,-122.36869049072266,NAPA,UNINCORPORATED,-122.36867523193359,38.406082153320312
91881618,2022,2022-10-04,9325,2022-09-26,0905,021201,,1,1,9,2800,0,2,4,,1,042,"SILVERADO TRAIL","BALE LANE",1228.00,N,N,A,-,N,,,,,,,,,,N,2,0,1,1,A,-,21,22106,,N,F,A,A,A,A,-,A,D,0,,Y,,,Y,,M,91,1,0,0,0,0,0,1,0,0,"- ","- ",34.952999114990234,-120.41549682617188,NAPA,UNINCORPORATED,-122.50698089599609,38.560031890869141
91906645,2022,2022-11-01,9325,2022-10-21,2105,022562,,5,2,9,2800,0,1,3,,1,022,SR-29,"HOFFMAN LANE",5280.00,S,N,B,-,Y,NAP,,29,,,17.129,H,,R,Y,2,0,2,2,A,-,03,22350,,N,C,2,A,A,H,-,D,D,0,,,,,Y,,A,07,1,1,0,0,0,0,0,0,0,"- ","- ",38.373741149902344,-122.34203338623047,NAPA,UNINCORPORATED,-122.34211730957031,38.373714447021484
91929666,2022,2022-11-30,9325,2022-10-12,1142,015447,,3,1,9,2800,0,2,4,,2,032,"SILVERADO TRAIL","OAKVILLE CROSS ROAD",2112.00,N,N,A,-,N,,,,,,,,,,Y,1,1,0,2,A,-,03,22350,,N,C,C,A,A,H,-,A,D,0,,,,Y,Y,,D,22,0,0,0,0,0,0,0,0,0,"- ","- ",38.459949493408203,-122.367919921875,NAPA,UNINCORPORATED,-122.36834716796875,38.460155487060547
91976843,2023,2023-01-25,9325,2023-01-15,1500,021083,,7,2,9,2800,0,3,5,,2,002,"BIG RANCH RD","ROSEWOOD LN",1056.00,N,N,B,C,N,,,,,,,,,,Y,2,0,1,1,A,-,01,23152,A,N,E,I,A,B,H,-,A,D,0,,,,,Y,Y,A,01,1,0,0,0,0,0,0,0,0,"- ","- ",38.338539123535156,-122.29573822021484,NAPA,UNINCORPORATED,-122.29567718505859,38.338588714599609
91984094,2022,2023-02-01,9325,2022-10-04,2140,019590,,2,2,9,2800,0,3,5,,2,002,"HENRY ROAD","DEALY LANE",716.00,W,N,A,-,N,,,,,,,,,,N,1,1,0,1,A,-,01,23152,F,N,E,I,A,A,H,-,D,D,0,,,,,Y,,A,01,0,0,0,0,0,0,0,0,0,"- ","- ",38.273151397705078,-122.34993743896484,NAPA,UNINCORPORATED,-122.34984588623047,38.273025512695312
92000259,2023,2023-02-22,9325,2023-02-12,1120,020615,,7,1,9,2800,0,3,5,,1,008,"BUTTS CANYON RD","JAMES CREEK RD",13200.00,N,N,A,-,N,,,,,,,,,,N,2,0,1,1,A,-,08,22107,,N,E,I,A,A,H,-,A,D,0,,,Y,,Y,,C,02,1,0,0,0,0,0,0,0,1,"- ","- ",38.682659149169922,-122.44577026367188,NAPA,UNINCORPORATED,-122.44605255126953,38.690765380859375
92014635,2023,2023-03-10,9325,2023-03-01,1015,022333,,3,1,9,2800,0,1,3,,1,044,SR-29,"OLD LAWLEY TOLL RD",2642.00,N,N,A,-,Y,,,,,,,,,,Y,2,0,4,2,A,-,03,22350,,N,A,C,A,B,H,-,A,D,0,,,,,Y,,A,01,2,2,0,0,0,0,0,0,0,"- ","- ",38.645828247070312,-122.59047698974609,NAPA,UNINCORPORATED,-122.59020233154297,38.646026611328125
92039868,2023,2023-04-07,9325,2023-03-24,"625 ",022562,,5,1,9,2800,0,1,3,,2,071,SR-121,"STANLEY LN",3550.00,S,N,B,-,Y,NAP,,121," "," ",3.559,H,,R,Y,2,0,7,8,A,-,03,22350,,N,D,2,E,A,H,-,D,D,0,Y,,,,Y,,A,01,1,4,2,0,6,0,0,0,0,"- ","- ",38.257648468017578,-122.31880187988281,NAPA,UNINCORPORATED,-122.31880187988281,38.257667541503906
92048352,2023,2023-04-19,9325,2023-02-20,2135,021896,,1,2,9,2800,0,3,5,,2,002,"COOMBSVILLE RD","1ST AVE",200.00,W,N,A,-,N,,,,,,,,,,N,2,0,4,1,A,-,03,22350,,N,E,8,A,A,H,-,D,D,0,,,,,Y,,A,01,2,2,0,0,0,0,0,0,0,"- ","- ",38.295211791992188,-122.2529296875,NAPA,UNINCORPORATED,-122.25343322753906,38.294784545898438
92053573,2023,2023-04-26,9325,2023-04-21,1135,019847,,5,1,9,2800,0,1,3,,1,081,SR-121,"CIRCLE OAKS DRIVE",528.00,S,N,A,-,Y,NAP,,121," "," ",18.314,H,,R,N,2,0,1,1,A,-,08,22107,,N,E,I,A,A,H,-,A,D,0,,,Y,,Y,,C,02,1,0,0,0,0,0,0,0,1,"- ","- ",38.404701232910156,-122.20488739013672,NAPA,UNINCORPORATED,-122.20484161376953,38.404712677001953