CASE_ID,ACCIDENT_YEAR,PROC_DATE,JURIS,COLLISION_DATE,COLLISION_TIME,OFFICER_ID,REPORTING_DISTRICT,DAY_OF_WEEK,CHP_SHIFT,POPULATION,CNTY_CITY_LOC,SPECIAL_COND,BEAT_TYPE,CHP_BEAT_TYPE,CITY_DIVISION_LAPD,CHP_BEAT_CLASS,BEAT_NUMBER,PRIMARY_RD,SECONDARY_RD,DISTANCE,DIRECTION,INTERSECTION,WEATHER_1,WEATHER_2,STATE_HWY_IND,CALTRANS_COUNTY,CALTRANS_DISTRICT,STATE_ROUTE,ROUTE_SUFFIX,POSTMILE_PREFIX,POSTMILE,LOCATION_TYPE,RAMP_INTERSECTION,SIDE_OF_HWY,TOW_AWAY,COLLISION_SEVERITY,NUMBER_KILLED,NUMBER_INJURED,PARTY_COUNT,PRIMARY_COLL_FACTOR,PCF_CODE_OF_VIOL,PCF_VIOL_CATEGORY,PCF_VIOLATION,PCF_VIOL_SUBSECTION,HIT_AND_RUN,TYPE_OF_COLLISION,MVIW,PED_ACTION,ROAD_SURFACE,ROAD_COND_1,ROAD_COND_2,LIGHTING,CONTROL_DEVICE,CHP_ROAD_TYPE,PEDESTRIAN_ACCIDENT,BICYCLE_ACCIDENT,MOTORCYCLE_ACCIDENT,TRUCK_ACCIDENT,NOT_PRIVATE_PROPERTY,ALCOHOL_INVOLVED,STWD_VEHTYPE_AT_FAULT,CHP_VEHTYPE_AT_FAULT,COUNT_SEVERE_INJ,COUNT_VISIBLE_INJ,COUNT_COMPLAINT_PAIN,COUNT_PED_KILLED,COUNT_PED_INJURED,COUNT_BICYCLIST_KILLED,COUNT_BICYCLIST_INJURED,COUNT_MC_KILLED,COUNT_MC_INJURED,PRIMARY_RAMP,SECONDARY_RAMP,LATITUDE,LONGITUDE,COUNTY,CITY,POINT_X,POINT_Y
92082765,2023,2023-05-31,9325,2023-05-06,2100,022560,,6,2,9,2800,0,2,4,,1,082,"KNOXVILLE-BERRYESSA RD.","BERRYESSA DR.",19008.00,S,N,B,-,N,,,,,,,,,,Y,2,0,1,1,A,-,01,23152,A,N,E,I,A,A,H,-,D,D,0,,,,,Y,Y,A,07,1,0,0,0,0,0,0,0,0,"- ","- ",38.578079223632812,-122.25415802001953,NAPA,UNINCORPORATED,-122.2425537109375,38.570987701416016
92095192,2023,2023-06-15,9325,2023-05-22,1420,021896,,1,2,9,2800,0,2,4,,2,032,"SILVERADO TRAIL","YOUNTVILLE CROSS ROAD",2640.00,N,N,A,-,N,,,,,,,,,,Y,2,0,2,1,A,-,08,22107,,N,E,I,A,A,H,-,A,D,0,,,,,Y,,A,07,2,0,0,0,0,0,0,0,0,"- ","- ",38.432861328125,-122.34658050537109,NAPA,UNINCORPORATED,-122.34700775146484,38.433174133300781
9210887,2020,2021-01-13,2802,2020-10-02,2047,320336,31,5,5,5,2802,0,0,0,,0,01A,"LINCOLN AV","IROQUOIS ST",75.00,E,N,A,-,N,,,,,,,,,,N,2,0,1,2,A,-,11,21456,B,F,G,B,B,A,H,-,C,A,0,Y,,,,Y,Y,N,60,1,0,0,0,1,0,0,0,0,"- ","- ",,,NAPA,NAPA,-122.29000091552734,38.309425354003906
92113795,2023,2024-01-17,9325,2023-06-27,1340,019115,,2,1,9,2800,0,1,3,,1,011,SR-29,SR-221,636.00,N,N,A,-,Y,NAP,,29," ",R,6.258,H,,R,Y,2,0,1,2,A,-,03,22350,,N,C,C,A,A,D,-,A,D,0,,,Y,,Y,,A,01,1,0,0,0,0,0,0,0,1,"- ","- ",38.241878509521484,-122.27010345458984,NAPA,UNINCORPORATED,-122.27002716064453,38.241973876953125
9211558,2019,2021-02-03,2802,2019-11-25,1757,320505,56,1,5,5,2802,0,0,0,,0,02B,"NAPA VALLEY CORPORATE DR","NAPA VALLEY CORPORATE WY",0.00,N,N,A,-,N,,,,,,,,,,Y,1,1,0,1,A,-,"- ",,,N,E,I,A,A,H,-,C,A,0,,,,,Y,,A,01,0,0,0,0,0,0,0,0,0,"- ","- ",,,NAPA,NAPA,-122.27439880371094,38.249431610107422
9211698,2020,2021-03-18,2802,2020-07-31,0515,320133,58,5,5,5,2802,0,0,0,,0,04A,"RT 29","WINE COUNTRY AV",0.00,,Y,B,-,Y,NAP,4,29,-,-,14.320,I,5,N,N,1,1,0,3,A,-,11,21456,,N,G,B,B,A,H,-,C,A,0,Y,,,,Y,,N,60,0,0,0,1,0,0,0,0,0,"- ","- ",,,NAPA,NAPA,-122.32159423828125,38.336227416992188
92149166,2022,2023-08-21,9365,2022-04-26,0144,022306,,2,3,9,2800,0,1,1,,2,081,"INTERSTATE 80 EASTBOUND","AMERICAN CANYON ROAD",363.00,W,N,A,-,Y,SOL,,80,,,8.027,H,,R,N,1,1,0,2,A,-,11,21954,A,F,G,B,E,A,H,-,D,D,0,Y,,,,Y,,N,60,0,0,0,1,0,0,0,0,0,"- ","- ",38.168670654296875,-122.20098114013672,NAPA,UNINCORPORATED,-122.200927734375,38.168621063232422
92167920,2023,2023-09-12,9325,2023-09-02,"130 ",023148,,6,3,5,2802,0,1,3,,1,022,"SR 29","TRANCAS STREET",150.00,N,N,A,-,Y,NAP,,29," "," ",13.102,H,,R,Y,2,0,1,1,A,-,01,23152,F,N,E,I,A,A,H,-,C,D,0,,,,,Y,,D,22,1,0,0,0,0,0,0,0,0,"- ","- ",38.321918487548828,-122.30870056152344,NAPA,NAPA,-122.30881500244141,38.321846008300781
92170381,2023,2023-09-14,9325,2023-09-09,1015,021458,,6,1,9,2800,0,1,3,,1,030,"SR-128 (SAGE CANYON RD)","LONG RANCH RD",1056.00,W,N,A,-,Y,NAP,,128," "," ",10.374,H,,R,Y,2,0,1,2,A,-,09,21804,A,N,A,C,A,A,H,-,A,D,0,,,Y,,Y,,A,01,1,0,0,0,0,0,0,0,1,"- ","- ",38.482208251953125,-122.35903930664062,NAPA,UNINCORPORATED,-122.35903167724609,38.482200622558594
92188930,2023,2023-10-03,9325,2023-09-27,"450 ",022560,,3,3,9,2800,0,1,3,,1,022,SR-29,"LINCOLN AVE",200.00,S,N,A,-,Y,NAP,,29," "," ",11.924,H,,R,Y,2,0,1,2,A,-,03,22350,,N,C,C,A,A,H,-,C,D,0,,,Y,,Y,,C,02,1,0,0,0,0,0,0,0,1,"- ","- ",38.305240631103516,-122.30393218994141,NAPA,UNINCORPORATED,-122.30419921875,38.305191040039062
92190562,2023,2023-10-04,9325,2023-09-27,"730 ",017559,,3,1,9,2800,0,2,4,,1,023,"SILVERADO TRAIL","TRANCAS ST",2112.00,N,N,A,-,N,,,,,,,,,,Y,2,0,3,1,A,-,08,22107,,N,E,I,A,A,H,-,A,D,0,,,,,Y,,A,07,1,1,1,0,0,0,0,0,0,"- ","- ",38.330528259277344,-122.27906799316406,NAPA,UNINCORPORATED,-122.27429962158203,38.325721740722656
92191825,2023,2023-10-05,9325,2023-09-28,1600,021521,,4,2,9,2800,0,1,3,,1,044,SR-29,"GREENWOOD AVE",1056.00,N,N,A,-,Y,NAP,,29," "," ",38.780,H,,R,Y,2,0,1,1,A,-,01,23152,A,M,E,I,A,A,H,-,A,D,0,,,,,Y,Y,A,01,1,0,0,0,0,0,0,0,0,"- ","- ",38.600559234619141,-122.58499908447266,NAPA,UNINCORPORATED,-122.58504486083984,38.600517272949219
92191968,2023,2024-01-17,9325,2023-01-28,2330,017746,,6,3,9,2800,0,1,3,,1,041,SR-29,"BALE GRIST MILL",302.00,S,N,A,-,Y,NAP,,29," "," ",31.796,H,,R,Y,1,1,1,1,A,-,01,23152,A,N,E,8,A,A,H,-,D,D,0,,,,,Y,Y,D,22,0,1,0,0,0,0,0,0,0,"- ","- ",38.537391662597656,-122.50742340087891,NAPA,UNINCORPORATED,-122.50734710693359,38.537410736083984
92199519,2023,2023-10-16,9325,2023-10-04,"435 ",022333,,3,3,9,2800,0,1,3,,1,011,SR-221,SR-29,0.00,,Y,A,-,Y,NAP,,221," "," ",0.006,H,,R,Y,2,0,1,1,C,-,18,,,N,F,A,A,D,D,-,C,A,0,,,,,Y,,-,"- ",1,0,0,0,0,0,0,0,0,"- ","- ",38.241481781005859,-122.26908874511719,NAPA,UNINCORPORATED,-122.26906585693359,38.241462707519531
9221583,2021,2021-02-18,2802,2021-02-02,1804,320388,38,2,5,5,2802,0,0,0,,0,01C,"1ST ST","MAIN ST",100.00,E,N,A,-,N,,,,,,,,,,N,2,0,2,1,D,-,00,,,N,H,-,A,A,H,-,C,D,0,,,Y,,Y,,-,"- ",1,0,1,0,0,0,0,0,2,"- ","- ",,,NAPA,NAPA,-122.28520965576172,38.299362182617188
92240818,2023,2023-11-20,9325,2023-11-03,1640,023094,,5,2,9,2800,0,1,3,,1,011,SR-29,"SOUTH KELLY ROAD",0.00,,Y,A,-,Y,NAP,,29," "," ",3.607,H,,R,Y,2,0,2,2,A,-,01,23153,F,N,D,C,A,A,H,-,A,A,0,,,,,Y,,A,01,1,0,1,0,0,0,0,0,0,"- ","- ",38.207599639892578,-122.25605773925781,NAPA,UNINCORPORATED,-122.25605773925781,38.207599639892578
92269034,2023,2023-12-22,9325,2023-12-14,2250,021605,,4,3,9,2800,0,1,3,,1,080,SR-128,"STEELE CANYON ROAD",6336.00,E,N,A,-,Y,NAP,,128," "," ",24.893,H,,R,Y,2,0,3,1,A,-,01,23152,A,N,E,8,A,A,H,-,D,D,0,,,,,Y,Y,-,"- ",1,2,0,0,0,0,0,0,0,"- ","- ",38.438350677490234,-122.18122100830078,NAPA,UNINCORPORATED,-122.18134307861328,38.438137054443359
92273357,2023,2023-12-28,9325,2023-12-21,"455 ",022333,,4,3,9,2800,0,1,3,,1,022,"SR-29 N/B","OAK KNOLL AVE",20.00,S,N,B,-,Y,NAP,,29," "," ",15.572,H,,R,Y,2,0,1,2,A,-,03,22350,,N,C,C,A,A,H,-,D,A,0,,,,,Y,,A,07,1,0,0,0,0,0,0,0,0,"- ","- ",38.353000640869141,-122.33128356933594,NAPA,UNINCORPORATED,-122.331298828125,38.352993011474609
92304260,2023,2024-02-02,9325,2023-05-20,"155 ",022538,,6,3,9,2800,0,1,3,,1,031,SR-29,"WHITEHALL LN",528.00,S,N,A,-,Y,NAP,,29," "," ",25.995,H,,R,Y,1,2,2,1,A,-,01,23152,G,N,E,I,A,A,H,-,D,D,0,,,,,Y,Y,A,01,0,2,0,0,0,0,0,0,0,"- ","- ",38.476219177246094,-122.43537902832031,NAPA,UNINCORPORATED,-122.43536376953125,38.476226806640625
92313568,2023,2024-02-14,9325,2023-10-30,"925 ",017559,,1,1,9,2800,0,2,4,,1,023,"SILVERADO TRAIL","OAK KNOLL AVE",7920.00,N,N,A,-,N,,,,,,,,,,Y,1,1,1,2,A,-,01,23152,F,N,A,2,A,A,H,-,A,D,0,,,,Y,Y,,A,01,0,0,1,0,0,0,0,0,0,"- ","- ",38.388198852539062,-122.31664276123047,NAPA,UNINCORPORATED,-122.31647491455078,38.387935638427734
92367026,2024,2024-04-17,9325,2024-04-09,2128,022333,,2,2,9,2800,0,1,3,,1,080,SR-128,"OLD CAPELL VALLEY RD",1426.00,N,N,A,-,Y,NAP,,128," "," ",21.966,H,,R,Y,2,0,2,1,A,-,03,22350,,N,E,8,A,A,H,-,D,D,0,,,,,Y,,A,01,1,1,0,0,0,0,0,0,0,"- ","- ",38.463748931884766,-122.22345733642578,NAPA,UNINCORPORATED,-122.22341156005859,38.463779449462891
92388402,2024,2024-07-08,9325,2024-05-03,"330 ",023152,,5,3,9,2800,0,1,3,,1,044,SR-29,"LAKE COUNTY LINE",15840.00,S,N,C,-,Y,NAP,,29," "," ",48.409,H,,R,Y,2,0,1,1,A,-,01,23152,F,N,E,I,A,B,H,-,D,D,0,,,,,Y,,A,07,1,0,0,0,0,0,0,0,0,"- ","- ",38.673919677734375,-122.59158325195312,NAPA,UNINCORPORATED,-122.59153747558594,38.673919677734375
92413213,2024,2024-06-12,9325,2024-06-04,1250,018499,,2,1,9,2800,0,1,3,,1,013,"SR-221 S/B",SR-29,1325.00,N,N,A,-,N,,,,,,,,,,Y,2,0,1,1,A,-,01,23152,A,N,E,I,A,A,D,-,A,D,0,,,,,Y,Y,A,01,1,0,0,0,0,0,0,0,0,"- ","- ",38.244701385498047,-122.26936340332031,NAPA,UNINCORPORATED,-122.26934814453125,38.245059967041016
9250514,2021,2021-04-27,2802,2021-04-01,1617,3220363,10,4,5,5,2802,0,0,0,,0,003,"SIERRA AV","LASSEN ST",373.00,E,N,A,-,N,,,,,,,,,,N,2,0,1,2,A,-,11,21954,A,N,G,B,D,A,H,-,A,D,0,Y,,,,Y,,N,60,1,0,0,0,1,0,0,0,0,"- ","- ",,,NAPA,NAPA,-122.31102752685547,38.327667236328125
9320260,2021,2023-06-17,2802,2021-03-19,1606,320337,2,5,5,5,2802,0,0,0,,0,003,"SALVADOR AV","JEFFERSON ST",211.00,W,N,A,-,N,,,,,,,,,,Y,1,1,0,1,A,-,08,22107,,N,E,I,A,A,H,-,A,A,0,,,Y,,Y,Y,C,02,0,0,0,0,0,0,0,1,0,"- ","- ",,,NAPA,NAPA,-122.31644439697266,38.342185974121094
9371512,2021,2021-12-29,2802,2021-12-06,1451,320108,0,1,5,5,2802,0,0,0,,0,,"RT 29","RT 121",5280.00,S,N,B,C,Y,NAP,4,29,-,R,7.600,H,-,S,Y,2,0,1,1,A,-,05,21650,,N,F,-,A,B,H,-,A,D,0,,,,,Y,,A,07,1,0,0,0,0,0,0,0,0,"- ","- ",,,NAPA,NAPA,-122.29338073730469,38.245880126953125
9376784,2021,2022-01-07,2802,2021-12-02,1541,185,25,4,5,5,2802,0,0,0,,0,04A,"SOLANO AV","EUCLID AV",85.00,N,N,A,-,N,,,,,,,,,,N,2,0,1,2,A,-,11,21954,A,N,G,B,D,A,H,-,A,D,0,Y,,,,Y,Y,N,60,1,0,0,0,1,0,0,0,0,"- ","- ",,,NAPA,NAPA,-122.30622863769531,38.310909271240234
9386720,2021,2022-01-12,2802,2021-12-24,2310,320497,54,5,5,5,2802,0,0,0,,0,02B,"RIVER PARK BL","LEWIS WY",150.00,W,N,B,-,N,,,,,,,,,,Y,2,0,1,1,A,-,01,23152,A,N,E,I,A,B,H,-,C,D,0,,,,,Y,Y,A,01,1,0,0,0,0,0,0,0,0,"- ","- ",,,NAPA,NAPA,-122.28915405273438,38.277889251708984
9433595,2022,2022-11-01,2802,2022-10-05,1926,320497,74,3,5,5,2802,0,0,0,,0,04B,"RT 29","RT 12",210.00,S,N,A,-,Y,NAP,4,29,-,R,8.160,H,-,N,Y,2,0,1,1,A,-,01,23152,B,N,F,A,A,A,H,-,C,A,0,,,,,Y,Y,A,07,1,0,0,0,0,0,0,0,0,"- ","- ",,,NAPA,NAPA,-122.30213928222656,38.250640869140625
94375859,2024,2024-08-29,9325,2024-06-20,"540 ",023094,,4,3,9,2800,0,1,3,,1,031,SR-29,"OAKVILLE CROSS RD",3960.00,N,N,A,-,Y,NAP,,29," "," ",23.436,H,,R,Y,1,1,0,2,A,-,01,23152,F,N,A,C,A,A,H,-,B,D,0,,,Y,,Y,,C,02,0,0,0,0,0,0,0,1,0,"- ","- ",38.4451904296875,-122.41017913818359,NAPA,UNINCORPORATED,-122.4102783203125,38.445133209228516
94393802,2024,2024-09-13,9325,2024-05-31,2500,018499,,5,4,9,2800,0,3,5,,2,002,"MOUNT VEEDER ROAD","REDWOOD ROAD",8923.00,N,N,A,-,N,,,,,,,,,,Y,1,1,0,1,A,-,01,23152,E,N,E,I,A,A,H,-,A,D,0,,,Y,,Y,,C,02,0,0,0,0,0,0,0,1,0,"- ","- ",38.356109619140625,-122.38511657714844,NAPA,UNINCORPORATED,-122.3829345703125,38.353923797607422
94437900,2024,2024-10-21,9325,2024-10-19,1047,023148,,6,1,9,2800,0,1,3,,1,081,"RT 121","WATERS RD",1584.00,S,N,A,-,Y,NAP,,121," "," ",17.602,H,,R,N,2,0,2,2,A,-,08,22107,,N,B,6,A,A,H,-,A,D,0,,Y,,,Y,,L,04,1,1,0,0,0,0,2,0,0,"- ","- ",38.3956298828125,-122.20403289794922,NAPA,UNINCORPORATED,-122.20400238037109,38.395645141601562
94450570,2024,2024-10-30,9325,2024-10-17,1800,021309,,4,2,9,2800,0,3,5,,2,002,"WOODEN VALLEY RD",SR121,7392.00,S,N,A,-,N,,,,,,,,,,Y,2,0,1,1,A,-,08,22107,,N,E,I,A,A,H,-,A,D,0,,,,,Y,,D,22,1,0,0,0,0,0,0,0,0,"- ","- ",38.366840362548828,-122.17582702636719,NAPA,UNINCORPORATED,-122.18177032470703,38.373935699462891
94469875,2024,2024-11-14,9325,2024-11-09,1300,022562,,6,1,9,2800,0,1,3,,1,080,SR-128,"LOWER CHILES VALLEY RD",4224.00,E,N,A,-,Y,NAP,,128," "," ",16.627,H,,R,Y,2,0,1,1,A,-,08,22107,,N,F,8,A,A,H,-,A,D,0,,,Y,,Y,,C,02,1,0,0,0,0,0,0,0,1,"- ","- ",38.505210876464844,-122.28373718261719,NAPA,UNINCORPORATED,-122.28372192382812,38.505153656005859
94478156,2024,2024-11-21,9325,2024-11-09,"445 ",021449,,6,3,9,2800,0,3,5,,2,007,"CONGRESS VALLEY ROAD","SUNSET ROAD",160.00,W,N,A,-,N,,,,,,,,,,Y,2,0,2,2,A,-,01,23152,A,F,E,8,A,A,H,-,D,D,0,,,,,Y,Y,D,22,2,0,0,0,0,0,0,0,0,"- ","- ",38.286849975585938,-122.33238983154297,NAPA,UNINCORPORATED,-122.33219146728516,38.286846160888672
94493467,2024,2024-12-05,9325,2024-11-21,2030,023152,,4,2,9,2800,0,1,3,,1,031,SR-29,"BELLA OAKS LANE",466.00,S,N,B,C,Y,NAP,,29," "," ",23.769,H,,R,Y,2,0,1,1,A,-,01,23152,A,N,E,I,A,B,H,-,D,D,0,,,,,Y,Y,A,01,1,0,0,0,0,0,0,0,0,"- ","- ",38.448970794677734,-122.41383361816406,NAPA,UNINCORPORATED,-122.41375732421875,38.449012756347656
94539139,2024,2025-01-15,9325,2024-03-16,"410 ",022540,,6,3,9,2800,0,2,4,,1,023,"SILVERADO TRAIL","OAK KNOLL AVENUE",4752.00,N,N,A,-,N,,,,,,,,,,Y,1,1,0,2,A,-,00,21905,B,N,G,B,E,A,H,-,D,D,0,Y,,,,Y,Y,N,60,0,0,0,1,0,0,0,0,0,"- ","- ",38.380851745605469,-122.31046295166016,NAPA,UNINCORPORATED,-122.31033325195312,38.380702972412109
94543906,2025,2025-01-21,9325,2025-01-08,1615,018379,,3,2,9,2800,0,2,4,,1,023,"SILVERADO TRAIL","YOUNTVILLE CROSS RD",6600.00,S,N,A,-,N,,,,,,,,,,N,2,0,1,1,A,-,08,22107,,N,E,8,A,A,H,-,A,D,0,,,,,Y,Y,A,01,1,0,0,0,0,0,0,0,0,"- ","- ",38.412929534912109,-122.33518981933594,NAPA,UNINCORPORATED,-122.33395385742188,38.411060333251953
9454459,2022,2022-07-27,2802,2022-06-26,1829,320488,34,7,5,5,2802,0,0,0,,0,04B,"FREEWAY DR","500 FACTORY STORES DR",140.00,N,N,A,-,N,,,,,,,,,,Y,2,0,3,2,A,-,01,23153,A,N,C,C,A,A,H,-,A,A,0,,,,,Y,Y,A,01,1,0,2,0,0,0,0,0,0,"- ","- ",,,NAPA,NAPA,-122.30326080322266,38.298736572265625
9456647,2022,2022-07-19,2800,2022-06-15,1005,250226,10202,3,5,2,2805,0,0,0,,0,001,BROADWAY,"POCO WY",0.00,,Y,A,-,Y,NAP,4,29,-,-,1.520,I,5,S,Y,2,0,4,2,A,-,09,21802,A,N,D,C,A,A,H,-,A,A,0,,,,,Y,,D,22,1,1,2,0,0,0,0,0,0,"- ","- ",,,NAPA,"AMERICAN CANYON",-122.25449371337891,38.177097320556641
94589312,2025,2025-02-25,9325,2025-01-25,2015,023980,,6,2,9,2800,0,1,3,,1,021,SR-121,"HEDGESIDE AVE",20.00,W,N,B,-,Y,NAP,,121," "," ",10.246,H,,R,N,2,0,1,2,A,-,01,23152,A,F,C,C,A,B,H,-,D,D,0,,,,,Y,Y,A,07,1,0,0,0,0,0,0,0,0,"- ","- ",38.334678649902344,-122.26425170898438,NAPA,UNINCORPORATED,-122.26426696777344,38.334690093994141
94643574,2025,2025-04-09,9325,2025-03-25,1515,018125,,2,2,9,2800,0,1,3,,1,022,SR-29,"HOFFMAN LN",0.00,,Y,A,-,Y,NAP,,29," "," ",18.008,H,,R,Y,2,0,1,2,A,-,09,21802,A,N,D,C,A,A,H,-,A,D,0,,,Y,,Y,,E,22,1,0,0,0,0,0,0,0,1,"- ","- ",38.385608673095703,-122.34937286376953,NAPA,UNINCORPORATED,-122.34923553466797,38.385662078857422
94673383,2025,2025-05-02,9325,2025-03-08,1440,022560,,6,2,9,2800,0,3,5,,1,008,"WOODEN VALLEY RD",SR-121,13200.00,S,N,A,-,N,,,,,,,,,,Y,1,1,0,2,A,-,03,22350,,N,F,A,A,A,H,-,A,D,0,,,Y,,Y,,C,02,0,0,0,0,0,0,0,1,0,"- ","- ",38.359710693359375,-122.17366790771484,NAPA,UNINCORPORATED,-122.17381286621094,38.359653472900391
94673409,2025,2025-05-02,9325,2025-01-19,2225,023241,,7,3,9,2800,0,1,3,,1,044,SR-29,"(MPM) 29 NAP 47.9",30.00,N,N,A,-,Y,NAP,,29," "," ",47.917,H,,R,Y,2,0,2,1,A,-,03,22350,,F,E,8,A,A,H,-,D,D,0,,,,,Y,,A,01,2,0,0,0,0,0,0,0,0,"- ","- ",38.668689727783203,-122.58795928955078,NAPA,UNINCORPORATED,-122.58810424804688,38.668720245361328
94673698,2025,2025-05-02,9325,2025-04-27,"825 ",024383,,7,1,9,2800,0,1,3,,1,044,SR-29,"LAKE COUNTY LINE",1056.00,S,N,B,-,Y,NAP,,29," "," ",48.375,H,,R,Y,2,0,1,1,A,-,03,22350,,N,F,A,A,B,H,-,A,D,0,,,Y,,Y,,C,02,1,0,0,0,0,0,0,0,1,"- ","- ",38.673450469970703,-122.59158325195312,NAPA,UNINCORPORATED,-122.59147644042969,38.673496246337891
94678729,2025,2025-05-07,9325,2025-04-04,1635,018379,,5,2,9,2800,0,1,3,,2,071,SR-121,"DUHIG RD",4752.00,S,N,A,-,Y,NAP,,121," "," ",1.069,H,,R,Y,2,0,2,2,A,-,05,21460,A,N,A,2,A,A,H,-,A,D,0,,,,,Y,Y,A,07,1,1,0,0,0,0,0,0,0,"- ","- ",38.256328582763672,-122.36164093017578,NAPA,UNINCORPORATED,-122.36165618896484,38.256359100341797
94688485,2025,2025-05-15,9325,2025-05-05,"145 ",023968,,1,3,9,2800,0,3,5,,2,004,"PETRIFIED FOREST RD","FRANZ VALLEY SCHOOL RD",650.00,E,N,A,-,N,,,,,,,,,,Y,2,0,1,1,A,-,08,22107,,N,E,I,A,A,H,-,D,D,0,,,,,Y,,A,01,1,0,0,0,0,0,0,0,0,"- ","- ",38.57794189453125,-122.60283660888672,NAPA,UNINCORPORATED,-122.60298919677734,38.577911376953125
94694370,2025,2025-05-20,9325,2025-05-05,2009,023968,,1,2,9,2800,0,3,5,,2,004,"PETRIFIED FOREST RD","FRANZ VALLEY SCHOOL RD",535.00,E,N,A,-,N,,,,,,,,,,Y,2,0,2,2,A,-,05,21460,A,N,A,C,A,A,H,-,D,D,0,,,Y,,Y,Y,C,03,1,0,1,0,0,0,0,0,1,"- ","- ",38.577919006347656,-122.60334777832031,NAPA,UNINCORPORATED,-122.60338592529297,38.577884674072266
9469736,2023,2024-03-02,2802,2023-09-01,2040,216,,5,5,5,2802,0,0,0,,0,001,"SOUTH JEFFERSON ST","RIVER PARK BL",0.00,,Y,A,-,N,,,,,,,,,,Y,2,0,3,3,A,-,12,22450,A,N,D,E,A,A,H,-,C,A,0,,,,Y,Y,Y,F,26,2,1,0,0,0,0,0,0,0,"- ","- ",,,NAPA,NAPA,-122.29293823242188,38.277927398681641
94797779,2025,2025-08-11,9325,2025-06-26,1845,024114,,4,2,9,2800,0,1,3,,1,044,"STATE ROUTE 29","MPM 29 NAP 47.06",80.00,N,N,A,-,Y,NAP,,29," ",R,47.088,H,,R,N,2,0,1,1,A,-,03,22350,,N,F,A,A,A,H,-,A,D,0,,,Y,,Y,,C,02,1,0,0,0,0,0,0,0,1,"- ","- ",38.667259216308594,-122.59880065917969,NAPA,UNINCORPORATED,-122.59877777099609,38.667251586914062
9508989,2022,2022-11-16,2802,2022-10-19,1322,320108,62,3,5,5,2802,0,0,0,,0,04A,"SOLANO AV","HAVEN WY",0.00,,N,A,-,N,,,,,,,,,,Y,2,0,1,1,A,-,05,21650,,N,E,I,A,A,H,-,A,D,0,,,,,Y,,A,01,1,0,0,0,0,0,0,0,0,"- ","- ",,,NAPA,NAPA,-122.32798004150391,38.345569610595703
9511848,2022,2023-02-10,2802,2022-12-08,1541,EASTON,,4,5,5,2802,0,0,0,,0,,"TRANCAS ST","CALIFORNIA BL",330.00,E,N,C,-,N,,,,,,,,,,N,2,0,1,2,A,-,08,22107,,N,G,B,E,B,H,-,B,D,0,Y,,,,Y,,D,22,1,0,0,0,1,0,0,0,0,"- ","- ",38.321689605712891,-122.20578002929688,NAPA,NAPA,-122.30473327636719,38.321990966796875
9520037,2022,2022-11-16,2802,2022-05-19,1848,320337,44,4,5,5,2802,0,0,0,,0,01B,"JEFFERSON ST","OAK ST",17.00,S,N,A,-,N,,,,,,,,,,N,1,1,0,2,A,-,01,23153,G,N,G,B,B,A,H,-,A,D,0,Y,,,,Y,Y,D,22,0,0,0,1,0,0,0,0,0,"- ","- ",,,NAPA,NAPA,-122.29383850097656,38.294864654541016
9520786,2022,2023-08-08,2802,2022-12-10,1815,137,2802,6,5,5,2802,0,0,0,,0,003,"HAGEN RD","OLD COACH RD",1056.00,W,N,A,C,N,,,,,,,,,,Y,1,1,0,1,A,-,01,23152,F,N,E,I,A,B,H,-,D,D,0,,,,,Y,,A,01,0,0,0,0,0,0,0,0,0,"- ","- ",38.322700500488281,-122.265380859375,NAPA,NAPA,-122.26895141601562,38.322685241699219
9524610,2022,2022-12-30,2801,2022-11-12,1805,207,1,6,5,2,2801,0,0,0,,0,,"FOOTHILL BL","LINCOLN AV",0.00,,Y,-,-,N,,,,,,,,,,Y,2,0,1,2,A,-,12,22450,A,N,-,-,A,-,-,-,-,-,0,,,,,Y,,-,,1,0,0,0,0,0,0,0,0,"- ","- ",,,NAPA,CALISTOGA,-122.58054351806641,38.575286865234375
9542697,2022,2023-01-19,2802,2022-12-22,2123,209,NAPA,4,5,5,2802,0,0,0,,0,001,"1ST ST","CALIFORNIA BL",0.00,,Y,A,-,N,,,,,,,,,,N,2,0,1,2,A,-,09,21803,A,N,D,G,A,A,H,-,C,A,0,,Y,,,Y,,A,07,1,0,0,0,0,0,1,0,0,"- ","- ",38.298381805419922,-122.30034637451172,NAPA,NAPA,-122.30009460449219,38.298164367675781