CASE_ID,ACCIDENT_YEAR,PROC_DATE,JURIS,COLLISION_DATE,COLLISION_TIME,OFFICER_ID,REPORTING_DISTRICT,DAY_OF_WEEK,CHP_SHIFT,POPULATION,CNTY_CITY_LOC,SPECIAL_COND,BEAT_TYPE,CHP_BEAT_TYPE,CITY_DIVISION_LAPD,CHP_BEAT_CLASS,BEAT_NUMBER,PRIMARY_RD,SECONDARY_RD,DISTANCE,DIRECTION,INTERSECTION,WEATHER_1,WEATHER_2,STATE_HWY_IND,CALTRANS_COUNTY,CALTRANS_DISTRICT,STATE_ROUTE,ROUTE_SUFFIX,POSTMILE_PREFIX,POSTMILE,LOCATION_TYPE,RAMP_INTERSECTION,SIDE_OF_HWY,TOW_AWAY,COLLISION_SEVERITY,NUMBER_KILLED,NUMBER_INJURED,PARTY_COUNT,PRIMARY_COLL_FACTOR,PCF_CODE_OF_VIOL,PCF_VIOL_CATEGORY,PCF_VIOLATION,PCF_VIOL_SUBSECTION,HIT_AND_RUN,TYPE_OF_COLLISION,MVIW,PED_ACTION,ROAD_SURFACE,ROAD_COND_1,ROAD_COND_2,LIGHTING,CONTROL_DEVICE,CHP_ROAD_TYPE,PEDESTRIAN_ACCIDENT,BICYCLE_ACCIDENT,MOTORCYCLE_ACCIDENT,TRUCK_ACCIDENT,NOT_PRIVATE_PROPERTY,ALCOHOL_INVOLVED,STWD_VEHTYPE_AT_FAULT,CHP_VEHTYPE_AT_FAULT,COUNT_SEVERE_INJ,COUNT_VISIBLE_INJ,COUNT_COMPLAINT_PAIN,COUNT_PED_KILLED,COUNT_PED_INJURED,COUNT_BICYCLIST_KILLED,COUNT_BICYCLIST_INJURED,COUNT_MC_KILLED,COUNT_MC_INJURED,PRIMARY_RAMP,SECONDARY_RAMP,LATITUDE,LONGITUDE,COUNTY,CITY,POINT_X,POINT_Y
9551048,2023,2023-03-07,2803,2023-02-08,1017,89,,3,5,2,2803,0,0,0,,0,,"MAIN ST","HUNT AV",9.00,S,N,A,-,Y,NAP,4,128,-,-,28.620,H,-,E,N,2,0,2,3,A,-,03,22350,,N,G,B,B,A,H,-,A,A,0,Y,,,,Y,,D,73,1,1,0,0,2,0,0,0,0,"- ","- ",,,NAPA,"SAINT HELENA",-122.15280914306641,38.459728240966797
9553023,2023,2023-04-19,2801,2023-02-16,1022,204,1,4,5,2,2801,0,0,0,,0,,"LINCOLN AV","BRANNAN ST",200.00,N,N,A,-,N,,,,,,,,,,Y,2,0,1,2,A,-,08,22107,,N,A,E,A,A,H,-,A,D,0,,,,Y,Y,,A,07,1,0,0,0,0,0,0,0,0,"- ","- ",,,NAPA,CALISTOGA,-122.57644653320312,38.584217071533203
9581175,2023,2023-06-26,2802,2023-05-14,1901,EBRESEE,,7,5,5,2802,0,0,0,,0,,"CENTRAL AV","LOUISA ST",90.00,E,N,A,-,N,,,,,,,,,,N,2,0,1,2,A,-,11,21954,A,N,G,B,E,A,H,-,A,D,0,Y,,,,Y,,N,60,1,0,0,0,1,0,0,0,0,"- ","- ",38.312961578369141,-122.291259765625,NAPA,NAPA,-122.29106140136719,38.313053131103516
9583594,2023,2023-07-21,2802,2023-03-07,1233,108,,2,5,5,2802,0,0,0,,0,002,"IMOLA AV","GASSER DR",242.00,W,N,B,-,Y,NAP,4,121,-,R,5.590,H,-,S,Y,2,0,1,1,A,-,03,22350,,N,H,A,A,A,H,-,A,D,0,,,Y,,Y,,C,02,1,0,0,0,0,0,0,0,1,"- ","- ",38.280941009521484,-122.27860260009766,NAPA,NAPA,-122.28002166748047,38.281063079833984
9604999,2023,2024-01-23,2802,2023-08-31,1139,185,,4,5,5,2802,0,0,0,,0,003,"IDLEWILD AV","EL CAPITAN WY",120.00,S,N,A,-,N,,,,,,,,,,Y,2,0,1,2,A,-,01,23153,F,F,G,B,E,A,H,-,A,D,0,Y,,,,Y,,D,22,1,0,0,0,1,0,0,0,0,"- ","- ",38.324989318847656,-122.305908203125,NAPA,NAPA,-122.30553436279297,38.324817657470703
9623837,2023,2023-12-18,2802,2023-11-03,2149,320582,,5,5,5,2802,0,0,0,,0,001,"3RD ST","RANDOLPH ST",0.00,,Y,A,-,N,,,,,,,,,,N,2,0,1,2,A,-,10,21950,A,N,G,B,B,A,H,-,C,A,0,Y,,,,Y,Y,A,01,1,0,0,0,1,0,0,0,0,"- ","- ",38.296680450439453,-122.28665161132812,NAPA,NAPA,-122.28664398193359,38.296657562255859
9625969,2023,2023-10-21,2802,2023-09-02,2040,216,,6,5,5,2802,0,0,0,,0,001,"SOUTH JEFFERSON ST","RIVER PARK BL",0.00,,Y,A,-,N,,,,,,,,,,Y,2,0,3,3,A,-,12,22450,A,N,D,E,A,A,H,-,C,A,0,,,,Y,Y,Y,F,26,2,1,0,0,0,0,0,0,0,"- ","- ",,,NAPA,NAPA,-122.29293823242188,38.277927398681641
9635020,2023,2023-12-22,2802,2023-11-22,"802 ",320582,,3,5,5,2802,0,0,0,,0,002,"SOSCOL AV","PUEBLO AV",185.00,N,N,A,-,N,,,,,,,,,,Y,2,0,1,2,A,-,08,22107,,N,A,C,A,A,H,-,A,A,0,,,Y,,Y,,A,01,1,0,0,0,0,0,0,0,1,"- ","- ",38.317878723144531,-122.28510284423828,NAPA,NAPA,-122.28518676757812,38.318477630615234
9640606,2023,2024-07-22,2800,2023-08-20,"49  ",250490,,7,5,2,2805,0,0,0,,0,,SR-29,"NORTH CURB OF KIMBERLY DR",133.00,S,N,A,-,Y,NAP,4,29,-,-,0.250,H,-,S,N,1,1,0,2,A,-,08,22107,,F,G,B,E,A,H,-,D,D,0,Y,,,,Y,,A,01,0,0,0,1,0,0,0,0,0,"- ","- ",,,NAPA,"AMERICAN CANYON",-122.25343322753906,38.159076690673828
9786108,2024,2025-04-23,2803,2024-08-04,"954 ",90,,7,5,2,2803,0,0,0,,0,,"MAIN ST","EAST CURB LINE OF MAIN ST",2.00,W,N,A,-,Y,NAP,4,29,-,-,29.800,H,-,N,N,1,1,0,2,A,-,00,23153,F,F,G,B,E,A,H,-,A,D,0,Y,,,,Y,,D,72,0,0,0,1,0,0,0,0,0,"- ","- ",38.518711090087891,-122.48178100585938,NAPA,"SAINT HELENA",-122.48451995849609,38.515476226806641
6290742,2014,2014-06-19,9325,2014-04-06,1532,19024,,7,2,9,2800,0,1,3,,2,071,"RT 121","DUHIG RD",2938.00,S,N,A,-,Y,NAP,4,121,-,-,1.430,H,-,S,Y,1,1,4,2,A,-,05,21460,A,N,A,C,A,A,H,-,A,D,0,,,,,Y,,A,07,4,0,0,0,0,0,0,0,0,"- ","- ",38.25808,-122.35793,NAPA,UNINCORPORATED,-122.35544732,38.258086890000001
6291718,2014,2016-01-07,9325,2014-10-18,1229,19164,,6,1,5,2802,0,1,3,,1,022,"RT 29","TRANCAS ST",1584.00,S,N,A,-,Y,NAP,4,29,-,-,12.750,H,-,S,Y,1,1,0,2,A,-,07,21658,A,N,B,C,A,A,H,-,A,D,1,,,,,Y,,A,07,0,0,0,0,0,0,0,0,0,"- ","- ",38.315869999999997,-122.30748,NAPA,NAPA,-122.30747527,38.316943100000003
6292298,2015,2015-06-24,9325,2015-04-18,2143,20261,,6,2,9,2800,0,3,5,,2,007,"OLD SONOMA RD","BUHMAN AV",528.00,N,N,A,-,N,,,,,,,,,,Y,1,1,0,1,A,-,01,23152,A,N,E,I,A,A,H,-,D,D,0,,,,,Y,Y,A,01,0,0,0,0,0,0,0,0,0,"- ","- ",38.273099999999999,-122.32850000000001,NAPA,UNINCORPORATED,-122.33058241000001,38.271465249999999
6393123,2014,2016-03-03,2802,2014-01-19,1940,320345,50,7,5,5,2802,0,0,0,,0,02B,"STHY 221","IMOLA AV",10.00,S,N,A,-,Y,NAP,4,221,-,-,2.670,H,-,N,Y,2,0,4,2,A,-,01,23153,A,N,C,C,A,A,H,-,C,A,0,,,,,Y,Y,A,07,1,1,2,0,0,0,0,0,0,"- ","- ",,,NAPA,NAPA,-122.27401536000001,38.280318549999997
6413471,2014,2014-06-21,9325,2014-03-02,0900,19123,,7,1,9,2800,0,2,4,,2,032,"SILVERADO TRL","CONN CREEK RD",0.00,,Y,B,-,N,,,,,,,,,,N,2,0,1,2,C,-,18,,,N,G,B,E,B,H,-,A,A,0,Y,,,,Y,,-,"- ",1,0,0,0,1,0,0,0,0,"- ","- ",38.487520000000004,-122.40604999999999,NAPA,UNINCORPORATED,-122.40607993,38.487429900000002
6423694,2014,2014-07-01,9325,2014-03-18,1605,017488,,2,2,9,2800,0,3,5,,1,008,"CHILES POPE VALLEY RD","BARNETT RD",180.00,N,N,A,-,N,,,,,,,,,,Y,2,0,1,1,A,-,01,23152,A,N,E,I,A,A,H,-,A,D,0,,,,,Y,Y,D,22,1,0,0,0,0,0,0,0,0,"- ","- ",38.617570000000001,-122.41797,NAPA,UNINCORPORATED,-122.41741355000001,38.617330129999999
6431028,2014,2014-06-30,9325,2014-03-20,1555,19481,,4,2,9,2800,0,3,5,,2,002,"SOLANO AV","DARMS LN",1584.00,N,N,A,-,N,,,,,,,,,,Y,2,0,2,3,A,-,01,23152,A,N,B,C,A,A,H,-,A,D,0,,,,,Y,Y,A,01,1,1,0,0,0,0,0,0,0,"- ","- ",38.370980000000003,-122.34153000000001,NAPA,UNINCORPORATED,-122.33874,38.36683
6459054,2014,2014-07-11,2802,2014-04-14,2004,188,38,1,5,5,2802,0,0,0,,0,01A,"MAIN ST","FIRST ST",40.00,N,N,A,-,N,,,,,,,,,,N,2,0,1,2,A,-,11,21950,B,N,G,B,D,A,H,-,C,A,0,Y,,,,Y,,N,60,1,0,0,0,1,0,0,0,0,"- ","- ",,,NAPA,NAPA,-122.28555525,38.2992925
6503430,2014,2015-12-04,9325,2014-05-02,1005,019411,,5,1,9,2800,0,3,5,,1,008,"WOODEN VALLEY RD","RT 121",3696.00,E,N,A,-,N,,,,,,,,,,Y,2,0,1,2,A,-,06,21750,,N,D,C,A,A,H,-,A,D,0,,,,,Y,,D,22,1,0,0,0,0,0,0,0,0,"- ","- ",38.374850000000002,-122.19116,NAPA,UNINCORPORATED,-122.19183504999999,38.37470588
6516224,2014,2015-03-06,9325,2014-06-09,0215,019811,,1,3,9,2800,0,1,3,,1,012,"RT 12","KIRKLAND RANCH",2000.00,W,N,A,-,Y,NAP,4,12,-,-,0.940,H,-,W,Y,2,0,1,1,A,-,01,23152,A,N,E,I,A,A,H,-,D,D,0,,,,,Y,Y,A,01,1,0,0,0,0,0,0,0,0,"- ","- ",38.22146,-122.24052,NAPA,UNINCORPORATED,-122.24174483,38.221328470000003
6522138,2014,2014-07-08,2802,2014-03-09,1939,320108,64,7,5,5,2802,0,0,0,,0,02A,"1ST ST","MCKINSTRY ST",0.00,,Y,B,-,N,,,,,,,,,,Y,2,0,1,2,A,-,01,23152,A,N,A,C,A,A,H,-,C,A,0,,,Y,,Y,Y,C,02,1,0,0,0,0,0,0,0,1,"- ","- ",,,NAPA,NAPA,-122.28195988,38.300999920000002
6525055,2014,2015-10-23,2802,2014-05-29,0824,320068,52,4,5,5,2802,0,0,0,,0,04B,"FOSTER RD","ST FRANCIS CIR",20.00,S,N,A,-,N,,,,,,,,,,Y,2,0,1,1,A,-,08,22107,,N,F,-,A,A,H,-,A,D,0,,,,,Y,,A,01,1,0,0,0,0,0,0,0,0,"- ","- ",,,NAPA,NAPA,-122.30587878,38.27742507
6534842,2014,2014-08-07,9325,2014-05-04,1340,019411,,7,1,9,2800,0,3,5,,1,008,"SNELL VALLEY RD","BUTTS CANYON RD",5808.00,E,N,A,-,N,,,,,,,,,,Y,2,0,1,1,A,-,08,22107,,N,E,I,A,A,H,-,A,D,0,,,,,Y,,A,01,1,0,0,0,0,0,0,0,0,"- ","- ",38.703949999999999,-122.42812000000001,NAPA,UNINCORPORATED,-122.42869271000001,38.703690610000002
6537998,2014,2014-08-20,9325,2014-06-27,1650,019625,,5,2,9,2800,0,2,4,,2,032,"SILVERADO TRL","OAKVILLE CROSS RD",3168.00,N,N,A,-,N,,,,,,,,,,Y,2,0,3,2,A,-,09,21801,A,N,A,C,A,A,H,-,A,A,0,,,,,Y,,A,01,1,0,2,0,0,0,0,0,0,"- ","- ",38.462179999999996,-122.37151,NAPA,UNINCORPORATED,-122.37125986,38.461937599999999
6542615,2014,2016-04-12,9325,2014-06-21,1015,17488,,6,1,9,2800,0,1,3,,1,080,"RT 128","LOWER CHILES POPE VLY RD",2640.00,E,N,A,-,Y,NAP,4,128,-,-,16.290,H,-,W,N,2,0,1,1,A,-,03,22350,,N,F,A,A,A,H,-,A,D,0,,,Y,,Y,,C,02,1,0,0,0,0,0,0,0,1,"- ","- ",38.502850000000002,-122.28814,NAPA,UNINCORPORATED,-122.28908642,38.503123729999999
6547720,2014,2014-08-29,2802,2014-07-09,1720,230339,26,3,5,5,2802,0,0,0,,0,01A,"JEFFERSON ST","PUEBLO AV",0.00,,Y,A,-,N,,,,,,,,,,Y,2,0,1,2,A,-,09,21804,A,N,D,C,A,A,H,-,A,D,0,,,Y,,Y,,D,22,1,0,0,0,0,0,0,0,1,"- ","- ",,,NAPA,NAPA,-122.29783992999999,38.315679930000002
6559376,2014,2016-01-13,2800,2014-07-04,1906,250375,0,5,5,2,2805,0,0,0,,0,,"GRANITE SPRINGS WY","NEWELL DR",0.00,,Y,A,-,N,,,,,,,,,,N,2,0,1,2,A,-,10,21950,A,N,G,B,-,A,H,-,A,D,0,Y,,,,Y,,A,01,1,0,0,0,1,0,0,0,0,"- ","- ",,,NAPA,"AMERICAN CANYON",-122.24246986,38.17286996
6565409,2014,2014-08-25,9325,2014-07-15,1525,014728,,2,2,9,2800,0,3,5,,1,008,"CHILES POPE VALLEY RD","HENNESSEY RIDGE RD",7392.00,N,N,A,-,N,,,,,,,,,,Y,2,0,1,1,A,-,08,22107,,N,E,I,A,A,H,-,A,D,0,,,Y,,Y,,C,02,1,0,0,0,0,0,0,0,1,"- ","- ",38.51397,-122.35042,NAPA,UNINCORPORATED,-122.35053104000001,38.513589090000004
6575909,2014,2014-08-28,9325,2014-07-19,0710,019164,,6,1,9,2800,0,3,5,,2,007,"CUTTINGS WHARF RD","LAS AMIGAS RD",0.00,,Y,A,-,N,,,,,,,,,,Y,2,0,2,2,A,-,09,21801,A,N,A,C,A,A,H,-,A,D,0,,,,,Y,,D,22,1,1,0,0,0,0,0,0,0,"- ","- ",38.23601,-122.31297000000001,NAPA,UNINCORPORATED,-122.31309999,38.235849909999999
6587379,2014,2014-09-03,9325,2014-08-01,1531,019811,,5,2,9,2800,0,1,3,,1,031,"RT 29","WHITEHALL LN",10.00,N,N,A,-,Y,,,29,,,,,,,N,2,0,1,1,A,-,03,22350,,N,F,A,A,A,H,-,A,A,0,,Y,,,Y,,L,04,1,0,0,0,0,0,1,0,0,"- ","- ",38.477240000000002,-122.43626999999999,NAPA,UNINCORPORATED,-122.43625929,38.477251590000002
6591210,2014,2014-08-18,9325,2014-07-25,2220,019864,,5,3,5,2802,0,1,3,,1,022,"RT 29","TRANCAS ST",100.00,S,N,A,-,Y,,,,,,,,,,Y,2,0,1,1,A,-,03,22350,,N,F,A,A,A,H,-,C,D,0,,,,,Y,,-,,1,0,0,0,0,0,0,0,0,"- ","- ",38.191630000000004,-122.18295000000001,NAPA,NAPA,,
6598726,2014,2016-01-15,9325,2014-08-15,0730,015176,,5,1,9,2800,0,3,5,,2,004,"OLD LAWLEY TOLL RD","RT 29",7920.00,N,N,A,-,N,,,,,,,,,,N,2,0,1,2,A,-,05,21650,,F,G,B,E,A,H,-,A,D,0,Y,,,,Y,,D,22,1,0,0,0,1,0,0,0,0,"- ","- ",38.620579999999997,-122.58767,NAPA,UNINCORPORATED,-122.59657,38.640459999999997
6608008,2014,2014-09-08,9325,2014-08-17,0750,017759,,7,1,9,2800,0,3,5,,2,002,"MOUNT VEEDER RD","LOKOYA RD",5280.00,S,N,A,-,N,,,,,,,,,,N,2,0,1,1,A,-,03,22350,,N,H,G,A,A,G,-,A,D,0,,Y,,,Y,,L,04,1,0,0,0,0,0,1,0,0,"- ","- ",38.363750000000003,-122.40653,NAPA,UNINCORPORATED,-122.40345283000001,38.361892840000003
6609215,2014,2014-09-12,9325,2014-08-21,2330,019847,,4,3,9,2800,0,3,5,,2,002,"BUHMAN AV","CONGRESS VALLEY RD",2640.00,N,N,A,-,N,,,,,,,,,,Y,2,0,1,1,A,-,03,22350,,N,E,I,A,A,H,-,D,D,0,,,,,Y,,A,01,1,0,0,0,0,0,0,0,0,"- ","- ",38.293379999999999,-122.3432,NAPA,UNINCORPORATED,-122.34324534,38.292848079999999
6628640,2014,2014-10-31,9325,2014-09-14,1935,019972,,7,2,9,2800,0,3,5,,1,008,"WOODEN VALLEY RD","WOODEN VALLEY CROSS RD",2640.00,N,N,A,-,N,,,,,,,,,,Y,2,0,1,1,C,-,18,,,N,E,H,A,A,H,-,B,D,0,,,Y,,Y,,-,"- ",1,0,0,0,0,0,0,0,1,"- ","- ",38.33625,-122.15303,NAPA,UNINCORPORATED,-122.14636135000001,38.331236740000001
6628748,2014,2014-10-30,2802,2014-09-03,1903,320411,26,3,5,5,2802,0,0,0,,0,01A,"JEFFERSON ST","PUEBLO AV",0.00,,Y,A,-,N,,,,,,,,,,Y,2,0,4,2,A,-,12,21453,A,N,D,C,A,A,H,-,A,A,0,,,,,Y,,A,01,1,3,0,0,0,0,0,0,0,"- ","- ",,,NAPA,NAPA,-122.29783992999999,38.315679930000002
6628756,2014,2014-10-30,2802,2014-09-05,2118,320287,24,5,5,5,2802,0,0,0,,0,04B,"1ST ST","1ST ST  2632",0.00,,N,A,-,N,,,,,,,,,,Y,2,0,1,2,A,-,21,22106,,N,D,C,A,A,H,-,C,D,0,,,Y,,Y,,A,01,1,0,0,0,0,0,0,0,1,"- ","- ",,,NAPA,NAPA,-122.30810344,38.300003789999998
6630814,2014,2016-05-25,9325,2014-09-07,1340,019067,,7,1,9,2800,0,1,3,,2,071,"RT 121","LOS CARNEROS AV",0.00,,Y,A,-,Y,NAP,4,121,-,-,2.790,I,5,N,Y,2,0,5,3,A,-,01,23152,A,N,D,C,A,A,H,-,A,D,0,,,,,Y,Y,A,01,1,1,3,0,0,0,0,0,0,"- ","- ",38.255099999999999,-122.32718,NAPA,UNINCORPORATED,-122.33189632,38.255292070000003
6640628,2014,2016-05-25,9325,2014-09-18,0100,18108,,4,3,9,2800,0,1,3,,1,081,"RT 121","WOODEN VALLEY",4224.00,N,N,C,-,Y,NAP,4,121,-,-,16.880,H,-,S,Y,2,0,1,1,A,-,03,22350,,N,E,I,A,B,H,-,D,D,0,,,,,Y,,A,07,1,0,0,0,0,0,0,0,0,"- ","- ",38.387,-122.20148,NAPA,UNINCORPORATED,-122.20146501000001,38.386365269999999
6648393,2014,2016-05-25,2802,2014-09-28,2033,`186,32,7,5,5,2802,0,0,0,,0,02A,"SILVERADO TRL","TAYLOR ST",100.00,N,N,A,-,Y,NAP,4,121,-,-,7.540,H,-,S,Y,2,0,2,2,A,-,01,23152,A,N,C,G,A,A,H,-,C,D,0,,Y,Y,,Y,Y,C,02,1,1,0,0,0,0,1,0,1,"- ","- ",,,NAPA,NAPA,-122.27627371,38.301708990000002
6696632,2014,2015-01-06,9325,2014-10-08,2200,19481,,3,3,9,2800,0,3,5,,2,007,"CONGRESS VALLEY RD","BUHMAN AV",163.00,E,N,A,-,N,,,,,,,,,,Y,2,0,3,1,A,-,08,22107,,N,E,I,A,A,H,-,D,D,0,,,,,Y,,A,01,3,0,0,0,0,0,0,0,0,"- ","- ",38.286250000000003,-122.33875999999999,NAPA,UNINCORPORATED,-122.33886502,38.286250819999999
6747185,2014,2015-01-22,9325,2014-11-09,1148,19067,,7,1,9,2800,0,1,3,,1,080,"RT 128","STEELE CANYON RD",3168.00,W,N,A,-,Y,NAP,4,128,-,-,23.150,H,-,W,Y,1,1,0,2,A,-,21,22106,,N,D,C,A,A,H,-,A,D,0,,,Y,,Y,,D,22,0,0,0,0,0,0,0,1,0,"- ","- ",38.453110000000002,-122.20533,NAPA,UNINCORPORATED,-122.20693525999999,38.45357302
6754449,2014,2016-06-24,2802,2014-12-18,0215,186,411,4,5,5,2802,0,0,0,,0,02B,"WEST IMOLA AV","SOUTH JEFFERSON ST",100.00,E,N,C,-,Y,NAP,4,121,-,R,4.860,H,-,N,Y,2,0,3,1,A,-,01,23152,A,N,E,I,A,B,H,-,C,A,0,,,,,Y,Y,D,22,1,2,0,0,0,0,0,0,0,"- ","- ",,,NAPA,NAPA,-122.29366465,38.281974159999997
6808006,2015,2016-09-27,9325,2015-01-24,1250,19659,,6,1,9,2800,0,1,3,,1,013,"RT 221","STREBLOW DR",128.00,S,N,A,-,Y,NAP,4,221,-,-,1.960,H,-,N,Y,2,0,8,4,A,-,03,22350,,N,C,C,A,A,H,-,A,A,5,,,,,Y,,A,01,1,6,1,0,0,0,0,0,0,"- ","- ",38.269970000000001,-122.27179,NAPA,UNINCORPORATED,-122.27173517999999,38.269912210000001
6808009,2015,2016-10-12,9325,2015-01-16,1015,19659,,5,1,9,2800,0,1,3,,1,011,"RT 29","VISTA POINT DR",187.00,N,N,A,-,Y,NAP,4,29,-,R,6.690,H,-,S,Y,2,0,1,1,A,-,08,22107,,N,E,I,A,A,H,-,A,D,5,,,,,Y,,A,01,1,0,0,0,0,0,0,0,0,"- ","- ",38.242919999999998,-122.27781,NAPA,UNINCORPORATED,-122.27794964,38.242998329999999
6821074,2015,2016-10-26,2801,2015-01-26,1425,178,2,1,5,2,2801,0,0,0,,0,,"SILVERADO TRL","RT 29",0.00,,Y,A,-,Y,NAP,4,29,-,-,37.902,I,5,N,Y,2,0,2,2,A,-,12,22450,A,N,B,C,A,A,H,-,A,D,0,,,,,Y,,D,72,1,0,1,0,0,0,0,0,0,"- ","- ",,,NAPA,CALISTOGA,-122.57738993,38.588942670000002
6856073,2015,2015-03-26,2802,2015-03-13,2301,320363,0,5,5,5,2802,0,0,0,,0,,"STADIUM AV","BRUIN CT",200.00,N,N,A,-,N,,,,,,,,,,N,2,0,1,1,A,-,01,23152,A,N,H,A,A,A,H,-,C,A,0,,,Y,,Y,Y,O,05,1,0,0,0,0,0,0,0,1,"- ","- ",,,NAPA,NAPA,-122.30273016,38.316836270000003
6863660,2015,2016-10-17,9325,2015-03-12,1125,13727,,4,1,9,2800,0,1,3,,1,021,"RT 121","VICHY AV",15840.00,N,N,A,-,Y,NAP,4,121,-,-,13.630,H,-,N,Y,2,0,1,1,A,-,03,22350,,N,F,A,A,A,H,-,A,D,0,,,Y,,Y,,C,02,1,0,0,0,0,0,0,0,1,"- ","- ",38.355629999999998,-122.21277000000001,NAPA,UNINCORPORATED,-122.21491924999999,38.354687009999999
6870782,2015,2015-04-16,9325,2015-03-20,1229,19811,,5,1,9,2800,0,3,5,,2,004,"PETRIFIED FOREST RD","NAPA SONOMA CO LINE",5280.00,E,N,A,-,N,,,,,,,,,,Y,2,0,1,2,A,-,08,22107,,N,B,C,A,A,H,-,A,D,0,,,,,Y,,D,22,1,0,0,0,0,0,0,0,0,"- ","- ",38.578629999999997,-122.61573,NAPA,UNINCORPORATED,-122.61410952,38.577793030000002
6876734,2015,2015-05-11,2802,2015-04-06,2251,320321,49,1,5,5,2802,0,0,0,,0,02B,"SOSCOL AV","OIL COMPANY RD",78.00,S,N,A,-,N,,,,,,,,,,Y,2,0,1,1,A,-,01,23153,A,N,E,I,A,A,H,-,C,D,0,,,,,Y,Y,A,01,1,0,0,0,0,0,0,0,0,"- ","- ",,,NAPA,NAPA,-122.27784979,38.292271919999997
6899572,2015,2016-11-05,9325,2015-04-07,2248,18108,,2,3,9,2800,0,1,3,,1,031,"RT 29","YOUNT MILL RD",2376.00,S,N,A,-,Y,NAP,4,29,-,-,21.170,H,-,S,Y,2,0,3,2,A,-,01,23152,A,F,C,C,A,A,H,-,D,D,0,,,,,Y,Y,D,22,2,1,0,0,0,0,0,0,0,"- ","- ",38.353230000000003,-122.23121,NAPA,UNINCORPORATED,-122.38607218999999,38.416895420000003
6907318,2015,2016-11-21,9325,2015-04-12,2018,019024,,7,2,9,2800,0,1,3,,1,013,"RT 221","RT 29",60.00,N,N,A,-,Y,NAP,4,221,-,-,0.030,H,-,N,Y,2,0,1,1,A,-,01,23152,A,N,F,A,A,A,H,-,B,D,5,,,Y,,Y,Y,C,02,1,0,0,0,0,0,0,0,1,"- ","- ",38.241480000000003,-122.26889,NAPA,UNINCORPORATED,-122.26886641,38.241764060000001
6911068,2015,2016-11-21,9325,2015-04-17,1305,019864,,5,1,9,2800,0,1,3,,1,013,"RT 221","STREBLOW DR",300.00,S,N,A,-,Y,NAP,4,221,-,-,1.650,H,-,N,Y,2,0,2,2,A,-,08,22107,,N,D,C,A,A,H,-,A,D,5,,,,,Y,,M,50,1,1,0,0,0,0,0,0,0,"- ","- ",38.26623,-122.27105,NAPA,UNINCORPORATED,-122.27087125,38.26524946
6921503,2015,2016-12-09,9325,2015-04-30,1730,19625,,4,2,9,2800,0,1,3,,1,081,"RT 121","CAPELL VALLEY RD",7920.00,S,N,A,-,Y,NAP,4,121,-,-,20.580,H,-,S,Y,2,0,1,2,A,-,08,22107,,N,D,C,A,A,H,-,A,A,0,,,Y,,Y,,D,22,1,0,0,0,0,0,0,0,1,"- ","- ",38.429099999999998,-122.20974,NAPA,UNINCORPORATED,-122.20770826,38.431761010000002
6924073,2015,2015-06-02,9325,2015-05-17,1950,13434,,7,2,9,2800,0,3,5,,2,003,"KEYES AV","TOBIN AV",0.00,,Y,A,-,N,,,,,,,,,,N,2,0,1,2,A,-,09,21800,B,N,H,G,A,A,H,-,A,D,0,,Y,,,Y,,L,04,1,0,0,0,0,0,1,0,0,"- ","- ",38.577849999999998,-122.45922,NAPA,UNINCORPORATED,-122.45921998999999,38.577809950000002
6934090,2015,2015-06-09,9325,2015-05-09,1815,19972,,6,2,9,2800,0,2,4,,2,032,"SILVERADO TRL","PRATT AV",330.00,S,N,A,-,N,,,,,,,,,,Y,2,0,1,2,A,-,05,21460,A,N,A,C,A,A,H,-,A,D,0,,,Y,,Y,,C,02,1,0,0,0,0,0,0,0,1,"- ","- ",38.520060000000001,-122.47154999999999,NAPA,UNINCORPORATED,-122.47183923,38.520249360000001
6951132,2015,2015-07-09,2802,2015-06-05,1958,320395,50,5,5,5,2802,0,0,0,,0,02B,"WILKINS AV","KANSAS AV",100.00,S,N,A,-,N,,,,,,,,,,Y,2,0,3,2,A,-,01,23152,A,F,B,C,A,A,H,-,B,D,0,,,,,Y,Y,A,01,1,0,2,0,0,0,0,0,0,"- ","- ",,,NAPA,NAPA,-122.27079232,38.285356950000001
6962199,2015,2016-11-05,9325,2015-05-30,0745,013727,,6,1,9,2800,0,1,3,,1,080,"RT 128","WRAGG CANYON RD",15312.00,E,N,A,-,Y,NAP,4,128,-,-,30.910,H,-,W,Y,2,0,1,1,A,-,08,22107,,N,E,I,A,A,H,-,A,D,0,,,Y,,Y,,C,02,1,0,0,0,0,0,0,0,1,"- ","- ",38.47813,-122.13627,NAPA,UNINCORPORATED,-122.13686789,38.476964029999998
6962201,2015,2015-07-01,9325,2015-05-29,1400,013727,,5,2,9,2800,0,3,5,,1,008,"BUTTS CANYON RD","SNELL VALLEY RD",4224.00,S,N,A,-,N,,,,,,,,,,Y,2,0,1,1,A,-,08,22107,,N,F,A,A,A,H,-,A,D,0,,,Y,,Y,,C,02,1,0,0,0,0,0,0,0,1,"- ","- ",38.683459999999997,-122.446,NAPA,UNINCORPORATED,-122.44655195,38.684317210000003