CASE_ID,ACCIDENT_YEAR,PROC_DATE,JURIS,COLLISION_DATE,COLLISION_TIME,OFFICER_ID,REPORTING_DISTRICT,DAY_OF_WEEK,CHP_SHIFT,POPULATION,CNTY_CITY_LOC,SPECIAL_COND,BEAT_TYPE,CHP_BEAT_TYPE,CITY_DIVISION_LAPD,CHP_BEAT_CLASS,BEAT_NUMBER,PRIMARY_RD,SECONDARY_RD,DISTANCE,DIRECTION,INTERSECTION,WEATHER_1,WEATHER_2,STATE_HWY_IND,CALTRANS_COUNTY,CALTRANS_DISTRICT,STATE_ROUTE,ROUTE_SUFFIX,POSTMILE_PREFIX,POSTMILE,LOCATION_TYPE,RAMP_INTERSECTION,SIDE_OF_HWY,TOW_AWAY,COLLISION_SEVERITY,NUMBER_KILLED,NUMBER_INJURED,PARTY_COUNT,PRIMARY_COLL_FACTOR,PCF_CODE_OF_VIOL,PCF_VIOL_CATEGORY,PCF_VIOLATION,PCF_VIOL_SUBSECTION,HIT_AND_RUN,TYPE_OF_COLLISION,MVIW,PED_ACTION,ROAD_SURFACE,ROAD_COND_1,ROAD_COND_2,LIGHTING,CONTROL_DEVICE,CHP_ROAD_TYPE,PEDESTRIAN_ACCIDENT,BICYCLE_ACCIDENT,MOTORCYCLE_ACCIDENT,TRUCK_ACCIDENT,NOT_PRIVATE_PROPERTY,ALCOHOL_INVOLVED,STWD_VEHTYPE_AT_FAULT,CHP_VEHTYPE_AT_FAULT,COUNT_SEVERE_INJ,COUNT_VISIBLE_INJ,COUNT_COMPLAINT_PAIN,COUNT_PED_KILLED,COUNT_PED_INJURED,COUNT_BICYCLIST_KILLED,COUNT_BICYCLIST_INJURED,COUNT_MC_KILLED,COUNT_MC_INJURED,PRIMARY_RAMP,SECONDARY_RAMP,LATITUDE,LONGITUDE,COUNTY,CITY,POINT_X,POINT_Y
6964654,2015,2016-12-20,2802,2015-06-05,1957,320395,50,5,5,5,2802,0,0,0,,0,02B,"IMOLA AV","SOSCOL AV",0.00,,Y,A,-,Y,NAP,4,121,-,-,6.101,H,-,S,Y,2,0,1,3,A,-,01,23152,A,F,C,C,A,A,H,-,C,A,0,,,,,Y,Y,A,01,1,0,0,0,0,0,0,0,0,"- ","- ",,,NAPA,NAPA,-122.2742425,38.281558769999997
6977355,2015,2015-07-06,9325,2015-05-22,2230,020563,,5,3,9,2800,0,3,5,,2,002,"ATLAS PEAK RD","OLD SODA SPRINGS RD",1003.00,S,N,A,-,N,,,,,,,,,,Y,2,0,1,1,A,-,01,23152,A,N,E,J,A,A,H,-,D,D,0,,,,,Y,Y,A,01,1,0,0,0,0,0,0,0,0,"- ","- ",38.361170000000001,-122.26724,NAPA,UNINCORPORATED,-122.26706,38.360101620000002
6978428,2015,2015-07-14,9325,2015-06-20,1150,019811,,6,1,9,2800,0,2,4,,2,032,"SILVERADO TRL","ZINFANDEL LN",0.00,,Y,A,-,N,,,,,,,,,,Y,2,0,3,2,A,-,09,21802,A,N,D,C,A,A,H,-,A,D,0,,,,,Y,,A,01,1,0,2,0,0,0,0,0,0,"- ","- ",38.497230000000002,-122.42462,NAPA,UNINCORPORATED,-122.42441995,38.497099939999998
7000284,2015,2015-08-05,2803,2015-05-26,1349,11,,2,5,2,2803,0,0,0,,0,,"RT 29","CHARTER OAK AV",304.00,N,N,A,-,Y,NAP,4,29,-,-,28.370,H,-,N,N,1,1,0,2,A,-,01,21200,5,N,H,G,A,A,H,-,A,D,0,,Y,,Y,Y,Y,L,04,0,0,0,0,0,1,0,0,0,"- ","- ",38.502029999999998,-122.46513,NAPA,"SAINT HELENA",-122.46515697,38.502008779999997
7008504,2015,2017-01-21,9325,2015-07-16,2045,017746,,4,2,9,2800,0,1,3,,1,081,"RT 121","CIRCLE OAKS DR",1584.00,N,N,A,-,Y,NAP,4,121,-,-,18.790,H,-,N,Y,2,0,1,1,A,-,08,22107,,N,F,A,A,A,H,-,A,D,0,,,Y,,Y,,C,02,1,0,0,0,0,0,0,0,1,"- ","- ",38.411729999999999,-122.20329,NAPA,UNINCORPORATED,-122.20310585,38.410884449999998
7008524,2015,2015-08-10,9325,2015-07-03,1530,019864,,5,2,9,2800,0,2,4,,1,042,"SILVERADO TRL","PICKETT RD",1056.00,N,N,A,-,N,,,,,,,,,,N,2,0,1,2,A,-,08,22107,,N,H,G,A,A,H,-,A,D,0,,Y,,,Y,,L,04,1,0,0,0,0,0,1,0,0,"- ","- ",38.581600000000002,-122.56148,NAPA,UNINCORPORATED,-122.56209952,38.581786080000001
7037812,2015,2017-01-14,9325,2015-07-06,0216,20261,,1,3,9,2800,0,1,3,,1,022,"RT 29","1ST ST",5280.00,S,N,A,-,Y,NAP,4,29,-,-,10.550,H,-,S,Y,2,0,1,1,A,-,01,23152,A,M,E,I,A,A,H,-,D,D,1,,,,,Y,Y,A,01,1,0,0,0,0,0,0,0,0,"- ","- ",38.295949999999998,-122.30213999999999,NAPA,UNINCORPORATED,-122.30071805,38.285526750000002
7057679,2015,2015-11-23,2802,2015-11-02,1124,195,0,1,5,5,2802,0,0,0,,0,,"GASSER DR","SOSCOL AV",369.00,W,N,B,-,N,,,,,,,,,,Y,2,0,1,2,A,-,08,22107,,N,D,G,A,B,H,-,A,A,0,,Y,,,Y,,L,04,1,0,0,0,0,0,1,0,0,"- ","- ",,,NAPA,NAPA,-122.27652401,38.2882952
7064011,2015,2015-10-24,2802,2015-10-03,1804,320336,51,6,5,5,2802,0,0,0,,0,02B,"LAREDO ST","SOMMER ST",20.00,E,N,A,-,N,,,,,,,,,,Y,2,0,3,2,A,-,03,22350,,N,D,C,A,A,H,-,A,A,0,,,,,Y,,A,01,1,0,2,0,0,0,0,0,0,"- ","- ",,,NAPA,NAPA,-122.26046031,38.283860769999997
7069989,2015,2015-10-03,2802,2015-09-03,0733,320143,42,4,5,5,2802,0,0,0,,0,04B,"OLD SONOMA RD","ROOSEVELT ST",0.00,,Y,A,-,N,,,,,,,,,,Y,2,0,1,2,A,-,09,21801,A,N,D,G,A,A,H,-,A,A,0,,Y,,,Y,,L,04,1,0,0,0,0,0,1,0,0,"- ","- ",,,NAPA,NAPA,-122.30834996999999,38.287789979999999
7070409,2015,2015-09-18,2802,2015-08-19,2030,320094,1,3,5,5,2802,0,0,0,,0,04A,"MAHER ST","WINE COUNTRY AV",0.00,,Y,A,-,N,,,,,,,,,,N,2,0,1,2,A,-,01,23152,B,N,D,G,A,A,H,-,B,D,0,,Y,,,Y,Y,A,01,1,0,0,0,0,0,1,0,0,"- ","- ",,,NAPA,NAPA,-122.32427993,38.335339990000001
7070784,2015,2015-09-19,2802,2015-08-28,1347,320388,412,5,5,5,2802,0,0,0,,0,02B,"SOSCOL AV","KANSAS AV",800.00,S,N,A,-,N,,,,,,,,,,N,2,0,1,2,B,-,22,,,N,G,B,C,A,H,-,A,A,0,Y,,,,Y,,A,01,1,0,0,0,1,0,0,0,0,"- ","- ",,,NAPA,NAPA,-122.27450514,38.282989309999998
7094627,2014,2015-10-12,2802,2014-08-12,1911,320339,404,2,5,5,2802,0,0,0,,0,003,"JEFFERSON ST","CLAREMONT WY",0.00,,Y,A,-,N,,,,,,,,,,N,2,0,1,2,A,-,01,23152,B,N,G,B,B,A,H,-,B,A,0,Y,,,,Y,,A,01,1,0,0,0,1,0,0,0,0,"- ","- ",,,NAPA,NAPA,-122.29937993999999,38.320999970000003
7105641,2015,2015-10-30,2802,2015-10-10,1451,320388,22,6,5,5,2802,0,0,0,,0,003,"JEFFERSON ST","PUEBLO AV",150.00,S,N,A,-,N,,,,,,,,,,N,2,0,1,2,A,-,08,22107,,N,D,G,A,A,H,-,A,D,0,,Y,,,Y,,L,04,1,0,0,0,0,0,1,0,0,"- ","- ",,,NAPA,NAPA,-122.29772946999999,38.315277279999997
7124527,2015,2017-01-14,2802,2015-10-30,0754,191,74,5,5,5,2802,0,0,0,,0,04B,"RT 29","RT 121",7920.00,,N,A,-,Y,NAP,4,29,-,R,7.160,H,-,N,Y,2,0,2,2,A,-,03,22350,,N,C,C,A,A,G,-,B,D,0,,,Y,,Y,,C,02,1,1,0,0,0,0,0,0,1,"- ","- ",,,NAPA,NAPA,-122.28616038,38.244066349999997
7144574,2015,2017-01-14,2800,2015-12-25,1439,250422,10204,5,5,2,2805,0,0,0,,0,001,BROADWAY,"RIO DEL MAR",200.00,N,N,A,-,Y,NAP,4,29,-,-,1.700,H,-,N,Y,2,0,6,2,A,-,03,22350,,N,C,C,A,A,H,-,A,A,0,,,,,Y,,A,07,1,0,5,0,0,0,0,0,0,"- ","- ",,,NAPA,"AMERICAN CANYON",-122.25471204999999,38.179746039999998
7155258,2015,2016-01-14,2802,2015-12-25,1846,320108,52,5,5,5,2802,0,0,0,,0,04B,"S FREEWAY DR","W IMOLA AV",0.00,S,N,B,-,N,,,,,,,,,,N,2,0,1,3,A,-,01,23152,A,M,C,E,A,A,H,-,C,D,0,,,,,Y,Y,A,01,1,0,0,0,0,0,0,0,0,"- ","- ",,,NAPA,NAPA,-122.3026,38.281909970000001
7155491,2015,2017-02-03,2802,2015-12-18,1957,320395,412,5,5,5,2802,0,0,0,,0,02B,"SOSCOL AV","SHETLER AV",200.00,S,N,C,-,Y,NAP,4,121,-,-,6.110,H,-,S,N,2,0,1,2,A,-,11,21954,A,N,G,B,D,B,H,-,C,D,0,Y,,,,Y,Y,N,60,1,0,0,0,1,0,0,0,0,"- ","- ",,,NAPA,NAPA,-122.27426124,38.281717559999997
7197243,2016,2016-03-30,2802,2016-02-07,1258,187,31,7,5,5,2802,0,0,0,,0,01A,"LEGION AV","LEGION AV 1115",0.00,,-,A,-,N,,,,,,,,,,N,2,0,1,2,A,-,"- ",,,N,G,B,F,A,H,-,A,D,0,Y,,,,Y,Y,N,60,1,0,0,0,1,0,0,0,0,"- ","- ",,,NAPA,NAPA,-122.29259519999999,38.305966490000003
7204408,2016,2016-03-14,2802,2016-02-10,0652,320133,8,3,5,5,2802,0,0,0,,0,04A,"DRY CREEK RD","TROWER AV",0.00,,Y,A,-,N,,,,,,,,,,N,2,0,1,2,A,-,10,21950,A,N,A,B,B,A,H,-,A,D,0,Y,,,,Y,,A,01,1,0,0,0,1,0,0,0,0,"- ","- ",,,NAPA,NAPA,-122.33208990999999,38.32279999
8021520,2016,2016-04-14,2802,2016-03-27,0007,320287,28,7,5,5,2802,0,0,0,,0,003,"SOSCOL AV","LINCOLN AV",100.00,S,N,A,-,N,,,,,,,,,,N,2,0,1,2,A,-,11,21954,A,N,G,B,C,A,H,-,A,D,0,Y,,,,Y,Y,N,60,1,0,0,0,1,0,0,0,0,"- ","- ",,,NAPA,NAPA,-122.285251,38.30997541
8058450,2016,2017-02-11,2800,2016-06-07,1826,250301,10206,2,5,2,2805,0,0,0,,0,,BROADWAY,"GREEN ISLAND RD",1715.00,N,N,A,-,Y,NAP,4,29,-,-,3.090,H,-,S,Y,2,0,1,2,A,-,07,21658,A,N,B,C,A,A,H,-,A,D,0,,,Y,,Y,,A,01,1,0,0,0,0,0,0,0,1,"- ","- ",,,NAPA,"AMERICAN CANYON",-122.25629899,38.199952580000001
8059866,2016,2016-06-11,2802,2016-06-03,2115,185,11,5,5,5,2802,0,0,0,,0,003,"TRANCAS ST","BAXTER AV",0.00,,Y,A,-,N,,,,,,,,,,N,2,0,1,2,A,-,10,21950,A,N,G,B,B,A,H,-,B,D,0,Y,,,,Y,,A,01,1,0,0,0,1,0,0,0,0,"- ","- ",,,NAPA,NAPA,-122.30409994999999,38.32210998
8066672,2016,2016-06-23,2800,2016-06-19,2004,250423,20209,7,5,2,2805,0,0,0,,0,002,"SILVER OAK TRL","SEQUOIA GROVE WY",345.00,W,N,A,-,N,,,,,,,,,,Y,2,0,1,1,A,-,01,23152,A,N,E,I,A,A,H,-,A,A,0,,,,,Y,Y,A,01,1,0,0,0,0,0,0,0,0,"- ","- ",,,NAPA,"AMERICAN CANYON",-122.24735904000001,38.16845
8074418,2016,2017-02-09,2800,2016-06-11,0046,250339,10201,6,5,2,2805,0,0,0,,0,001,"AMERICAN CANYON RD","RT 29",0.00,,Y,A,-,Y,NAP,4,29,-,-,0.690,I,5,N,N,2,0,1,2,A,-,11,21456,B,N,G,B,B,A,H,-,C,A,0,Y,,,,Y,Y,N,60,1,0,0,0,1,0,0,0,0,"- ","- ",,,NAPA,"AMERICAN CANYON",-122.25274589999999,38.165521990000002
8081794,2016,2016-07-15,2800,2016-06-13,1238,250053,0,1,5,2,2804,0,0,0,,0,,"YOUNTVILLE CROSS RD","TALLENT LN",0.00,E,N,A,-,N,,,,,,,,,,N,2,0,1,1,A,-,08,22107,,N,B,J,A,A,H,-,A,D,0,,Y,,,Y,,L,04,1,0,0,0,0,0,1,0,0,"- ","- ",,,NAPA,YOUNTVILLE,-122.36351000000001,38.409189920000003
8131943,2016,2016-09-29,2802,2016-07-14,1742,320133,26,4,5,5,2802,0,0,0,,0,01A,"LONE OAK AV","PACIFIC ST",0.00,,Y,A,-,N,,,,,,,,,,Y,2,0,1,1,A,-,01,23152,E,N,H,A,A,A,H,-,A,D,0,,,Y,,Y,,C,03,1,0,0,0,0,0,0,0,1,"- ","- ",,,NAPA,NAPA,-122.30178986999999,38.30920991
8141747,2016,2017-02-18,2802,2016-10-02,2228,188,29,7,5,5,2802,0,0,0,,0,003,"SILVERADO TRL","HAGEN RD",100.00,S,N,A,-,Y,NAP,4,121,-,-,9.050,H,-,S,Y,2,0,1,2,A,-,01,23152,A,N,B,C,A,A,H,-,C,D,0,,,,,Y,Y,D,22,1,0,0,0,0,0,0,0,0,"- ","- ",,,NAPA,NAPA,-122.27222766,38.320061029999998
8165297,2016,2017-01-27,2803,2016-10-13,1515,14,,4,5,2,2803,0,0,0,,0,,"MAIN ST","POPE ST",158.00,N,N,B,-,Y,NAP,4,29,-,-,28.520,H,-,S,N,2,0,1,2,A,-,03,22350,,N,G,B,D,A,H,-,A,D,0,Y,,,,Y,,A,08,1,0,0,0,1,0,0,0,0,"- ","- ",38.503210000000003,-122.46684999999999,NAPA,"SAINT HELENA",-122.46720714,38.503403349999999
8172163,2016,2016-11-23,2802,2016-11-04,1729,199,30,5,5,5,2802,0,0,0,,0,01A,"LINCOLN AV","MARIN ST",0.00,,Y,A,-,N,,,,,,,,,,N,2,0,1,2,A,-,10,21950,A,N,G,B,B,A,H,-,A,A,0,Y,,,,Y,,A,01,1,0,0,0,1,0,0,0,0,"- ","- ",,,NAPA,NAPA,-122.30033992,38.307579910000001
82155208,2023,2023-08-28,2800,2023-07-31,1834,511,"NAPA ",1,5,2,2805,0,0,0,,0,,"SR 29","AMERICAN CANYON RD",153.00,S,N,A,-,Y,,,,,,,,,,Y,2,0,4,6,A,-,03,22350,,N,C,C,A,A,H,-,A,A,0,,,,,Y,,A,01,1,1,2,0,0,0,0,0,0,"- ","- ",,,NAPA,"AMERICAN CANYON",-122.25276947021484,38.165210723876953
82240130,2023,2023-11-21,2800,2023-07-19,1819,545,,3,5,2,2805,0,0,0,,0,,"AMERICAN CANYON RD",BROADWAY,0.00,,Y,A,-,N,,,,,,,,,,Y,2,0,4,2,A,-,12,21453,A,F,D,C,A,A,H,-,A,A,0,,,,,Y,,M,59,2,2,0,0,0,0,0,0,0,"- ","- ",38.165351867675781,-122.25414276123047,NAPA,"AMERICAN CANYON",-122.25273895263672,38.165634155273438
82257634,2023,2023-12-11,2800,2023-11-27,1759,511,NAPA,1,5,2,2805,0,0,0,,0,,"CRAWFORD WAY","JAMES RD",0.00,,Y,A,-,N,,,,,,,,,,N,2,0,1,2,A,-,10,21950,A,N,G,B,B,A,H,-,C,D,0,Y,,,,Y,,A,01,1,0,0,0,1,0,0,0,0,"- ","- ",38.168308258056641,-122.25604248046875,NAPA,"AMERICAN CANYON",-122.25599670410156,38.168281555175781
82315321,2024,2024-02-15,2802,2024-01-20,1225,320582,,6,5,5,2802,0,0,0,,0,004,"OLD SONOMA RD","ROOSEVELT ST",0.00,,Y,C,-,N,,,,,,,,,,Y,2,0,2,2,A,-,09,21801,A,N,D,C,A,B,H,-,A,A,0,,,,,Y,,A,01,1,1,0,0,0,0,0,0,0,"- ","- ",38.287811279296875,-122.30838012695312,NAPA,NAPA,-122.308349609375,38.287792205810547
82341267,2024,2024-03-19,2800,2024-03-15,"559 ",538,,5,5,2,2805,0,0,0,,0,,"AMERICAN CANYON RD","DANROSE DRIVE",0.00,,Y,A,-,N,,,,,,,,,,Y,2,0,1,2,A,-,03,22350,,N,D,C,A,A,H,-,C,A,0,,,Y,,Y,,C,02,1,0,0,0,0,0,0,0,1,"- ","- ",,,NAPA,"AMERICAN CANYON",-122.25559997558594,38.16558837890625
82415375,2024,2024-06-17,2802,2024-06-11,1235,320577,,2,5,5,2802,0,0,0,,0,002,"SOSCOL AVE","SILVERADO TRL (S)",20.00,N,N,A,-,N,,,,,,,,,,N,2,0,1,2,A,-,03,22350,,N,C,C,A,A,H,-,A,A,0,,,,,Y,,A,01,1,0,0,0,0,0,0,0,0,"- ","- ",38.312961578369141,-122.28569030761719,NAPA,NAPA,-122.27524566650391,38.288211822509766
8319699,2017,2017-03-09,2802,2017-01-30,1206,320133,20,1,5,5,2802,0,0,0,,0,04A,"W PUEBLO AV","SOLANO AV",0.00,,Y,A,-,N,,,,,,,,,,Y,2,0,1,2,A,-,09,21801,A,N,D,C,A,A,H,-,A,A,0,,,Y,,Y,,D,22,1,0,0,0,0,0,0,0,1,"- ","- ",,,NAPA,NAPA,-122.3071199,38.313949979999997
8323932,2017,2017-08-01,2800,2017-02-26,0006,250423,10201,7,5,2,2805,0,0,0,,0,001,"W AMERICAN CANYON RD",BROADWAY,0.00,,Y,A,-,Y,NAP,4,29,-,-,0.690,I,5,N,Y,2,0,3,2,A,-,12,21453,A,N,D,C,A,A,H,-,C,A,0,,,,,Y,,A,01,1,1,1,0,0,0,0,0,0,"- ","- ",,,NAPA,"AMERICAN CANYON",-122.25274589999999,38.165521990000002
8328025,2017,2017-03-24,2802,2017-03-08,1610,320108,38,3,5,5,2802,0,0,0,,0,01C,"3RD ST","COOMBS ST",0.00,,Y,A,-,N,,,,,,,,,,Y,2,0,1,2,A,-,03,22350,,N,C,C,A,A,H,-,A,A,0,,,,,Y,Y,A,01,1,0,0,0,0,0,0,0,0,"- ","- ",,,NAPA,NAPA,-122.28572994,38.297069989999997
8337980,2017,2017-04-06,2802,2017-03-13,0818,320133,14,1,5,5,2802,0,0,0,,0,04B,"DODGE CT","MALONE DR",0.00,,Y,A,-,N,,,,,,,,,,N,2,0,1,2,A,-,16,24002,A,N,G,B,B,A,H,-,A,D,0,Y,,,,Y,,A,01,1,0,0,0,1,0,0,0,0,"- ","- ",,,NAPA,NAPA,-122.34188988,38.309259949999998
8382853,2017,2018-04-18,2800,2017-05-31,1119,250226,10206,3,5,2,2805,0,0,0,,0,001,BROADWAY,"GREEN ISLAND RD",0.00,,Y,A,-,Y,NAP,4,29,-,R,2.767,I,6,S,Y,2,0,1,2,A,-,03,22350,,N,C,C,A,A,H,-,A,D,0,,,,,Y,,D,22,1,0,0,0,0,0,0,0,0,"- ","- ",,,NAPA,"AMERICAN CANYON",-122.25631624,38.195180989999997
8404547,2017,2017-09-15,2802,2017-06-29,2122,320133,9,4,5,5,2802,0,0,0,,0,04A,"REDWOOD RD","SOLANO AV",225.00,W,N,A,-,N,,,,,,,,,,N,1,1,0,2,A,-,11,21954,A,F,G,B,D,A,H,-,C,D,0,Y,,,,Y,Y,N,60,0,0,0,1,0,0,0,0,0,"- ","- ",,,NAPA,NAPA,-122.31104625,38.320867460000002
84383462,2023,2024-09-06,2802,2023-10-05,"105 ",209,,4,5,5,2802,0,0,0,,0,003,"HAGEN RD","SILVERADO TRL (N)",1111.00,E,N,A,-,N,,,,,,,,,,Y,2,0,2,1,A,-,01,23152,F,N,E,I,A,A,H,-,D,D,0,,,,,Y,,A,01,2,0,0,0,0,0,0,0,0,"- ","- ",38.320571899414062,-122.17191314697266,NAPA,NAPA,-122.26923370361328,38.322612762451172
84468783,2024,2024-11-14,2800,2024-10-28,1557,521,,1,5,2,2805,0,0,0,,0,,"GREEN ISLAND RD","DEVLIN RD.",1000.00,W,N,A,-,N,,,,,,,,,,N,2,0,2,1,A,-,03,22350,,N,E,I,A,A,H,-,A,A,0,,,,,Y,,A,01,1,1,0,0,0,0,0,0,0,"- ","- ",,,NAPA,"AMERICAN CANYON",,
84474673,2024,2024-11-27,2802,2024-11-12,1712,320553,,2,5,5,2802,0,0,0,,0,004,"ORCHARD AVE","OAK DR",0.00,,Y,A,-,N,,,,,,,,,,Y,2,0,1,2,A,-,09,21801,A,N,D,C,A,A,H,-,C,A,0,,,Y,,Y,,A,08,1,0,0,0,0,0,0,0,1,"- ","- ",38.346549987792969,-122.33090972900391,NAPA,NAPA,-122.33074951171875,38.346595764160156
84495540,2024,2024-12-09,2802,2024-05-06,1700,254,,1,5,5,2802,0,0,0,,0,003,"GARFIELD LN","BIG RANCH RD",80.00,W,N,A,-,N,,,,,,,,,,N,2,0,1,2,A,-,08,22107,,F,D,G,A,A,H,-,A,D,0,,Y,,,Y,,-,99,1,0,0,0,0,0,1,0,0,"- ","- ",38.334148406982422,-122.29308319091797,NAPA,NAPA,-122.29332733154297,38.334011077880859
8452369,2017,2018-05-09,2803,2017-08-25,1054,30,,5,5,2,2803,0,0,0,,0,,"MAIN ST",ADAMS,0.00,,Y,A,-,N,,,,,,,,,,N,2,0,1,2,A,-,08,22107,,N,G,B,B,A,H,-,A,A,0,Y,,,,Y,,A,01,1,0,0,0,1,0,0,0,0,"- ","- ",38.505290000000002,-122.47031,NAPA,"SAINT HELENA",-122.47027994,38.505259940000002
84588821,2025,2025-02-25,2802,2025-02-11,1112,235,,2,5,5,2802,0,0,0,,0,002,"IMOLA AVE","GASSER DR",168.00,E,N,A,-,N,,,,,,,,,,Y,2,0,1,2,A,-,08,22107,,N,H,G,A,A,H,-,A,A,0,,Y,,,Y,,L,04,1,0,0,0,0,0,1,0,0,"- ","- ",38.280811309814453,-122.17865753173828,NAPA,NAPA,-122.27798461914062,38.28082275390625
8465609,2018,2019-02-12,2802,2018-10-07,2251,320133,64,7,5,5,2802,0,0,0,,0,02A,"MCKINSTRY ST","1ST ST",679.00,N,N,A,-,N,,,,,,,,,,Y,1,1,0,1,A,-,17,21712,A,N,G,B,A,A,H,-,C,D,0,,,,,Y,,A,01,0,0,0,0,0,0,0,0,0,"- ","- ",,,NAPA,NAPA,-122.28324127197266,38.302566528320312
84667553,2025,2025-04-29,2802,2025-04-22,"659 ",320553,,2,5,5,2802,0,0,0,,0,001,"1ST ST","CALIFORNIA BLVD",0.00,,Y,A,-,N,,,,,,,,,,N,2,0,1,1,B,-,22,,,N,H,A,A,A,H,-,A,A,0,,,Y,,Y,,C,02,1,0,0,0,0,0,0,0,1,"- ","- ",38.298381805419922,-122.30034637451172,NAPA,NAPA,-122.30009460449219,38.298164367675781
84676220,2025,2025-05-06,2802,2025-03-19,"530 ",247,,3,5,5,2802,0,0,0,,0,004,"RT 29","RT 12",0.00,,Y,A,-,Y,NAP,,29," ",R,8.655,H,,R,Y,2,0,2,2,A,-,12,21453,A,N,D,C,A,A,H,-,C,A,0,,,,,Y,,A,01,1,1,0,0,0,0,0,0,0,"- ","- ",38.257560729980469,-122.30274963378906,NAPA,NAPA,-122.30275726318359,38.257556915283203
84693171,2025,2025-05-20,2800,2025-04-26,2222,555,,6,5,2,2805,0,0,0,,0,,SR-29,EUCALYPTUS,0.00,,Y,A,-,Y,,,,,,,,,,N,2,0,1,3,A,-,03,22350,,N,C,C,A,A,H,-,C,A,0,,,,,Y,,A,01,1,0,0,0,0,0,0,0,0,"- ","- ",,,NAPA,"AMERICAN CANYON",-122.25492858886719,38.181095123291016
84700700,2025,2025-05-27,2800,2025-05-17,1314,511,,6,5,2,2805,0,0,0,,0,,"AMERICAN CANYON RD","FLOSDEN RD",0.00,,Y,A,-,N,,,,,,,,,,Y,2,0,7,3,A,-,12,21453,A,N,D,C,A,A,H,-,A,A,0,,,,,Y,,A,01,1,2,4,0,0,0,0,0,0,"- ","- ",38.164470672607422,-122.23999786376953,NAPA,"AMERICAN CANYON",-122.24001312255859,38.164409637451172
8474046,2017,2018-06-27,2803,2017-10-02,0637,31,,1,5,2,2803,0,0,0,,0,,"MAIN ST","SPRING ST",127.00,S,N,A,-,Y,NAP,4,29,-,-,28.540,H,-,N,N,1,1,0,2,A,-,11,21950,B,N,G,B,D,A,H,-,C,D,0,Y,,,,Y,,N,60,0,0,0,1,0,0,0,0,0,"- ","- ",38.503889999999998,-122.46737,NAPA,"SAINT HELENA",-122.46748879,38.503577059999998
8494861,2017,2018-05-19,2802,2017-11-07,1543,320108,11,2,5,5,2802,0,0,0,,0,003,"TRANCAS ST","CLAREMONT WY",0.00,,Y,A,-,N,,,,,,,,,,Y,1,2,0,1,A,-,05,21650,,N,E,I,A,A,H,-,A,A,0,,,,,Y,Y,A,01,0,0,0,0,0,0,0,0,0,"- ","- ",,,NAPA,NAPA,-122.30292991,38.322309990000001
8504413,2017,2018-06-28,2802,2017-12-12,0639,320137,53,2,5,5,2802,0,0,0,,0,02B,"W IMOLA AV","MINAHEN ST",0.00,,Y,A,-,Y,NAP,4,121,-,R,4.700,I,5,N,N,2,0,1,2,A,-,10,21950,A,N,G,B,B,A,H,-,C,D,0,Y,,,,Y,,A,01,1,0,0,0,1,0,0,0,0,"- ","- ",,,NAPA,NAPA,-122.29665521,38.281975039999999
8507856,2017,2018-06-08,2802,2017-11-18,1451,320447,12,6,5,5,2802,0,0,0,,0,003,"BIG RANCH RD","GARFIELD LN",0.00,,Y,A,-,N,,,,,,,,,,Y,2,0,3,2,A,-,09,21801,A,N,D,C,A,A,H,-,A,D,0,,,,,Y,Y,A,01,1,0,2,0,0,0,0,0,0,"- ","- ",,,NAPA,NAPA,-122.29308995,38.334129900000001
8510888,2017,2017-12-27,2802,2017-11-26,1240,320447,15,7,5,5,2802,0,0,0,,0,04B,"ROUND HILL CIR","ROUND HILL CIR 1012",0.00,,-,C,-,N,,,,,,,,,,Y,2,0,1,1,D,-,00,,,N,E,I,A,B,H,-,A,D,0,,,,,Y,Y,-,"- ",1,0,0,0,0,0,0,0,0,"- ","- ",,,NAPA,NAPA,-122.3364526,38.30193259
8515666,2017,2017-12-21,2802,2017-12-02,2327,195,35,6,5,5,2802,0,0,0,,0,01A,"CLAY ST","WARREN ST",20.00,W,N,C,-,N,,,,,,,,,,Y,2,0,1,2,A,-,03,22350,,N,A,A,A,B,H,-,C,A,0,,,,,Y,,A,01,1,0,0,0,0,0,0,0,0,"- ","- ",,,NAPA,NAPA,-122.29422909,38.298367310000003
8557861,2018,2018-08-23,2801,2018-04-22,2305,186,1,7,5,2,2801,0,0,0,,0,,"RT 29","FAIR WY",0.00,,Y,A,-,Y,NAP,4,29,-,-,37.230,I,5,S,N,2,0,1,2,A,-,03,22350,,N,D,G,A,A,H,-,C,D,0,,Y,,,Y,Y,A,01,1,0,0,0,0,0,1,0,0,"- ","- ",,,NAPA,CALISTOGA,-122.57827758789062,38.580188751220703
8595494,2018,2018-04-26,2802,2018-03-17,1800,320137,35,6,5,5,2802,0,0,0,,0,01A,"2ND ST","MONTGOMERY ST",16.50,N,N,A,-,N,,,,,,,,,,Y,2,0,1,1,C,-,18,,,N,H,A,A,A,H,-,A,D,0,,,,,Y,Y,-,"- ",1,0,0,0,0,0,0,0,0,"- ","- ",,,NAPA,NAPA,-122.29634857177734,38.296855926513672
8627579,2018,2018-06-11,2802,2018-04-30,1723,320133,15,1,5,5,2802,0,0,0,,0,04B,"TWIN OAKS DR","ROUND HILL CIR",0.00,,Y,A,-,N,,,,,,,,,,N,2,0,1,2,D,-,00,,,N,D,G,A,A,H,-,A,D,0,,Y,,,Y,,-,"- ",1,0,0,0,0,0,1,0,0,"- ","- ",,,NAPA,NAPA,-122.33834075927734,38.302268981933594