CASE_ID,ACCIDENT_YEAR,PROC_DATE,JURIS,COLLISION_DATE,COLLISION_TIME,OFFICER_ID,REPORTING_DISTRICT,DAY_OF_WEEK,CHP_SHIFT,POPULATION,CNTY_CITY_LOC,SPECIAL_COND,BEAT_TYPE,CHP_BEAT_TYPE,CITY_DIVISION_LAPD,CHP_BEAT_CLASS,BEAT_NUMBER,PRIMARY_RD,SECONDARY_RD,DISTANCE,DIRECTION,INTERSECTION,WEATHER_1,WEATHER_2,STATE_HWY_IND,CALTRANS_COUNTY,CALTRANS_DISTRICT,STATE_ROUTE,ROUTE_SUFFIX,POSTMILE_PREFIX,POSTMILE,LOCATION_TYPE,RAMP_INTERSECTION,SIDE_OF_HWY,TOW_AWAY,COLLISION_SEVERITY,NUMBER_KILLED,NUMBER_INJURED,PARTY_COUNT,PRIMARY_COLL_FACTOR,PCF_CODE_OF_VIOL,PCF_VIOL_CATEGORY,PCF_VIOLATION,PCF_VIOL_SUBSECTION,HIT_AND_RUN,TYPE_OF_COLLISION,MVIW,PED_ACTION,ROAD_SURFACE,ROAD_COND_1,ROAD_COND_2,LIGHTING,CONTROL_DEVICE,CHP_ROAD_TYPE,PEDESTRIAN_ACCIDENT,BICYCLE_ACCIDENT,MOTORCYCLE_ACCIDENT,TRUCK_ACCIDENT,NOT_PRIVATE_PROPERTY,ALCOHOL_INVOLVED,STWD_VEHTYPE_AT_FAULT,CHP_VEHTYPE_AT_FAULT,COUNT_SEVERE_INJ,COUNT_VISIBLE_INJ,COUNT_COMPLAINT_PAIN,COUNT_PED_KILLED,COUNT_PED_INJURED,COUNT_BICYCLIST_KILLED,COUNT_BICYCLIST_INJURED,COUNT_MC_KILLED,COUNT_MC_INJURED,PRIMARY_RAMP,SECONDARY_RAMP,LATITUDE,LONGITUDE,COUNTY,CITY,POINT_X,POINT_Y
8632961,2018,2018-06-18,2801,2018-05-24,1206,115,20,4,5,2,2801,0,0,0,,0,,"ROSEDALE RD","SILVERADO TRL",40.00,N,N,A,-,N,,,,,,,,,,N,2,0,1,2,A,-,08,22107,,N,B,B,E,A,H,-,A,A,0,Y,,,,Y,,D,82,1,0,0,0,1,0,0,0,0,"- ","- ",,,NAPA,CALISTOGA,-122.5701904296875,38.585189819335938
8646674,2018,2018-07-05,2801,2018-06-05,1030,178,2,2,5,2,2801,0,0,0,,0,,"BRANNAN ST","SILVERADO TRL",803.00,S,N,A,-,N,,,,,,,,,,N,2,0,1,2,A,-,08,22107,,N,G,B,E,A,H,-,A,D,0,Y,,,,Y,,A,08,1,0,0,0,1,0,0,0,0,"- ","- ",,,NAPA,CALISTOGA,-122.57390594482422,38.584598541259766
8649587,2018,2018-08-28,2802,2018-07-14,2142,32L38,52,6,5,5,2802,0,0,0,,0,04B,"GOLDEN GATE DR","W IMOLA AV",0.00,,Y,A,-,N,,,,,,,,,,Y,2,0,2,2,A,-,01,23152,A,N,D,C,A,A,H,-,C,A,0,,,,,Y,Y,A,01,1,0,1,0,0,0,0,0,0,"- ","- ",,,NAPA,NAPA,-122.30259704589844,38.281909942626953
8652243,2018,2018-08-23,2800,2018-05-25,2052,250470,10204,5,5,2,2805,0,0,0,,0,001,BROADWAY,"RIO DEL MAR",0.00,,Y,B,-,Y,NAP,4,29,-,-,1.660,I,5,N,Y,2,0,1,2,A,-,11,21950,B,N,G,B,B,A,H,-,C,A,0,Y,,,,Y,Y,N,60,1,0,0,0,1,0,0,0,0,"- ","- ",,,NAPA,"AMERICAN CANYON",-122.25461578369141,38.179168701171875
8664657,2018,2018-07-31,2802,2018-07-14,1735,186,25,6,5,5,2802,0,0,0,,0,04A,"SOLANO AV","W LINCOLN AV",500.00,N,N,A,-,N,,,,,,,,,,Y,2,0,2,2,A,-,01,23152,A,N,A,C,A,A,H,-,A,D,0,,,,,Y,Y,A,01,1,1,0,0,0,0,0,0,0,"- ","- ",,,NAPA,NAPA,-122.30532073974609,38.307502746582031
8666831,2018,2018-08-10,2802,2018-05-19,0034,320094,74,6,5,5,2802,0,0,0,,0,04B,"RT 12","RT 29",0.00,,Y,A,-,Y,NAP,4,29,-,R,8.657,I,5,N,Y,2,0,1,1,A,-,01,23152,B,N,E,I,A,A,H,-,C,A,0,,,,,Y,Y,D,22,1,0,0,0,0,0,0,0,0,"- ","- ",,,NAPA,NAPA,-122.30262756347656,38.257541656494141
8680187,2018,2018-08-28,2800,2018-07-20,1854,250448,10202,5,5,2,2805,0,0,0,,0,001,"LOS ALTOS DR","RIO DEL MAR",0.00,,Y,A,-,N,,,,,,,,,,Y,2,0,1,1,A,-,03,22350,,N,H,A,A,A,H,-,A,D,0,,,Y,,Y,,C,02,1,0,0,0,0,0,0,0,1,"- ","- ",,,NAPA,"AMERICAN CANYON",-122.25837707519531,38.177749633789062
8688179,2018,2018-09-11,2802,2018-08-19,1712,32L38,34,7,5,5,2802,0,0,0,,0,04B,"DEWITT AV","DEWITT AV 117",0.00,,N,A,-,N,,,,,,,,,,Y,2,0,2,3,A,-,01,23152,A,N,C,E,E,A,H,-,A,A,0,Y,,,,Y,Y,A,01,1,0,1,0,1,0,0,0,0,"- ","- ",,,NAPA,NAPA,-122.31255299999999,38.297804999999997
8708008,2018,2018-10-30,2802,2018-09-26,1915,320108,0,3,5,5,2802,0,0,0,,0,,"SILVERADO TRL","LINCOLN AV",75.00,N,N,A,-,Y,NAP,4,121,-,-,8.260,H,-,N,N,2,0,1,2,A,-,11,21950,B,N,G,B,D,A,H,-,D,A,0,Y,,,,Y,Y,N,60,1,0,0,0,1,0,0,0,0,"- ","- ",,,NAPA,NAPA,-122.27640533447266,38.310813903808594
8712544,2018,2018-11-09,2802,2018-10-03,0533,320456,412,3,5,5,2802,0,0,0,,0,02B,"SOSCOL AV","SHETLER AV",135.00,N,N,B,C,N,,,,,,,,,,N,2,0,1,2,A,-,11,21955,,N,G,B,D,B,H,-,C,D,0,Y,,,,Y,Y,N,60,1,0,0,0,1,0,0,0,0,"- ","- ",,,NAPA,NAPA,-122.27449035644531,38.282779693603516
8726378,2018,2018-11-06,2801,2018-10-17,1836,115,5,3,5,2,2801,0,0,0,,0,,"CENTENNIAL CIR","FAIRWAY VISTA",0.00,,Y,A,-,N,,,,,,,,,,N,2,0,1,1,C,-,18,,,N,H,-,A,A,H,-,B,D,0,,Y,,,Y,,-,"- ",1,0,0,0,0,0,1,0,0,"- ","- ",,,NAPA,CALISTOGA,-122.59124755859375,38.586090087890625
8733040,2018,2019-01-10,2800,2018-10-24,0802,250226,10204,3,5,2,2805,0,0,0,,0,001,BROADWAY,"NAPA JUNCTION RD",0.00,,Y,A,-,Y,NAP,4,29,-,-,1.530,H,-,S,Y,2,0,2,2,-,-,"- ",,,N,C,C,A,A,H,-,A,A,0,,,,,Y,,-,"- ",1,0,1,0,0,0,0,0,0,"- ","- ",,,NAPA,"AMERICAN CANYON",-122.25454711914062,38.177314758300781
8768137,2018,2019-01-15,2801,2018-12-09,0830,94,1,7,5,2,2801,0,0,0,,0,,"RT 29",WAPOO,38.00,S,N,A,-,Y,NAP,4,29,-,-,37.390,H,-,S,N,2,0,1,2,A,-,17,22517,,N,H,G,A,A,H,-,A,D,0,,Y,,,Y,,A,01,1,0,0,0,0,0,1,0,0,"- ","- ",,,NAPA,CALISTOGA,-122.57674407958984,38.581863403320312
8794246,2019,2019-03-08,2801,2019-01-05,1830,186,4,6,5,2,2801,0,0,0,,0,,"PETRIFIED FOREST RD","RT 128",0.00,,Y,C,-,Y,NAP,4,128,-,-,3.620,I,5,E,Y,2,0,1,2,A,-,12,22450,A,N,D,C,A,B,H,-,C,A,0,,,,,Y,Y,A,01,1,0,0,0,0,0,0,0,0,"- ","- ",,,NAPA,CALISTOGA,-122.59622192382812,38.581253051757812
8799108,2019,2019-03-08,2802,2019-01-27,2105,320477,52,7,5,5,2802,0,0,0,,0,04B,"GOLDEN GATE DR","954 GOLDEN GATE DR",120.00,S,N,A,-,N,,,,,,,,,,Y,2,0,1,1,A,-,01,23152,A,N,E,I,A,A,H,-,C,D,0,,,,,Y,Y,A,01,1,0,0,0,0,0,0,0,0,"- ","- ",,,NAPA,NAPA,,
8804199,2019,2019-03-04,2802,2019-02-20,1256,320499,27,3,5,5,2802,0,0,0,,0,01A,"YAJOME ST","YAJOME ST 2380",0.00,,N,B,-,N,,,,,,,,,,N,2,0,1,2,A,-,17,22517,,N,H,G,A,A,H,-,A,D,0,,Y,,,Y,,A,01,1,0,0,0,0,0,1,0,0,"- ","- ",,,NAPA,NAPA,-122.291916,38.312210999999998
8808459,2019,2021-05-25,2802,2019-01-30,1827,320137,58,3,5,5,2802,0,0,0,,0,04A,"RT 29","TROWER AV",0.00,,Y,A,-,Y,NAP,4,29,-,-,13.860,I,5,N,Y,1,1,0,2,A,-,11,21453,D,N,G,B,D,A,H,-,C,A,0,Y,,,,Y,Y,N,60,0,0,0,1,0,0,0,0,0,"- ","- ",,,NAPA,NAPA,-122.31696319580078,38.330589294433594
8840143,2019,2019-08-26,2802,2019-04-14,0017,320498,58,7,5,5,2802,0,0,0,,0,04A,"W IMOLA AV","RT 29",0.00,,Y,A,-,Y,NAP,4,121,-,R,4.497,I,5,N,Y,2,0,2,2,A,-,03,22350,,F,D,C,A,A,H,-,C,A,0,,,,,Y,Y,D,22,1,0,1,0,0,0,0,0,0,"- ","- ",,,NAPA,NAPA,-122.30282592773438,38.257595062255859
8883902,2019,2019-12-17,2801,2019-06-17,1825,186,4,1,5,2,2801,0,0,0,,0,,"RT 128","PETRIFIED FOREST RD",0.00,,Y,A,-,Y,NAP,4,128,-,-,3.620,I,5,E,Y,2,0,3,2,A,-,12,22450,A,N,D,C,A,A,H,-,A,A,0,,,,Y,Y,,F,26,2,1,0,0,0,0,0,0,0,"- ","- ",,,NAPA,CALISTOGA,-122.59622192382812,38.581253051757812
8909126,2019,2020-02-13,2803,2019-07-23,1412,33,,2,5,2,2803,0,0,0,,0,,"MAIN ST","MAIN ST 2555",0.00,,-,A,-,Y,NAP,4,29,-,-,29.730,H,-,S,Y,2,0,2,3,A,-,04,21703,,N,C,C,A,A,H,-,A,D,0,,,,,Y,,D,22,1,0,1,0,0,0,0,0,0,"- ","- ",38.514751434326172,-122.48375701904297,NAPA,"SAINT HELENA",-122.48352813720703,38.514644622802734
8911284,2020,2020-07-07,2802,2020-01-06,0826,320488,904,1,5,5,2802,0,0,0,,0,,"BROWNS VALLEY RD","THOMPSON AV",629.00,E,N,A,-,N,,,,,,,,,,Y,1,1,0,1,C,-,18,,,N,A,I,A,A,H,-,A,D,0,,,,,Y,,-,"- ",0,0,0,0,0,0,0,0,0,"- ","- ",,,NAPA,NAPA,-122.32099151611328,38.303623199462891
8911916,2020,2020-12-23,2802,2020-08-06,1457,320137,16,4,5,5,2802,0,0,0,,0,04B,"BUHMAN AV","BROWNS VALLEY RD",212.00,S,N,A,-,N,,,,,,,,,,Y,1,1,0,2,A,-,11,21954,A,N,G,B,E,A,H,-,A,D,0,Y,,,,Y,,N,60,0,0,0,1,0,0,0,0,0,"- ","- ",,,NAPA,NAPA,-122.33920288085938,38.304874420166016
8911998,2020,2022-07-05,2800,2020-05-03,2122,250490,20208,7,5,2,2805,0,0,0,,0,002,"FLOSDEN RD","DANIEL DR",0.00,,Y,A,-,N,,,,,,,,,,Y,1,1,1,2,A,-,03,22350,,N,D,C,A,A,H,-,C,D,0,,,Y,,Y,,C,02,0,0,1,0,0,0,0,1,0,"- ","- ",,,NAPA,"AMERICAN CANYON",-122.23908233642578,38.159008026123047
8920729,2019,2019-08-23,2802,2019-07-10,1457,320133,23,3,5,5,2802,0,0,0,,0,003,SOSCOL,"PEAR TREE LN",0.00,,Y,A,-,N,,,,,,,,,,Y,2,0,1,2,A,-,10,21950,A,N,G,B,B,A,H,-,A,A,0,Y,,,,Y,,A,08,1,0,0,0,1,0,0,0,0,"- ","- ",,,NAPA,NAPA,-122.287353515625,38.322940826416016
8938906,2018,2019-09-30,2802,2018-08-20,0222,320133,29,1,5,5,2802,0,0,0,,0,003,"SILVERADO TRL","STONECREST DR",0.00,,N,A,-,Y,NAP,4,121,-,-,8.810,H,-,N,,2,0,3,1,A,-,01,23153,F,N,E,I,A,A,H,-,D,D,0,,,,,Y,,A,07,3,0,0,0,0,0,0,0,0,"- ","- ",,,NAPA,NAPA,-122.2740478515625,38.317352294921875
8949845,2019,2019-10-09,2802,2019-09-05,0648,320102,8,4,5,5,2802,0,0,0,,0,04A,"TROWER AV","PINOT DR",0.00,,Y,A,-,N,,,,,,,,,,N,2,0,1,2,A,-,11,21954,A,N,G,B,D,A,H,-,A,D,0,Y,,,,Y,,N,60,1,0,0,0,1,0,0,0,0,"- ","- ",,,NAPA,NAPA,-122.32803344726562,38.32489013671875
8959612,2019,2019-11-04,2802,2019-10-17,1830,320497,46,4,5,5,2802,0,0,0,,0,04B,"S FREEWAY DR","W IMOLA AV",450.00,N,N,A,-,N,,,,,,,,,,Y,2,0,2,2,A,-,01,23152,B,N,E,I,A,A,H,-,B,D,0,,,,,Y,Y,A,01,1,1,0,0,0,0,0,0,0,"- ","- ",,,NAPA,NAPA,-122.30194854736328,38.282924652099609
8964236,2019,2020-09-16,2802,2019-09-14,1947,320455,33,6,5,5,2802,0,0,0,,0,02A,"SILVERADO TRL","HIGHLAND DR",0.00,,Y,A,-,Y,NAP,4,121,-,-,7.960,I,5,S,Y,2,0,1,3,A,-,01,23152,A,N,C,C,A,A,-,-,C,D,0,,,Y,,Y,Y,A,01,1,0,0,0,0,0,0,0,1,"- ","- ",,,NAPA,NAPA,-122.27761840820312,38.306911468505859
90009120,2015,2015-10-19,9325,2015-07-27,1520,013727,,1,2,9,2800,0,1,3,,1,044,SR-29,"NAPA/LAKE CO. LINE",5280.00,S,N,A,-,Y,,,29,,,,,,,Y,2,0,1,1,A,-,08,22107,,N,E,J,A,A,H,-,A,D,0,,,Y,,Y,,C,02,1,0,0,0,0,0,0,0,1,"- ","- ",38.643360000000001,-122.5924,NAPA,UNINCORPORATED,-122.59240010000001,38.643361429999999
90010841,2015,2015-10-19,9325,2015-08-02,0600,015447,,7,1,9,2800,0,1,3,,1,080,"SR-128 W/B","WRAGG CANYON RD",12144.00,E,N,A,-,Y,,,128,,,,,,W,Y,2,0,4,1,A,-,08,22107,,N,E,I,A,A,H,-,A,D,0,,,,,Y,,D,22,1,0,3,0,0,0,0,0,0,"- ","- ",38.471029999999999,-122.14152,NAPA,UNINCORPORATED,-122.14159427,38.471028009999998
90013747,2015,2015-10-19,9325,2015-08-31,1235,013434,,1,1,9,2800,0,1,3,,1,022,SR-29,"HOFFMAN LANE",0.00,,Y,A,-,Y,,,29,,,,,,,Y,2,0,3,2,A,-,09,21801,A,N,A,C,A,A,H,-,A,D,0,,,,,Y,,A,01,1,1,1,0,0,0,0,0,0,"- ","- ",38.385539999999999,-122.34935,NAPA,UNINCORPORATED,-122.34933653,38.385548610000001
90017489,2015,2015-10-19,9325,2015-07-21,1440,013727,,2,2,9,2800,0,1,3,,1,041,SR-29,"DIAMOND MTN. RD.",1056.00,N,N,A,-,Y,,,29,,,,,,,Y,1,1,0,1,A,-,08,22107,,N,E,J,A,A,H,-,A,D,0,,,,,Y,,A,01,0,0,0,0,0,0,0,0,0,"- ","- ",38.568680000000001,-122.56609,NAPA,UNINCORPORATED,-122.56614189,38.568648340000003
90020354,2015,2015-10-19,9325,2015-09-21,1122,014728,,1,1,9,2800,0,1,3,,1,011,"SR-29 N/B","SOSCOL CREEK RD.",0.00,,Y,A,-,Y,,,29,,,,,,N,Y,2,0,2,2,A,-,01,23153,A,N,D,C,A,A,H,-,A,D,0,,,,,Y,Y,A,01,1,1,0,0,0,0,0,0,0,"- ","- ",38.237029999999997,-122.26381000000001,NAPA,UNINCORPORATED,-122.26372216,38.237132959999997
90033586,2015,2015-10-29,9325,2015-09-25,1653,019797,,5,2,9,2800,0,3,5,,2,002,"SOLANO AVE","CALIFORNIA DR",2112.00,S,N,A,-,Y,,,,,,,,,,Y,2,0,1,2,A,-,01,23152,A,N,C,C,A,A,H,-,A,A,0,,,,,Y,Y,A,01,1,0,0,0,0,0,0,0,0,"- ","- ",38.392530000000001,-122.35495,NAPA,UNINCORPORATED,-122.35505554,38.392951770000003
9003647,2019,2020-01-16,2802,2019-12-19,1351,320388,38,4,5,5,2802,0,0,0,,0,01C,"2ND ST","FRANKLIN ST",0.00,,Y,A,-,N,,,,,,,,,,Y,2,0,2,2,A,-,09,21802,A,N,D,C,A,A,H,-,A,D,0,,,,,Y,,A,01,1,0,1,0,0,0,0,0,0,"- ","- ",,,NAPA,NAPA,-122.28810119628906,38.296928405761719
90046704,2015,2015-11-09,9325,2015-10-25,1425,019797,,7,2,9,2800,0,1,3,,1,081,SR-121,SR-128,4224.00,S,N,A,-,Y,,,121,,,,,,,Y,2,0,2,2,A,-,03,22350,,N,C,C,A,A,H,-,A,D,0,,,Y,,Y,,C,02,2,0,0,0,0,0,0,0,2,"- ","- ",38.439320000000002,-122.2054,NAPA,UNINCORPORATED,-122.20530026,38.439313009999999
90048646,2015,2015-11-11,9325,2015-11-02,2256,020257,,1,3,9,2800,0,2,4,,2,032,"SILVERADO TRAIL","SKELLENGER LANE",2218.00,N,N,B,-,N,,,,,,,,,,Y,2,0,1,1,A,-,01,23152,A,N,E,I,A,B,H,-,D,D,0,,,,,Y,Y,A,01,1,0,0,0,0,0,0,0,0,"- ","- ",38.284190000000002,-122.2329,NAPA,UNINCORPORATED,-122.38106094,38.469161679999999
90049428,2015,2015-11-12,9325,2015-10-13,1415,012689,,2,2,9,2800,0,1,3,,1,080,"SR-128 WESTBOUND EAST OF SR-121",SR-121,3696.00,E,N,A,-,Y,,,128,,,,R,,W,Y,1,1,0,1,A,-,08,22107,,N,E,I,A,A,H,-,A,D,0,,,,Y,Y,,F,26,0,0,0,0,0,0,0,0,0,"- ","- ",38.43918,-122.18592,NAPA,UNINCORPORATED,-122.18592,38.43918
90067109,2015,2015-12-07,9325,2015-11-25,1055,015176,,3,1,9,2800,0,3,5,,2,001,"IMOLA AVE.","TEJAS AVE",121.00,E,N,A,-,N,,,,,,,,,,N,2,0,1,2,A,-,11,21954,A,N,G,B,E,A,H,-,A,D,0,Y,,,,Y,,N,60,1,0,0,0,1,0,0,0,0,"- ","- ",38.279899999999998,-122.26031,NAPA,UNINCORPORATED,-122.26035931,38.279877620000001
90067907,2015,2015-12-08,9325,2015-12-06,1435,019797,,7,2,9,2800,0,1,3,,1,041,SR-29,"EHLERS LANE",1056.00,N,N,C,-,Y,,,29,,,,,,,Y,2,0,1,1,A,-,08,22107,,N,E,I,A,B,H,-,A,D,0,,,,,Y,,A,01,1,0,0,0,0,0,0,0,0,"- ","- ",38.530900000000003,-122.50369000000001,NAPA,UNINCORPORATED,-122.50382259,38.53081718
90074534,2015,2015-12-15,9325,2015-11-06,1659,019847,,5,2,9,2800,0,1,3,,1,031,SR-29,"OAKVILLE GRADE RD",1584.00,S,N,A,-,Y,,,29,,,,,,,Y,1,1,1,2,A,-,01,23152,A,N,A,C,A,A,H,-,A,D,0,,,,,Y,Y,A,01,1,0,0,0,0,0,0,0,0,"- ","- ",38.430669999999999,-122.39712,NAPA,UNINCORPORATED,-122.39718516000001,38.430610510000001
90076372,2015,2015-12-17,9325,2015-11-15,1525,019847,,7,2,9,2800,0,1,3,,1,080,"CHILES POPE VALLEY ROAD","POPE VALLEY CROSS ROAD",23.00,N,N,A,-,N,,,,,,,,,,Y,1,1,2,2,A,-,03,22350,,N,D,C,A,A,H,-,A,D,0,,,,,Y,,A,01,1,0,1,0,0,0,0,0,0,"- ","- ",38.365409999999997,-122.24558,NAPA,UNINCORPORATED,-122.41543298000001,38.614913420000001
90091427,2015,2016-01-08,9325,2015-12-13,1927,019847,,7,2,9,2800,0,1,3,,1,022,"SR-29 S/B","OAK KNOLL AVE",286.00,S,N,A,-,Y,,,,,,,,,,Y,2,0,1,2,A,-,03,22350,,F,C,C,A,A,H,-,D,D,0,,,,,Y,,A,01,1,0,0,0,0,0,0,0,0,"- ","- ",38.210940000000001,-122.19526,NAPA,UNINCORPORATED,-122.33113422,38.352312259999998
90109928,2016,2016-02-05,9325,2016-01-30,1410,019659,,6,2,9,2800,0,1,3,,1,044,SR-29,"OLD LAWLEY TOLL RD (UPPER)",3168.00,S,N,A,-,Y,,,29,,,,,,,Y,2,0,2,3,A,-,08,22107,,N,B,C,A,A,H,-,A,D,0,,,,,Y,,D,22,1,0,1,0,0,0,0,0,0,"- ","- ",38.636279999999999,-122.60165000000001,NAPA,UNINCORPORATED,-122.60162234000001,38.636279790000003
90119659,2016,2016-02-22,9325,2016-02-14,1648,019847,,7,2,9,2800,0,1,3,,1,031,"SR-29 S/B","MANLEY LANE",43.00,S,N,A,-,Y,,,,,,,,,,Y,2,0,2,2,A,-,03,22350,,N,C,C,A,A,H,-,A,D,0,,,Y,,Y,,C,02,1,1,0,0,0,0,0,0,2,"- ","- ",38.270740000000004,-122.24596,NAPA,UNINCORPORATED,,
9012074,2019,2020-06-24,2801,2019-12-20,1200,181,1,5,5,2,2801,0,0,0,,0,,"RT 29","WASHINGTON ST",0.00,,Y,A,-,Y,NAP,4,29,-,-,37.140,I,6,S,N,2,0,1,2,A,-,10,21950,,N,G,B,B,A,H,-,A,A,0,Y,,,,Y,,A,01,1,0,0,0,1,0,0,0,0,"- ","- ",,,NAPA,CALISTOGA,-122.57889556884766,38.578876495361328
90146664,2016,2016-03-29,9325,2016-03-14,0820,015674,,1,1,9,2800,0,2,4,,1,042,"SILVERADO TRAIL","BALE LN",2640.00,N,N,A,-,N,,,,,,,,,,Y,2,0,2,3,A,-,05,21460,A,N,A,C,A,A,H,-,A,D,0,,,,,Y,,A,01,2,0,0,0,0,0,0,0,0,"- ","- ",38.562280000000001,-122.51012,NAPA,UNINCORPORATED,-122.51070596,38.562493979999999
90146670,2016,2016-03-29,9325,2016-02-21,1510,019681,,7,2,9,2800,0,1,3,,1,081,SR-121,"WATERS RD",1056.00,S,N,A,-,Y,,,121,,,,,,,N,2,0,1,2,A,-,03,22350,,N,A,C,A,A,H,-,A,D,0,,,Y,,Y,,C,02,1,0,0,0,0,0,0,0,1,"- ","- ",38.402070000000002,-122.20536,NAPA,UNINCORPORATED,-122.20531217999999,38.402025960000003
90161051,2016,2016-04-19,9325,2016-04-14,1315,019123,,4,1,9,2800,0,1,3,,1,044,SR-29,"TUBBS LANE",36960.00,N,N,B,C,Y,,,29,,,,,,,Y,2,0,3,2,A,-,03,22350,,N,D,C,A,B,H,-,A,D,0,,,,,Y,,A,07,1,1,1,0,0,0,0,0,0,"- ","- ",38.665900000000001,-122.5932,NAPA,UNINCORPORATED,-122.59319463999999,38.666158150000001
90161149,2016,2016-04-19,9325,2016-04-16,1042,018599,,6,1,9,2800,0,1,3,,1,080,SR-128,"LOWER CHILES VALLEY RD",8976.00,W,N,A,-,Y,,,128,,,,,,,Y,2,0,1,1,A,-,08,22107,,N,F,A,A,A,H,-,A,D,0,,,Y,,Y,,C,02,1,0,0,0,0,0,0,0,1,"- ","- ",38.48948,-122.29671999999999,NAPA,UNINCORPORATED,-122.29673449000001,38.489496510000002
90173676,2016,2016-05-05,9325,2016-05-03,0730,014728,,2,1,9,2800,0,2,4,,1,023,"SILVERADO TRAIL","OAK KNOLL AVE.",3168.00,N,N,B,-,N,,,,,,,,,,N,2,0,1,1,A,-,03,22350,,N,H,G,A,A,H,-,A,D,0,,Y,,,Y,,L,04,1,0,0,0,0,0,1,0,0,"- ","- ",38.379539999999999,-122.30942,NAPA,UNINCORPORATED,-122.3072595,38.377084060000001
90174060,2016,2016-05-06,9325,2016-04-28,1505,015674,,4,2,9,2800,0,1,3,,1,080,SR-128,"YOLO NAPA CO LINE",4224.00,W,N,A,-,Y,,,128,,,,,,,Y,2,0,1,1,A,-,03,22350,,N,E,I,A,A,H,-,A,D,0,,,Y,,Y,,C,02,1,0,0,0,0,0,0,0,1,"- ","- ",38.506590000000003,-122.11181999999999,NAPA,UNINCORPORATED,-122.11180851,38.506628910000003
90183544,2016,2016-05-20,9325,2016-05-08,0400,020261,,7,3,9,2800,0,1,3,,2,071,SR-121,"HAIRE LN",60.00,S,N,A,-,Y,,,,,,,,,,Y,2,0,2,1,A,-,01,23152,A,N,E,I,A,A,H,-,D,D,0,,,,,Y,Y,A,01,1,1,0,0,0,0,0,0,0,"- ","- ",38.155000000000001,-122.22391,NAPA,UNINCORPORATED,,
90195636,2016,2016-09-01,9325,2016-05-29,1605,017746,,7,2,9,2800,0,1,3,,1,044,SR-29,"OLD LAWLEY TOLL RD",13200.00,N,N,A,-,Y,,,29,,,,,,,Y,1,1,0,1,A,-,08,22107,,N,E,I,A,A,H,-,A,D,0,,,,,Y,,A,01,0,0,0,0,0,0,0,0,0,"- ","- ",38.655050000000003,-122.59892000000001,NAPA,UNINCORPORATED,-122.5988474,38.654932979999998
90200696,2016,2016-06-14,9325,2016-06-03,2007,020261,,5,2,9,2800,0,3,5,,2,002,"HAGEN RD","OLD COACH ROAD",528.00,E,N,A,-,N,,,,,,,,,,N,2,0,1,1,A,-,01,23152,A,N,F,A,A,A,H,-,A,D,0,,,Y,,Y,Y,C,02,1,0,0,0,0,0,0,0,1,"- ","- ",38.192599999999999,-122.15497999999999,NAPA,UNINCORPORATED,-122.26401472000001,38.323749110000001
90208479,2016,2016-06-23,9325,2016-06-14,1140,016260,,2,1,9,2800,0,1,3,,1,044,SR-29,"TUBBS LN",23760.00,N,N,A,-,Y,,,,,,,,,,Y,2,0,1,1,A,-,03,22350,,N,E,I,A,A,H,-,A,D,0,,,,,Y,,A,01,1,0,0,0,0,0,0,0,0,"- ","- ",,,NAPA,UNINCORPORATED,-122.59306424,38.64399212
90221158,2016,2016-07-12,9325,2016-07-02,1500,017746,,6,2,9,2800,0,3,5,,1,008,"SNELL VALLEY ROAD","SPANISH VALLEY TRAIL",1600.00,W,N,A,-,N,,,,,,,,,,Y,2,0,1,1,A,-,08,22107,,N,F,A,A,A,H,-,A,D,0,,,Y,,Y,,C,02,1,0,0,0,0,0,0,0,1,"- ","- ",38.701050000000002,-122.40954000000001,NAPA,UNINCORPORATED,-122.40850435999999,38.700706820000001
90222709,2016,2016-07-14,9325,2016-07-12,0200,019590,,2,3,9,2800,0,3,5,,2,001,"FOSTER RD","HILTON AVE",2112.00,S,N,A,-,N,,,,,,,,,,Y,2,0,1,1,A,-,01,23152,A,N,E,I,A,A,H,-,D,D,0,,,,,Y,Y,A,01,1,0,0,0,0,0,0,0,0,"- ","- ",38.265259999999998,-122.30587,NAPA,UNINCORPORATED,-122.30575279,38.264841859999997
90229618,2016,2016-07-25,9325,2016-05-13,1155,019024,,5,1,9,2800,0,1,3,,1,080,SR-128,"WRAGG CANYON ROAD",4224.00,E,N,A,-,Y,,,128,,,,,,,Y,1,1,0,1,A,-,08,22107,,N,E,I,A,A,H,-,A,D,0,,,Y,,Y,,C,02,0,0,0,0,0,0,0,1,0,"- ","- ",38.462200000000003,-122.15315,NAPA,UNINCORPORATED,-122.15304361,38.46219413
90229623,2016,2016-09-27,9325,2016-05-25,2250,018400,,3,3,5,2802,0,1,3,,1,022,"SR-29 N/B","OLD SONOMA RD O/C",1742.00,N,N,A,-,Y,,,,,,,,,,Y,1,1,0,1,A,-,08,22107,,N,E,I,A,A,H,-,D,D,0,,,,,Y,,D,23,0,0,0,0,0,0,0,0,0,"- ","- ",38.172199999999997,-122.18519999999999,NAPA,NAPA,-122.30206948999999,38.292321569999999