CASE_ID,ACCIDENT_YEAR,PROC_DATE,JURIS,COLLISION_DATE,COLLISION_TIME,OFFICER_ID,REPORTING_DISTRICT,DAY_OF_WEEK,CHP_SHIFT,POPULATION,CNTY_CITY_LOC,SPECIAL_COND,BEAT_TYPE,CHP_BEAT_TYPE,CITY_DIVISION_LAPD,CHP_BEAT_CLASS,BEAT_NUMBER,PRIMARY_RD,SECONDARY_RD,DISTANCE,DIRECTION,INTERSECTION,WEATHER_1,WEATHER_2,STATE_HWY_IND,CALTRANS_COUNTY,CALTRANS_DISTRICT,STATE_ROUTE,ROUTE_SUFFIX,POSTMILE_PREFIX,POSTMILE,LOCATION_TYPE,RAMP_INTERSECTION,SIDE_OF_HWY,TOW_AWAY,COLLISION_SEVERITY,NUMBER_KILLED,NUMBER_INJURED,PARTY_COUNT,PRIMARY_COLL_FACTOR,PCF_CODE_OF_VIOL,PCF_VIOL_CATEGORY,PCF_VIOLATION,PCF_VIOL_SUBSECTION,HIT_AND_RUN,TYPE_OF_COLLISION,MVIW,PED_ACTION,ROAD_SURFACE,ROAD_COND_1,ROAD_COND_2,LIGHTING,CONTROL_DEVICE,CHP_ROAD_TYPE,PEDESTRIAN_ACCIDENT,BICYCLE_ACCIDENT,MOTORCYCLE_ACCIDENT,TRUCK_ACCIDENT,NOT_PRIVATE_PROPERTY,ALCOHOL_INVOLVED,STWD_VEHTYPE_AT_FAULT,CHP_VEHTYPE_AT_FAULT,COUNT_SEVERE_INJ,COUNT_VISIBLE_INJ,COUNT_COMPLAINT_PAIN,COUNT_PED_KILLED,COUNT_PED_INJURED,COUNT_BICYCLIST_KILLED,COUNT_BICYCLIST_INJURED,COUNT_MC_KILLED,COUNT_MC_INJURED,PRIMARY_RAMP,SECONDARY_RAMP,LATITUDE,LONGITUDE,COUNTY,CITY,POINT_X,POINT_Y
90240538,2016,2016-09-15,9325,2016-08-02,2315,018400,,2,3,9,2800,0,3,5,,2,004,"TUBBS LN",SR-128,0.00,,Y,A,-,Y,,,,,,,,,,Y,1,1,1,1,A,-,01,23152,A,N,E,I,A,A,H,-,D,A,0,,,,,Y,Y,A,01,1,0,0,0,0,0,0,0,0,"- ","- ",38.351900000000001,-122.3625,NAPA,UNINCORPORATED,-122.60708987,38.588749989999997
90252531,2016,2016-08-25,9325,2016-08-18,1235,016663,,4,1,9,2800,0,3,5,,1,008,"POPE CANYON RD","POPE CREEK",465.00,E,N,A,-,N,,,,,,,,,,Y,2,0,1,1,A,-,08,22107,,N,E,I,A,A,H,-,A,D,0,,,Y,,Y,,C,02,1,0,0,0,0,0,0,0,1,"- ","- ",38.647620000000003,-122.3625,NAPA,UNINCORPORATED,-122.36286878999999,38.647341179999998
90254765,2016,2016-08-26,9325,2016-08-20,1530,018110,,6,2,9,2800,0,3,5,,1,008,"BUTTS CANYON RD","SNELL VALLEY RD",4752.00,S,N,A,-,N,,,,,,,,,,Y,2,0,1,1,A,-,08,22107,,N,E,I,A,A,H,-,A,D,0,,,Y,,Y,,C,02,1,0,0,0,0,0,0,0,1,"- ","- ",,,NAPA,UNINCORPORATED,-122.44573086,38.683025149999999
90254856,2016,2016-08-26,9325,2016-08-25,1735,017746,,4,2,9,2800,0,3,5,,1,008,"BUTTS CANYON ROAD","SNELL VALLEY ROAD",430.00,S,N,A,-,N,,,,,,,,,,Y,2,0,1,1,A,-,08,22107,,N,F,I,A,A,H,-,A,D,0,,,Y,,Y,,C,02,1,0,0,0,0,0,0,0,1,"- ","- ",38.694240000000001,-122.44457,NAPA,UNINCORPORATED,-122.44455336,38.69429083
90259532,2016,2016-09-02,9325,2016-08-27,1400,019190,,6,2,9,2800,0,1,3,,1,013,"SR-221 SOUTHBOUND",SR-29,1584.00,N,N,A,-,Y,,,221,,,,,,S,Y,2,0,1,2,A,-,03,22350,,N,C,C,A,A,H,-,A,A,0,,,Y,,Y,,C,02,1,0,0,0,0,0,0,0,1,"- ","- ",38.24436,-122.26924,NAPA,UNINCORPORATED,-122.26916756999999,38.244378419999997
90262712,2016,2016-09-07,9325,2016-08-11,1150,018110,,4,1,9,2800,0,1,3,,1,041,SR-29,"DUNAWEAL LN",528.00,S,N,A,-,Y,,,29,,,,,,,Y,2,0,2,2,A,-,06,21755,,N,B,C,A,A,H,-,A,D,0,,,,,Y,,A,07,1,0,1,0,0,0,0,0,0,"- ","- ",38.564860000000003,-122.55566,NAPA,UNINCORPORATED,-122.55566957000001,38.564786320000003
90266243,2016,2016-09-13,9325,2016-09-05,1534,017746,,1,2,9,2800,0,1,3,,1,080,SR-128,"LOWER CHILES VALLEY RD",5280.00,E,N,A,-,Y,,,128,,,,,,,Y,2,0,2,2,A,-,01,23152,A,F,A,C,A,A,H,-,A,D,0,,,Y,,Y,Y,A,01,1,0,1,0,0,0,0,0,1,"- ","- ",38.502839999999999,-122.28825999999999,NAPA,UNINCORPORATED,-122.28825759,38.5028626
90271158,2016,2016-09-20,9325,2016-07-10,1220,018110,,7,1,9,2800,0,3,5,,1,008,"CHILES POPE VALLEY ROAD","BARNETT ROAD",0.00,,Y,A,-,N,,,,,,,,,,Y,1,1,1,2,A,-,03,22350,,N,D,C,A,A,H,-,A,D,0,,,Y,,Y,,C,02,0,0,1,0,0,0,0,1,0,"- ","- ",38.37135,-122.25161,NAPA,UNINCORPORATED,-122.41702986999999,38.616939930000001
90274358,2016,2016-09-23,9325,2016-07-26,0013,019590,,2,3,9,2800,0,1,3,,1,013,"SR-221 S/B","STREBLOW DR",1056.00,N,N,A,-,Y,,,221,,,,,,S,Y,1,1,0,1,A,-,08,22107,,N,E,I,A,A,H,-,D,D,0,,,,,Y,,A,01,0,0,0,0,0,0,0,0,0,"- ","- ",38.273330000000001,-122.27274,NAPA,UNINCORPORATED,-122.27267009000001,38.273345249999998
90277251,2016,2016-09-28,9325,2016-06-03,1736,017746,,5,2,9,2800,0,1,3,,1,011,SR-29,"AIRPORT BLVD",1509.00,N,N,A,-,Y,,,29,,,,,,,Y,1,1,1,2,A,-,08,22107,,F,H,G,A,A,H,-,A,D,0,,Y,,,Y,,A,07,0,0,1,0,0,1,0,0,0,"- ","- ",38.228740000000002,-122.25861,NAPA,UNINCORPORATED,-122.25848529,38.228748150000001
90289273,2016,2016-10-11,9325,2016-10-08,0335,020563,,6,3,9,2800,0,1,3,,1,011,"SR-29 S/B","NAPA VALLEY CORPORATE DR",265.00,N,N,A,-,Y,,,29,,,,,,S,Y,2,0,1,1,A,-,08,22107,,N,E,I,A,A,H,-,C,D,0,,,,,Y,,D,22,1,0,0,0,0,0,0,0,0,"- ","- ",38.24297,-122.27827000000001,NAPA,UNINCORPORATED,-122.27826764,38.243014989999999
90313351,2016,2016-11-07,9325,2016-10-31,0718,020657,,1,1,9,2800,0,1,3,,1,044,SR-29,"OLD LAWLEY TOLL RD",3696.00,N,N,B,-,Y,,,,,,,,,,Y,2,0,1,2,A,-,05,21460,A,N,A,C,A,B,H,-,D,D,0,,,,,Y,,A,01,1,0,0,0,0,0,0,0,0,"- ","- ",38.654949999999999,-122.5689,NAPA,UNINCORPORATED,-122.60177333999999,38.634835539999997
90314789,2016,2016-11-09,9325,2016-11-03,0418,019847,,4,3,9,2800,0,1,3,,1,044,SR-29,"OLD LAWLEY TOLL RD",16896.00,N,N,A,-,Y,,,29,,,,,,,Y,2,0,2,1,A,-,03,22350,,N,E,I,A,A,H,-,D,D,0,,,,,Y,,A,07,1,1,0,0,0,0,0,0,0,"- ","- ",38.648739999999997,-122.59661,NAPA,UNINCORPORATED,-122.59656271,38.648820860000001
90320572,2016,2016-11-16,9325,2016-11-08,0715,014728,,2,1,9,2800,0,1,3,,1,011,"SR-29 N/B",SR-221,2112.00,S,N,A,-,Y,,,29,,,,,,N,Y,2,0,1,3,A,-,07,21658,A,N,B,C,A,A,H,-,A,D,0,,,Y,Y,Y,,D,22,1,0,0,0,0,0,0,0,1,"- ","- ",38.23556,-122.26179999999999,NAPA,UNINCORPORATED,-122.26184148999999,38.235512319999998
90320689,2016,2016-11-16,9325,2016-11-10,2218,021385,,4,3,9,2800,0,1,3,,1,011,"SR-29 N/B",SR-221,29.00,N,N,A,-,Y,,,29,,,,,,N,N,2,0,1,2,A,-,11,21954,A,N,G,B,D,A,H,-,C,A,0,Y,,,,Y,,N,60,1,0,0,0,1,0,0,0,0,"- ","- ",38.241660000000003,-122.26940999999999,NAPA,UNINCORPORATED,-122.26941024999999,38.241659540000001
90356815,2016,2016-12-29,9325,2016-12-26,1350,021479,,1,1,9,2800,0,1,3,,1,044,"SR-29 N/B","TUBBS LN",23760.00,N,N,A,-,Y,,,29,,,,,,N,Y,2,0,3,2,A,-,05,21460,A,N,A,C,A,A,H,-,A,D,0,,,,,Y,,A,01,1,1,1,0,0,0,0,0,0,"- ","- ",38.644260000000003,-122.59319000000001,NAPA,UNINCORPORATED,-122.59323806,38.644259429999998
90360704,2016,2017-01-04,9325,2016-11-03,1913,018599,,4,2,9,2800,0,3,5,,2,002,"VICHY AVE","LA GRANDE AVE",120.00,S,N,A,-,N,,,,,,,,,,Y,1,1,1,2,A,-,01,23152,A,N,A,C,A,A,H,-,C,D,0,,,,,Y,Y,A,01,0,0,1,0,0,0,0,0,0,"- ","- ",38.331879999999998,-122.25312,NAPA,UNINCORPORATED,-122.25297999999999,38.331404919999997
90369760,2017,2017-01-16,9325,2017-01-06,1505,021439,,5,2,9,2800,0,1,3,,1,011,SR-29,SR-121,2640.00,N,N,A,-,Y,,,29,,,,,,,Y,2,0,1,1,A,-,08,22107,,N,F,I,A,A,H,-,A,D,0,,,Y,,Y,,C,02,1,0,0,0,0,0,0,0,1,"- ","- ",38.264560000000003,-122.29924,NAPA,UNINCORPORATED,-122.29922560999999,38.264558399999999
90376421,2017,2017-01-30,9325,2017-01-14,1600,021385,,6,2,9,2800,0,3,5,,1,008,"BUTTS CANYON RD","SNELL VALLEY RD",5280.00,S,N,A,-,N,,,,,,,,,,N,2,0,1,1,D,-,00,,,N,F,G,A,A,H,-,A,D,0,,Y,,,Y,,-,"- ",1,0,0,0,0,0,1,0,0,"- ","- ",38.690660000000001,-122.44598000000001,NAPA,UNINCORPORATED,-122.44614007,38.681660219999998
9037786,2020,2020-03-16,2802,2020-01-20,1502,320108,0,1,5,5,2802,0,0,0,,0,,"OLD SONOMA RD","S MONTGOMERY ST",50.00,E,N,B,-,N,,,,,,,,,,N,2,0,1,2,A,-,08,22107,,F,D,G,A,A,H,-,A,D,0,,Y,,,Y,,L,04,1,0,0,0,0,0,1,0,0,"- ","- ",,,NAPA,NAPA,-122.29663848876953,38.287769317626953
90388731,2017,2017-02-08,9325,2017-01-28,0600,018110,,6,1,5,2802,0,1,3,,1,022,"SR-29 N/B","FIRST ST OVPS",2640.00,S,N,A,-,Y,,,29,,,,,,N,Y,2,0,1,1,A,-,01,23152,A,N,E,I,A,A,H,-,D,D,0,,,,,Y,Y,A,01,1,0,0,0,0,0,0,0,0,"- ","- ",38.292580000000001,-122.30199,NAPA,NAPA,-122.30206771,38.292579549999999
90399158,2017,2017-02-23,9325,2017-02-10,2126,021456,,5,2,9,2800,0,2,4,,1,034,"HOWELL MOUNTAIN RD","HARDIN LN",3.00,N,N,A,-,N,,,,,,,,,,N,2,0,1,2,A,-,10,21950,A,F,G,B,C,A,H,-,C,D,0,Y,,,,Y,,A,01,1,0,0,0,1,0,0,0,0,"- ","- ",38.57206,-122.44239,NAPA,UNINCORPORATED,-122.44239636,38.572037729999998
90401472,2017,2017-02-28,9325,2017-02-16,1350,019074,,4,1,9,2800,0,1,3,,1,080,SR-128,SR-121,6864.00,E,N,A,-,Y,,,128,,,,,,,Y,2,0,1,1,A,-,01,23152,A,N,E,I,A,A,H,-,A,D,0,,,,,Y,Y,A,07,1,0,0,0,0,0,0,0,0,"- ","- ",38.437750000000001,-122.17502,NAPA,UNINCORPORATED,-122.17501985,38.437688170000001
90410288,2017,2017-03-10,9325,2017-03-04,0330,020657,,6,3,5,2802,0,1,3,,1,011,"SR-29 SOUTHBOUND","IMOLA AVENUE",5361.00,S,N,A,-,Y,,,,,,,,,,Y,2,0,1,1,A,-,01,23152,A,M,E,I,A,B,H,-,D,D,0,,,,,Y,Y,D,22,1,0,0,0,0,0,0,0,0,"- ","- ",38.267139999999998,-122.29895999999999,NAPA,NAPA,-122.29867845,38.267302569999998
90421382,2017,2017-09-21,9325,2017-01-29,0335,020657,,7,3,9,2800,0,2,4,,1,034,"HOWELL MOUNTAIN RD","EDGEMONT LANE",634.00,E,N,A,-,Y,,,,,,,,,,Y,1,1,0,1,A,-,08,22107,,N,E,I,A,A,H,-,D,D,0,,,,,Y,,A,01,0,0,0,0,0,0,0,0,0,"- ","- ",38.558,-122.45050999999999,NAPA,UNINCORPORATED,-122.4501021,38.558092129999999
90428458,2017,2017-04-05,9325,2017-03-27,1035,015674,,1,1,9,2800,0,2,4,,2,032,"SILVERADO TRAIL","POPE ST",1584.00,S,N,A,-,N,,,,,,,,,,N,2,0,1,1,A,-,03,22350,,N,H,J,A,A,H,-,A,D,0,,Y,,,Y,,L,04,1,0,0,0,0,0,1,0,0,"- ","- ",38.51003,-122.45052,NAPA,UNINCORPORATED,-122.45071349,38.510161920000002
90429656,2017,2017-04-07,9325,2017-04-03,1320,019395,,1,1,9,2800,0,2,4,,1,034,"HOWELL MOUNTAIN RD","WHITE COTTAGE RD  S",4224.00,E,N,A,-,N,,,,,,,,,,Y,2,0,2,1,A,-,08,22107,,N,E,I,A,A,H,-,A,D,0,,,,,Y,,A,01,1,1,0,0,0,0,0,0,0,"- ","- ",38.601550000000003,-122.43904000000001,NAPA,UNINCORPORATED,-122.45109832999999,38.543730680000003
90466383,2017,2017-05-29,9325,2017-05-21,0220,021034,,7,3,9,2800,0,3,5,,2,007,"OLD SONOMA ROAD","CONGRESS VALLEY ROAD",2112.00,E,N,A,-,N,,,,,,,,,,Y,2,0,1,1,A,-,01,23152,A,N,F,A,A,A,H,-,C,D,0,,,Y,,Y,Y,C,02,1,0,0,0,0,0,0,0,1,"- ","- ",38.287570000000002,-122.31609,NAPA,UNINCORPORATED,-122.31701765,38.287166560000003
90469761,2017,2017-06-02,9325,2017-04-21,1848,021439,,5,2,9,2800,0,1,3,,1,044,SR-29,"OLD LAWLEY TOLL RD",10560.00,N,N,A,-,Y,,,29,,,,,,,Y,1,1,0,2,A,-,05,21460,A,N,F,C,A,A,H,-,A,A,0,,,Y,,Y,,C,02,0,0,0,0,0,0,0,1,0,"- ","- ",38.648820000000001,-122.5964,NAPA,UNINCORPORATED,-122.59641025000001,38.64875335
90474989,2017,2017-06-12,9325,2017-06-01,1713,019972,,4,2,9,2800,0,2,4,,2,032,"SILVERADO TRAIL",SR-128,590.00,S,N,A,-,N,,,,,,,,,,Y,2,0,2,2,A,-,05,21460,A,N,A,C,A,A,H,-,A,A,0,,,,,Y,,A,01,1,0,1,0,0,0,0,0,0,"- ","- ",38.4861,-122.40224000000001,NAPA,UNINCORPORATED,-122.40415514,38.486842690000003
90475004,2017,2017-06-12,9325,2017-06-02,0145,018108,,5,3,9,2800,0,1,3,,1,031,"SR-29 N/B",SR-128,1675.00,N,N,A,-,Y,,,29,,,,,,N,Y,2,0,1,1,A,-,08,22107,,N,E,I,A,A,H,-,D,D,0,,,,,Y,,A,07,1,0,0,0,0,0,0,0,0,"- ","- ",38.462710000000001,-122.42587,NAPA,UNINCORPORATED,-122.42595386000001,38.462649980000002
90476900,2017,2017-06-13,9325,2017-06-03,1200,021456,,6,1,9,2800,0,3,5,,1,008,"CHILES POPE VALLEY RD","POPE CANYON RD",22704.00,S,N,A,-,N,,,,,,,,,,N,2,0,1,1,A,-,08,22107,,N,F,I,A,A,H,-,A,D,0,,Y,,,Y,,L,04,1,0,0,0,0,0,1,0,0,"- ","- ",38.556420000000003,-122.36883,NAPA,UNINCORPORATED,-122.36879268,38.556495740000003
90478398,2017,2017-06-15,9325,2017-06-09,2148,021385,,5,2,9,2800,0,3,5,,2,001,"IMOLA AVENUE","PARRISH RD",140.00,W,N,A,-,N,,,,,,,,,,Y,2,0,2,1,A,-,08,22107,,F,E,I,A,A,H,-,C,D,0,,,,,Y,,A,01,1,0,1,0,0,0,0,0,0,"- ","- ",38.280160000000002,-122.26600999999999,NAPA,UNINCORPORATED,-122.26600738,38.280107200000003
90493632,2017,2017-07-05,9325,2017-06-24,1845,021605,,6,2,9,2800,0,1,3,,1,081,SR-121,"WOODEN VALLEY RD",200.00,N,N,A,-,Y,,,,,,,,,,Y,2,0,1,2,A,-,03,22350,,N,C,C,A,A,H,-,A,D,0,,,Y,,Y,,C,02,1,0,0,0,0,0,0,0,1,"- ","- ",38.223599999999998,-122.1259,NAPA,UNINCORPORATED,,
90500186,2017,2017-07-13,9325,2017-07-05,1220,018789,,3,1,9,2800,0,1,3,,1,044,SR-29,"OLD LAWLEY TOLL ROAD",13728.00,N,N,A,-,Y,,,29,,,,,,,Y,2,0,1,2,A,-,05,21460,A,N,A,C,A,A,H,-,A,D,0,,,Y,,Y,,C,02,1,0,0,0,0,0,0,0,1,"- ","- ",38.654820000000001,-122.59898,NAPA,UNINCORPORATED,-122.5989786,38.654818880000001
90503253,2017,2017-07-18,9325,2017-07-10,0545,019074,,1,3,9,2800,0,3,5,,1,008,"STEELE CANYON RD","LAKESHORE DR",7392.00,S,N,A,-,N,,,,,,,,,,Y,2,0,1,1,A,-,08,22107,,N,E,I,A,A,H,-,B,D,0,,,,,Y,,A,01,1,0,0,0,0,0,0,0,0,"- ","- ",38.473869999999998,-122.18453,NAPA,UNINCORPORATED,-122.18506515,38.471419500000003
90516340,2017,2017-08-03,9325,2017-07-27,1536,021181,,4,2,9,2800,0,3,5,,2,003,"GIST ROAD","DEER PARK ROAD",60.00,W,N,A,-,N,,,,,,,,,,Y,2,0,3,1,C,-,18,,,N,E,I,A,A,H,-,A,D,0,,,,,Y,,-,"- ",1,1,1,0,0,0,0,0,0,"- ","- ",38.543410000000002,-122.47049,NAPA,UNINCORPORATED,-122.4704734,38.543423240000003
90518795,2017,2017-08-08,9325,2017-07-27,0530,020893,,4,3,5,2802,0,1,3,,1,044,"SR-29 S/B","OLD LAWLEY TOLL RD",15312.00,N,N,A,-,Y,,,,,,,,,,Y,2,0,2,1,A,-,03,22350,,N,E,I,A,A,H,-,A,D,0,,,,,Y,,A,01,1,1,0,0,0,0,0,0,0,"- ","- ",38.658799999999999,-122.59529999999999,NAPA,NAPA,-122.59388127,38.608925360000001
90528752,2017,2017-08-22,9325,2017-08-12,2100,021456,,6,2,9,2800,0,1,3,,1,031,SR-29,"WASHINGTON ST",470.00,N,N,A,-,Y,,,29,,,,,,,Y,2,0,3,2,A,-,03,22350,,N,C,C,A,A,H,-,C,A,0,,,,,Y,Y,A,01,1,0,2,0,0,0,0,0,0,"- ","- ",38.412430000000001,-122.3826,NAPA,UNINCORPORATED,-122.38263558,38.412395070000002
90540782,2017,2017-09-05,9325,2017-06-11,1230,019395,,7,1,9,2800,0,1,3,,2,071,SR-121,"HAIRE LN",180.00,S,N,A,-,Y,,,121,,,,,,,Y,1,1,0,1,C,-,18,,,N,E,I,A,A,H,-,A,D,0,,,,,Y,,-,"- ",0,0,0,0,0,0,0,0,0,"- ","- ",38.251660000000001,-122.37724,NAPA,UNINCORPORATED,-122.37719463000001,38.251576829999998
9054496,2020,2020-05-28,2802,2020-02-14,1636,195,5,5,5,5,2802,0,0,0,,0,04A,"PENROD CT","MAHER ST",289.00,S,N,A,-,N,,,,,,,,,,N,2,0,1,1,A,-,21,22106,,N,E,I,A,A,H,-,A,D,0,,,,,Y,,A,01,1,0,0,0,0,0,0,0,0,"- ","- ",,,NAPA,NAPA,-122.32381439208984,38.333442687988281
90554166,2017,2017-09-22,9325,2017-09-16,1100,021605,,6,1,9,2800,0,1,3,,1,081,SR-121,"WOODEN VALLEY RD",6336.00,N,N,A,-,Y,,,121,,,,,,,N,2,0,1,1,A,-,01,23152,A,N,E,I,A,A,H,-,A,D,0,,,Y,,Y,Y,C,02,1,0,0,0,0,0,0,0,1,"- ","- ",38.392699999999998,-122.2021,NAPA,UNINCORPORATED,-122.20223593999999,38.392730069999999
90571598,2017,2017-10-18,9325,2017-09-10,1159,015447,,7,1,9,2800,0,1,3,,1,021,SR-121,"VICHY AVE",3696.00,N,N,A,-,Y,,,121,,,,,,,Y,1,1,1,2,A,-,05,21460,A,N,A,C,A,A,H,-,A,D,0,,,Y,,Y,,C,02,0,0,1,0,0,0,0,1,0,"- ","- ",38.345199999999998,-122.25055999999999,NAPA,UNINCORPORATED,-122.25056357,38.345181449999998
90586411,2017,2017-11-02,9325,2017-10-25,2109,019395,,3,2,9,2800,0,1,3,,2,071,SR-121,"HAIRE LANE",4488.00,N,N,A,-,Y,,,121,,,,,,,Y,2,0,2,3,A,-,01,23152,A,N,A,C,A,A,H,-,D,D,0,,,,,Y,Y,A,01,1,1,0,0,0,0,0,0,0,"- ","- ",38.25629,-122.36192,NAPA,UNINCORPORATED,-122.36190917,38.256261899999998
90596325,2017,2017-11-16,9325,2017-11-04,0750,019590,,6,1,9,2800,0,1,3,,1,031,SR-29,"ZINFANDEL LN",0.00,,Y,B,-,Y,,,29,,,,,,,Y,2,0,1,2,A,-,09,21802,A,N,D,C,A,B,H,-,B,A,0,,,,,Y,,A,01,1,0,0,0,0,0,0,0,0,"- ","- ",38.482599999999998,-122.44256,NAPA,UNINCORPORATED,-122.44258215000001,38.482573189999997
90597194,2017,2017-11-17,9325,2017-11-07,1505,013434,,2,2,9,2800,0,3,5,,2,007,"CUTTINGS WHARF ROAD","LOS AMIGAS ROAD",653.00,S,N,A,-,N,,,,,,,,,,N,2,0,1,2,A,-,08,22107,,N,C,G,A,A,H,-,A,D,0,,Y,,,Y,,L,04,1,0,0,0,0,0,1,0,0,"- ","- ",38.243009999999998,-122.31482,NAPA,UNINCORPORATED,-122.31348487,38.234083329999997
90607963,2017,2017-12-01,9325,2017-11-19,1250,021334,,7,1,9,2800,0,1,3,,1,021,SR-121,"VICHY AVE",5280.00,N,N,A,-,Y,,,121,,,,,,,Y,2,0,1,1,A,-,08,22107,,N,E,I,A,A,H,-,A,D,0,,,,,Y,,I,11,1,0,0,0,0,0,0,0,0,"- ","- ",38.345509999999997,-122.24534,NAPA,UNINCORPORATED,-122.24533889999999,38.34549664
90608418,2017,2017-12-01,9325,2017-11-23,1525,017746,,4,2,9,2800,0,3,5,,1,008,"WOODEN VALLEY ROAD","SR-121 (MONTICELLO ROAD)",1688.00,S,N,A,-,N,,,,,,,,,,Y,2,0,2,1,A,-,03,22350,,N,E,I,A,A,H,-,A,D,0,,,,,Y,,A,01,1,0,1,0,0,0,0,0,0,"- ","- ",38.373989999999999,-122.19887,NAPA,UNINCORPORATED,-122.19842970000001,38.373516410000001
90608437,2017,2017-12-01,9325,2017-11-25,1015,021324,,6,1,9,2800,0,2,4,,2,032,"SILVERADO TRAIL","YOUNTVILLE CROSS RD",5280.00,N,N,A,-,N,,,,,,,,,,N,2,0,1,1,A,-,08,22107,,N,F,A,A,A,H,-,A,D,0,,Y,,,Y,,L,04,1,0,0,0,0,0,1,0,0,"- ","- ",38.440469999999998,-122.35119,NAPA,UNINCORPORATED,-122.35137494999999,38.439558069999997
90617998,2017,2017-12-15,9325,2017-12-06,0914,015350,,3,1,9,2800,0,3,5,,2,002,"ATLAS PEAK RD","WESTGATE DRIVE",15840.00,N,N,A,-,N,,,,,,,,,,N,2,0,1,2,A,-,08,22107,,N,G,B,E,A,H,-,A,A,0,Y,,,,Y,,M,50,1,0,0,0,1,0,0,0,0,"- ","- ",38.38458,-122.24226,NAPA,UNINCORPORATED,-122.24229581,38.384569640000002
90618013,2017,2017-12-15,9325,2017-12-07,0620,021334,,4,1,9,2800,0,2,4,,2,032,"SILVERADO TRAIL","YOUNTVILLE CROSS RD",1584.00,N,N,A,-,N,,,,,,,,,,Y,2,0,3,3,A,-,05,21460,A,N,A,C,A,A,H,-,D,D,0,,,,,Y,,D,22,1,0,2,0,0,0,0,0,0,"- ","- ",38.430549999999997,-122.34466999999999,NAPA,UNINCORPORATED,-122.34501616999999,38.430757
90619793,2017,2017-12-18,9325,2017-12-08,1425,021005,,5,2,9,2800,0,1,3,,1,081,SR-121,"CIRCLE OAKS DR",1584.00,S,N,A,-,Y,,,121,,,,,,,Y,2,0,1,1,A,-,08,22107,,N,F,A,A,A,H,-,A,D,0,,,Y,,Y,,C,02,1,0,0,0,0,0,0,0,1,"- ","- ",38.404209999999999,-122.20474,NAPA,UNINCORPORATED,-122.20470262000001,38.404203639999999
90639013,2018,2018-01-12,9325,2018-01-02,0550,015350,,2,3,9,2800,0,3,5,,2,002,"OAK KNOLL AVENUE",SR-29,2640.00,E,N,A,-,N,,,,,,,,,,Y,2,0,2,1,A,-,08,22107,,N,E,I,A,A,H,-,D,D,0,,,,,Y,,D,22,2,0,0,0,0,0,0,0,0,"- ","- ",38.355751037597656,-122.32319641113281,NAPA,UNINCORPORATED,-122.32304382324219,38.355865478515625
90649218,2018,2018-01-26,9325,2018-01-16,1055,015350,,2,1,5,2802,0,1,3,,1,022,"SR-29 N/B","FIRST STREET OVERCROSSING",150.00,S,N,B,C,Y,,,29,,,,,,N,Y,2,0,2,2,A,-,03,22350,,N,A,C,A,B,H,-,A,A,0,,,,,Y,,D,22,1,1,0,0,0,0,0,0,0,"- ","- ",38.299369812011719,-122.30238342285156,NAPA,NAPA,-122.30244445800781,38.299350738525391
90651097,2017,2018-01-30,9325,2017-12-19,1158,015674,,2,1,9,2800,0,3,5,,2,004,"PETRIFIED FOREST RD","FRANZ VALLEY SCHOOL RD",4752.00,W,N,B,-,N,,,,,,,,,,Y,1,1,0,2,A,-,05,21460,A,N,A,C,A,A,H,-,A,D,0,,,,Y,Y,,A,01,0,0,0,0,0,0,0,0,0,"- ","- ",38.577509999999997,-122.62038,NAPA,UNINCORPORATED,-122.62063793999999,38.577241440000002
90663311,2018,2019-01-04,9325,2018-01-24,0100,019067,,3,3,9,2800,0,1,3,,1,081,SR-121,"CIRCLE OAKS DR",528.00,S,N,B,E,Y,,,121,,,,,,,Y,1,1,1,1,A,-,03,22350,,N,E,I,A,A,H,-,D,D,0,,,,,Y,,A,01,0,1,0,0,0,0,0,0,0,"- ","- ",38.404609680175781,-122.20478057861328,NAPA,UNINCORPORATED,-122.20477294921875,38.404613494873047
90712781,2018,2018-04-25,9325,2018-04-15,1942,021005,,7,2,9,2800,0,1,3,,1,022,"SR-29 S/B","OAK KNOLL AVE",800.00,S,N,A,-,Y,,,29,,,,,,S,Y,2,0,5,2,A,-,01,23152,G,N,C,C,A,A,H,-,A,D,0,,,,,Y,Y,A,07,1,2,2,0,0,0,0,0,0,"- ","- ",38.351718902587891,-122.33100128173828,NAPA,UNINCORPORATED,-122.33087921142578,38.351783752441406
90719290,2018,2018-05-03,9325,2018-04-26,1210,021334,,4,1,9,2800,0,1,3,,1,011,"SR-29 N/B",SR-221,2112.00,N,N,A,-,Y,,,29,,,,,,N,Y,2,0,1,1,A,-,08,22107,,N,E,I,A,A,H,-,A,D,0,,,,,Y,,A,01,1,0,0,0,0,0,0,0,0,"- ","- ",38.243251800537109,-122.27658081054688,NAPA,UNINCORPORATED,-122.27658081054688,38.243186950683594