CASE_ID,ACCIDENT_YEAR,PROC_DATE,JURIS,COLLISION_DATE,COLLISION_TIME,OFFICER_ID,REPORTING_DISTRICT,DAY_OF_WEEK,CHP_SHIFT,POPULATION,CNTY_CITY_LOC,SPECIAL_COND,BEAT_TYPE,CHP_BEAT_TYPE,CITY_DIVISION_LAPD,CHP_BEAT_CLASS,BEAT_NUMBER,PRIMARY_RD,SECONDARY_RD,DISTANCE,DIRECTION,INTERSECTION,WEATHER_1,WEATHER_2,STATE_HWY_IND,CALTRANS_COUNTY,CALTRANS_DISTRICT,STATE_ROUTE,ROUTE_SUFFIX,POSTMILE_PREFIX,POSTMILE,LOCATION_TYPE,RAMP_INTERSECTION,SIDE_OF_HWY,TOW_AWAY,COLLISION_SEVERITY,NUMBER_KILLED,NUMBER_INJURED,PARTY_COUNT,PRIMARY_COLL_FACTOR,PCF_CODE_OF_VIOL,PCF_VIOL_CATEGORY,PCF_VIOLATION,PCF_VIOL_SUBSECTION,HIT_AND_RUN,TYPE_OF_COLLISION,MVIW,PED_ACTION,ROAD_SURFACE,ROAD_COND_1,ROAD_COND_2,LIGHTING,CONTROL_DEVICE,CHP_ROAD_TYPE,PEDESTRIAN_ACCIDENT,BICYCLE_ACCIDENT,MOTORCYCLE_ACCIDENT,TRUCK_ACCIDENT,NOT_PRIVATE_PROPERTY,ALCOHOL_INVOLVED,STWD_VEHTYPE_AT_FAULT,CHP_VEHTYPE_AT_FAULT,COUNT_SEVERE_INJ,COUNT_VISIBLE_INJ,COUNT_COMPLAINT_PAIN,COUNT_PED_KILLED,COUNT_PED_INJURED,COUNT_BICYCLIST_KILLED,COUNT_BICYCLIST_INJURED,COUNT_MC_KILLED,COUNT_MC_INJURED,PRIMARY_RAMP,SECONDARY_RAMP,LATITUDE,LONGITUDE,COUNTY,CITY,POINT_X,POINT_Y
90728947,2018,2018-05-17,9325,2018-05-12,1215,021334,,6,1,9,2800,0,1,3,,1,080,SR-128,"GREAVES RD",6336.00,E,N,A,-,Y,,,128,,,,,,,N,2,0,1,1,A,-,08,22107,,N,F,A,A,A,H,-,A,D,0,,,Y,,Y,,C,02,1,0,0,0,0,0,0,0,1,"- ","- ",38.505081176757812,-122.11514282226562,NAPA,UNINCORPORATED,-122.11513519287109,38.505077362060547
90730053,2018,2018-05-21,9325,2018-05-19,1030,021334,,6,1,9,2800,0,1,3,,1,043,SR-128,"BENNETT LN",50.00,E,N,A,-,Y,,,128,,,,,,,Y,2,0,1,1,C,-,18,,,N,E,H,A,A,H,-,A,D,0,,,Y,,Y,,-,"- ",1,0,0,0,0,0,0,0,1,"- ","- ",38.598060607910156,-122.61876678466797,NAPA,UNINCORPORATED,-122.6187744140625,38.598045349121094
90735292,2018,2018-05-28,9325,2018-05-24,0630,021334,,4,1,9,2800,0,1,3,,1,044,SR-29,"OLD LAWLEY TOLL RD",14256.00,N,N,A,-,Y,,,29,,,,,,,Y,2,0,1,1,A,-,08,22107,,N,E,I,A,A,H,-,B,D,0,,,,,Y,,A,01,1,0,0,0,0,0,0,0,0,"- ","- ",38.655231475830078,-122.59732055664062,NAPA,UNINCORPORATED,-122.59729766845703,38.655193328857422
90742950,2018,2018-06-07,9325,2018-05-07,0816,021324,,1,1,9,2800,0,3,5,,1,008,"BUTTS CANYON RD","SNELL VALLEY RD",4752.00,S,N,A,-,N,,,,,,,,,,Y,2,0,4,2,A,-,08,22107,,N,F,A,A,A,H,-,A,D,0,,,,,Y,,A,07,2,2,0,0,0,0,0,0,0,"- ","- ",38.683300018310547,-122.44590759277344,NAPA,UNINCORPORATED,-122.44573211669922,38.683025360107422
90765542,2018,2018-07-09,9325,2018-06-27,1630,015447,,3,2,9,2800,0,1,3,,1,080,SR-128,"WRAGG CANYON RD",5280.00,E,N,A,-,Y,,,128,,,,,,,Y,2,0,1,1,A,-,08,22107,,N,E,I,A,A,H,-,A,D,0,,,Y,,Y,Y,C,02,1,0,0,0,0,0,0,0,1,"- ","- ",38.4635009765625,-122.15249633789062,NAPA,UNINCORPORATED,-122.15304565429688,38.463768005371094
90766979,2017,2019-01-04,9325,2017-10-16,0650,015447,,1,1,9,2800,0,3,5,,2,003,"OAKVILLE GRADE RD",SR-29,6864.00,W,N,A,-,N,,,,,,,,,,Y,1,1,0,1,A,-,08,22107,,N,F,A,A,A,H,-,B,D,0,,,,Y,Y,,F,24,0,0,0,0,0,0,0,0,0,"- ","- ",38.4221,-122.4169,NAPA,UNINCORPORATED,-122.41691262000001,38.422047450000001
9077511,2020,2020-10-09,2803,2020-03-09,1520,14,,1,5,2,2803,0,0,0,,0,,"MAIN ST","SULPHUR SPRINGS AV",444.00,S,N,B,-,N,,,,,,,,,,Y,2,0,1,2,A,-,05,21460,A,N,B,C,A,A,H,-,A,D,0,,,,,Y,,D,22,1,0,0,0,0,0,0,0,0,"- ","- ",38.473400115966797,-122.46283721923828,NAPA,"SAINT HELENA",-122.45481109619141,38.492946624755859
90776420,2018,2018-08-28,9325,2018-05-06,1340,021427,,7,1,9,2800,0,1,3,,1,030,SR-128,"LONG RANCH RD",5808.00,W,N,A,-,Y,,,128,,,,,,,Y,1,1,0,2,A,-,03,22350,,N,A,C,A,A,H,-,A,D,0,,,Y,,Y,,C,02,0,0,0,0,0,0,0,1,0,"- ","- ",38.479118347167969,-122.37229156494141,NAPA,UNINCORPORATED,-122.37229156494141,38.479122161865234
90787403,2018,2018-08-09,9325,2018-07-27,0019,021385,,5,3,9,2800,0,1,3,,1,031,SR-29,SR-128,2112.00,N,N,A,-,Y,,,29,,,,,,,Y,2,0,1,1,A,-,08,22107,,N,A,I,A,A,H,-,D,D,0,,,,,Y,,D,22,1,0,0,0,0,0,0,0,0,"- ","- ",38.463459014892578,-122.42649078369141,NAPA,UNINCORPORATED,-122.426513671875,38.463443756103516
90789919,2018,2018-08-14,9325,2018-08-03,1645,021324,,5,2,9,2800,0,1,3,,1,044,SR-29,"TUBBS LN",6336.00,N,N,A,-,Y,,,29,,,,,,,Y,2,0,1,1,A,-,08,22107,,N,E,I,A,A,H,-,A,D,0,,,Y,,Y,,C,02,1,0,0,0,0,0,0,0,1,"- ","- ",38.615741729736328,-122.59645843505859,NAPA,UNINCORPORATED,-122.59647369384766,38.615741729736328
90791832,2018,2018-08-16,9325,2018-08-09,1643,019411,,4,2,9,2800,0,3,5,,2,003,"SKY OAKS DR","COLLEGE AVE",170.00,S,N,A,-,N,,,,,,,,,,N,2,0,1,2,A,-,08,22107,,N,A,G,A,A,H,-,A,D,0,,Y,,,Y,,L,04,1,0,0,0,0,0,1,0,0,"- ","- ",38.577419281005859,-122.44831848144531,NAPA,UNINCORPORATED,-122.44827270507812,38.577419281005859
90794038,2017,2019-01-04,9325,2017-08-14,2029,018400,,1,2,2,2801,0,1,S,,2,901,"SR-128 W/B","PETRIFIED FOREST RD",107.00,E,N,A,-,Y,,,,,,,,,,Y,2,0,1,2,A,-,03,22350,,N,B,C,A,A,H,-,C,A,0,,,Y,,Y,,C,02,1,0,0,0,0,0,0,0,1,"- ","- ",38.345199999999998,-122.3545,NAPA,CALISTOGA,,
90799994,2018,2018-10-04,9325,2018-05-19,2055,021081,,6,2,9,2800,0,1,3,,1,031,SR-29,"WASHINGTON AVE",400.00,N,N,A,-,Y,,,29,,,,,,,Y,1,1,3,3,A,-,05,21460,A,N,B,C,A,A,H,-,D,D,0,,,,,Y,,A,01,3,0,0,0,0,0,0,0,0,"- ","- ",38.413818359375,-122.38420867919922,NAPA,UNINCORPORATED,-122.38394165039062,38.414012908935547
90811826,2018,2018-09-13,9325,2018-09-02,1400,019659,,7,2,9,2800,0,3,5,,1,008,"KNOXVILLE RECREATION AREA TRAIL","BERRYESSA-KNOXVILLE ROAD",8448.00,S,N,A,-,N,,,,,,,,,,N,2,0,2,1,B,-,22,,,N,F,A,A,A,G,-,A,D,0,,,Y,,Y,,C,06,1,1,0,0,0,0,0,0,2,"- ","- ",38.811679840087891,-122.37423706054688,NAPA,UNINCORPORATED,,
90812077,2018,2018-09-13,9325,2018-09-11,2220,019775,,2,3,9,2800,0,3,5,,2,002,"OLD SONOMA RD","CONGRESS VALLEY RD",1535.00,S,N,A,-,N,,,,,,,,,,Y,2,0,1,1,A,-,01,23152,A,N,E,I,A,A,H,-,D,D,0,,,,,Y,Y,A,01,1,0,0,0,0,0,0,0,0,"- ","- ",38.280368804931641,-122.32540893554688,NAPA,UNINCORPORATED,-122.32549285888672,38.280601501464844
90819298,2018,2018-09-24,9325,2018-09-12,1550,016609,,3,2,9,2800,0,1,3,,1,031,"SR-29 S/B","ZINFANDEL LN",75.00,N,N,A,-,Y,,,29,,,,,,S,N,2,0,1,1,A,-,03,22350,,N,F,A,A,A,H,-,A,D,0,,Y,,,Y,,L,04,1,0,0,0,0,0,1,0,0,"- ","- ",38.482780456542969,-122.44297027587891,NAPA,UNINCORPORATED,-122.44290924072266,38.482852935791016
90824494,2018,2018-09-28,9325,2018-09-20,1408,021324,,4,2,9,2800,0,2,4,,1,082,"KNOXVILLE RD","POPE CANYON RD",12672.00,S,N,A,-,N,,,,,,,,,,Y,2,0,2,1,A,-,08,22107,,N,E,I,A,A,H,-,A,D,0,,,,,Y,,D,22,1,0,1,0,0,0,0,0,0,"- ","- ",38.592628479003906,-122.26748657226562,NAPA,UNINCORPORATED,-122.26669311523438,38.592781066894531
90824650,2018,2019-04-11,9325,2018-09-20,0405,019775,,4,3,9,2800,0,1,3,,1,031,SR-29,"OAKVILLE CROSS ROAD",348.00,N,N,A,-,Y,,,29,,,,,,,Y,2,0,1,1,A,-,01,23152,A,N,E,I,A,A,H,-,C,D,0,,,,,Y,Y,A,01,1,0,0,0,0,0,0,0,0,"- ","- ",38.436798095703125,-122.40273284912109,NAPA,UNINCORPORATED,-122.40277099609375,38.436756134033203
90827445,2018,2018-10-03,9325,2018-09-24,2147,019067,,1,2,9,2800,0,1,3,,1,011,"SR-29 S/B",SR-121,1056.00,N,N,A,-,Y,,,29,,,,,,S,Y,2,0,1,1,A,-,01,23152,A,N,E,I,A,A,H,-,D,D,0,,,,,Y,Y,A,01,1,0,0,0,0,0,0,0,0,"- ","- ",38.261409759521484,-122.30049896240234,NAPA,UNINCORPORATED,-122.30021667480469,38.261222839355469
90836569,2018,2018-10-16,9325,2018-10-07,1643,021333,,7,2,9,2800,0,3,5,,2,003,"OAKVILLE GRADE RD","CAMPBELL CREEK ROAD",80.00,W,N,A,-,N,,,,,,,,,,N,2,0,1,1,A,-,08,22107,,N,E,I,A,A,H,-,A,D,0,,,Y,,Y,,C,02,1,0,0,0,0,0,0,0,1,"- ","- ",38.414821624755859,-122.42648315429688,NAPA,UNINCORPORATED,-122.42643737792969,38.415248870849609
90836710,2018,2018-10-16,9325,2018-10-09,1350,013434,,2,1,9,2800,0,1,3,,1,081,SR-121,SR-128,5280.00,S,N,A,-,Y,,,121,,,,,,,Y,2,0,1,1,A,-,08,22107,,N,E,I,A,A,H,-,A,A,0,,,Y,,Y,,C,02,1,0,0,0,0,0,0,0,1,"- ","- ",38.364688873291016,-122.20245361328125,NAPA,UNINCORPORATED,-122.20243835449219,38.364662170410156
90838399,2018,2018-10-17,9325,2018-10-11,2020,013434,,4,2,9,2800,0,3,5,,2,002,"EL CENTRO AVE","BIG RANCH ROAD",1056.00,W,N,A,-,N,,,,,,,,,,Y,2,0,1,2,A,-,21,22106,,N,C,C,A,A,H,-,D,D,0,,,Y,,Y,Y,A,01,1,0,0,0,0,0,0,0,1,"- ","- ",38.339771270751953,-122.30232238769531,NAPA,UNINCORPORATED,-122.30108642578125,38.340377807617188
90848271,2018,2018-11-08,9325,2018-07-18,1620,019411,,3,2,9,2800,0,1,3,,1,013,"SR-221 S/B","NAPA VALLEY CORPORATE DR",1133.00,S,N,A,-,Y,,,221,,,,,,S,Y,1,1,1,2,A,-,07,21658,A,F,E,I,A,A,H,-,A,D,0,,,,,Y,,A,01,0,0,1,0,0,0,0,0,0,"- ","- ",38.246799468994141,-122.26999664306641,NAPA,UNINCORPORATED,-122.26982879638672,38.246845245361328
90851942,2018,2018-11-02,9325,2018-10-26,0645,015350,,5,1,9,2800,0,1,3,,1,013,"SR-221 S/B",SR-29,350.00,N,N,A,-,Y,,,221,,,,,,S,Y,2,0,1,3,A,-,03,22350,,N,C,C,A,A,H,-,A,A,0,,,,,Y,,A,01,1,0,0,0,0,0,0,0,0,"- ","- ",38.242340087890625,-122.26883697509766,NAPA,UNINCORPORATED,-122.26884460449219,38.242340087890625
90860105,2018,2018-11-14,9325,2018-11-03,1000,019190,,6,1,9,2800,0,1,3,,1,044,SR-29,"LIVERMORE ROAD",100.00,S,N,A,-,Y,,,,,,,,,,Y,2,0,1,1,A,-,08,22107,,N,E,I,A,A,H,-,A,D,0,,,,,Y,,A,07,1,0,0,0,0,0,0,0,0,"- ","- ",38.411140441894531,-122.35340118408203,NAPA,UNINCORPORATED,-122.58835601806641,38.668045043945312
90864619,2018,2018-11-21,9325,2018-11-15,1658,021333,,4,2,9,2800,0,3,5,,2,002,"OAKVILLE GRADE RD","ACACIA DR",2112.00,W,N,A,-,N,,,,,,,,,,Y,2,0,1,1,A,-,08,22107,,N,E,I,A,A,H,-,B,D,0,,,,,Y,,A,07,1,0,0,0,0,0,0,0,0,"- ","- ",38.422168731689453,-122.41686248779297,NAPA,UNINCORPORATED,-122.41722869873047,38.421772003173828
90867169,2018,2018-11-26,9325,2018-11-17,1020,020829,,6,1,9,2800,0,3,5,,2,002,"SHETLER AVENUE","PARRISH ROAD",0.00,,Y,A,-,N,,,,,,,,,,N,2,0,1,2,A,-,09,21802,A,N,D,C,A,A,H,-,A,D,0,,,Y,,Y,,A,01,1,0,0,0,0,0,0,0,1,"- ","- ",38.282718658447266,-122.26551818847656,NAPA,UNINCORPORATED,-122.26554107666016,38.282711029052734
90868223,2018,2018-11-27,9325,2018-11-21,0505,019847,,3,3,9,2800,0,1,3,,1,031,SR-29,"WHITEHALL LANE",97.00,S,N,B,-,Y,,,29,,,,,,,Y,2,0,3,3,A,-,09,21801,A,N,C,C,A,B,H,-,C,D,0,,,,,Y,,D,22,1,0,2,0,0,0,0,0,0,"- ","- ",38.476970672607422,-122.43601226806641,NAPA,UNINCORPORATED,-122.43598175048828,38.476993560791016
9087634,2020,2020-10-02,2802,2020-03-26,1855,320488,40,4,5,5,2802,0,0,0,,0,02A,"SILVERADO TRL","COOMBSVILLE RD",0.00,,Y,A,-,Y,NAP,4,121,-,-,7.370,I,5,N,Y,2,0,2,1,A,-,08,22107,,N,A,I,A,A,H,-,A,A,0,,,,,Y,,A,01,1,1,0,0,0,0,0,0,0,"- ","- ",,,NAPA,NAPA,-122.27584075927734,38.299427032470703
90884798,2018,2018-12-18,9325,2018-12-07,1900,021083,,5,2,9,2800,0,1,3,,1,044,SR-29,"LIVERMORE RD",1056.00,N,N,A,-,Y,,,29,,,,,,,Y,2,0,1,1,A,-,01,23152,A,N,E,J,A,A,H,-,D,D,0,,,,,Y,Y,A,01,1,0,0,0,0,0,0,0,0,"- ","- ",38.678321838378906,-122.59082794189453,NAPA,UNINCORPORATED,-122.59084320068359,38.678329467773438
90904906,2018,2019-01-15,9325,2018-11-07,0620,015350,,3,1,9,2800,0,1,3,,1,041,"SILVERADO TRAIL","CRYSTAL SPRINGS ROAD",1584.00,S,N,A,-,N,,,,,,,,,,Y,1,1,0,2,A,-,11,21954,A,N,G,B,E,A,H,-,D,D,0,Y,,,,Y,,N,60,0,0,0,1,0,0,0,0,0,"- ","- ",38.549911499023438,-122.49565887451172,NAPA,UNINCORPORATED,-122.49523162841797,38.549732208251953
90910863,2019,2019-01-24,9325,2019-01-19,0400,021605,,6,3,9,2800,0,3,5,,2,004,"PETRIFIED FOREST RD","FRANZ VALLEY SCHOOL RD",2640.00,W,N,C,-,Y,,,,,,,,,,Y,2,0,1,1,A,-,08,22107,,N,E,I,A,B,H,-,D,D,0,,,,,Y,Y,D,22,1,0,0,0,0,0,0,0,0,"- ","- ",38.577800750732422,-122.61460876464844,NAPA,UNINCORPORATED,-122.61379241943359,38.577846527099609
90917760,2018,2019-02-12,9325,2018-10-28,0230,021005,,7,3,9,2800,0,1,3,,1,022,"SR-29 N/B","IMOLA AVE",3357.00,N,N,A,-,Y,,,,,,,,,,Y,1,1,0,1,A,-,01,23152,A,N,E,I,A,A,H,-,D,D,0,,,Y,,Y,Y,C,02,0,0,0,0,0,0,0,1,0,"- ","- ",38.293491363525391,-122.30203247070312,NAPA,UNINCORPORATED,-122.30097961425781,38.287620544433594
90950772,2019,2019-03-27,9325,2019-03-18,1645,015350,,1,2,9,2800,0,2,4,,1,023,"SILVERADO TRAIL","HARDMAN AVENUE",1848.00,S,N,A,-,N,,,,,,,,,,Y,2,0,2,2,A,-,08,22107,,N,B,C,A,A,H,-,A,A,0,,,,,Y,,A,01,1,1,0,0,0,0,0,0,0,"- ","- ",38.339481353759766,-122.28201293945312,NAPA,UNINCORPORATED,-122.28203582763672,38.339492797851562
90967715,2019,2019-04-15,9325,2019-04-07,0120,021605,,7,3,9,2800,0,3,5,,2,002,"COOMBSVILLE RD","FIRST AVENUE",6.00,W,N,B,C,N,,,,,,,,,,Y,2,0,1,2,A,-,01,23152,A,N,E,I,A,B,H,-,C,D,0,,,,,Y,Y,A,07,1,0,0,0,0,0,0,0,0,"- ","- ",38.295230865478516,-122.25312042236328,NAPA,UNINCORPORATED,-122.25290679931641,38.295120239257812
90969010,2019,2019-04-17,9325,2019-04-07,1145,021421,,7,1,9,2800,0,1,3,,1,030,SR-128,"CHILES POPE VALLEY RD",555.00,W,N,A,-,Y,,,128,,,,,,,Y,2,0,1,1,A,-,03,22350,,N,F,A,A,A,H,-,A,D,0,,,Y,,Y,,C,02,1,0,0,0,0,0,0,0,1,"- ","- ",38.488681793212891,-122.34900665283203,NAPA,UNINCORPORATED,-122.34909057617188,38.488731384277344
9098200,2020,2020-10-30,2802,2020-05-02,2102,320488,9,6,5,5,2802,0,0,0,,0,04A,"SOLANO AV","DUNHILL ST",50.00,E,N,A,-,N,,,,,,,,,,N,2,0,1,2,A,-,08,22107,,N,D,G,A,A,H,-,C,A,0,,Y,,,Y,,L,04,1,0,0,0,0,0,1,0,0,"- ","- ",,,NAPA,NAPA,-122.31703186035156,38.329708099365234
90985397,2019,2019-05-09,9325,2019-04-29,0725,015350,,1,1,9,2800,0,3,5,,2,007,"OLD SONOMA ROAD","CONGRESS VALLEY ROAD",1056.00,S,N,A,-,N,,,,,,,,,,Y,2,0,1,1,A,-,03,22350,,N,E,I,A,A,H,-,A,A,0,,,Y,,Y,,C,02,1,0,0,0,0,0,0,0,1,"- ","- ",38.280349731445312,-122.32554626464844,NAPA,UNINCORPORATED,-122.32505798339844,38.281848907470703
90994257,2019,2019-05-24,9325,2019-04-13,2055,021439,,6,2,9,2800,0,1,3,,1,022,SR-29,"FIRST ST.",1040.00,S,N,A,-,Y,,,,,,,,,,Y,1,1,0,2,A,-,11,21954,A,N,G,B,E,A,H,-,D,D,0,Y,,,,Y,,N,60,0,0,0,1,0,0,0,0,0,"- ","- ",38.296951293945312,-122.30181121826172,NAPA,UNINCORPORATED,-122.30203247070312,38.297039031982422
91006198,2019,2019-06-10,9325,2019-05-29,1815,021605,,3,2,9,2800,0,2,4,,1,034,"DEER PARK RD","UPPER SANITARIUM ROAD",2640.00,E,N,A,-,N,,,,,,,,,,N,2,0,1,1,A,-,08,22107,,N,F,A,A,A,H,-,A,D,0,,,Y,,Y,,C,02,1,0,0,0,0,0,0,0,1,"- ","- ",38.559089660644531,-122.473388671875,NAPA,UNINCORPORATED,-122.47313690185547,38.558494567871094
91007307,2019,2019-06-11,9325,2019-06-01,1225,017746,,6,1,9,2800,0,1,3,,1,081,SR-121,"WATERS ROAD",1056.00,S,N,A,-,Y,,,121,,,,,,,Y,2,0,1,1,A,-,08,22107,,N,F,A,A,A,H,-,A,D,0,,,Y,,Y,,C,02,1,0,0,0,0,0,0,0,1,"- ","- ",38.392379760742188,-122.20220184326172,NAPA,UNINCORPORATED,-122.20217895507812,38.392410278320312
91016722,2019,2019-06-25,9325,2019-06-12,1245,014728,,3,1,9,2800,0,1,3,,1,022,"SR-29 S/B","OAK KNOLL AVE.",3168.00,N,N,A,-,Y,,,29,,,,,,S,Y,2,0,1,1,A,-,08,22107,,N,E,I,A,A,H,-,A,D,0,,,,,Y,,A,01,1,0,0,0,0,0,0,0,0,"- ","- ",38.362258911132812,-122.33644866943359,NAPA,UNINCORPORATED,-122.33638000488281,38.362297058105469
91035554,2019,2019-07-23,9325,2019-07-18,1504,019775,,4,2,9,2800,0,3,5,,2,002,SR-121,"WOODEN VALLEY RD",6336.00,S,N,A,-,Y,,,121,,,,,,,Y,2,0,2,2,A,-,08,22107,,N,E,I,A,A,H,-,A,D,0,,,,,Y,,A,01,1,0,1,0,0,0,0,0,0,"- ","- ",38.358150482177734,-122.20052337646484,NAPA,UNINCORPORATED,-122.20052337646484,38.358150482177734
91051760,2019,2019-08-14,9325,2019-08-07,0400,019067,,3,3,9,2800,0,1,3,,1,031,SR-29,"ZINFANDEL LANE",113.00,N,N,A,-,Y,,,29,,,,,,,Y,2,0,1,1,A,-,08,22107,,N,E,I,A,A,H,-,D,D,0,,,,,Y,,D,22,1,0,0,0,0,0,0,0,0,"- ","- ",38.482749938964844,-122.44307708740234,NAPA,UNINCORPORATED,-122.44295501708984,38.482894897460938
91053313,2019,2019-09-26,9325,2019-08-08,0530,019590,,4,3,9,2800,0,2,4,,1,023,"SILVERADO TRAIL","CONN CREEK RD",55.00,S,N,A,-,N,,,,,,,,,,N,2,0,1,2,A,-,03,22350,,N,C,G,A,A,D,E,D,D,0,,Y,,,Y,,D,22,1,0,0,0,0,0,1,0,0,"- ","- ",38.487331390380859,-122.40583801269531,NAPA,UNINCORPORATED,-122.40590667724609,38.487369537353516
91054687,2019,2019-08-19,9325,2019-08-09,0300,021081,,5,3,9,2800,0,2,4,,1,042,"SILVERADO TRAIL","CLOVER FLAT RD",3168.00,N,N,A,-,N,,,,,,,,,,Y,2,0,2,1,A,-,01,23152,A,N,E,I,A,A,H,-,D,D,0,,,,,Y,Y,A,01,1,0,1,0,0,0,0,0,0,"- ","- ",38.576519012451172,-122.53488922119141,NAPA,UNINCORPORATED,-122.54026794433594,38.576625823974609
91056298,2019,2019-08-21,9325,2019-08-18,0100,021005,,7,3,9,2800,0,3,5,,2,002,"REDWOOD RD","BROWNS VALLEY RD",8976.00,W,N,A,-,N,,,,,,,,,,Y,2,0,1,1,A,-,08,22107,,N,F,A,A,A,H,-,D,D,0,,,Y,,Y,,C,02,1,0,0,0,0,0,0,0,1,"- ","- ",38.334251403808594,-122.35906219482422,NAPA,UNINCORPORATED,-122.35902404785156,38.334270477294922
91064742,2019,2019-08-30,9365,2019-08-24,1250,020566,,6,1,9,2800,0,1,S,,2,904,"SR-121 S/B","WOODEN VALLEY CROSS",528.00,N,N,A,-,Y,,,121,,,,,,S,Y,2,0,1,1,A,-,08,22107,,N,F,A,A,A,H,-,A,D,0,,,Y,,Y,,C,02,1,0,0,0,0,0,0,0,1,"- ","- ",38.373298645019531,-122.20400238037109,NAPA,UNINCORPORATED,-122.20416259765625,38.373359680175781
91068856,2019,2019-09-06,9325,2019-08-28,0855,019074,,3,1,9,2800,0,1,3,,1,012,"SR-12 W/B","N. KELLY RD",700.00,E,N,B,-,Y,,,12,,,,,,W,N,2,0,1,2,A,-,03,22350,,N,B,C,A,A,H,-,A,D,0,,,Y,,Y,,C,02,1,0,0,0,0,0,0,0,1,"- ","- ",38.222320556640625,-122.25080108642578,NAPA,UNINCORPORATED,-122.25080108642578,38.222305297851562
91075156,2019,2019-09-16,9325,2019-09-05,1015,019590,,4,1,9,2800,0,3,5,,1,008,"WOODEN VALLEY RD","WOODEN VALLEY CROSS RD",2640.00,N,N,A,-,N,,,,,,,,,,Y,2,0,1,1,A,-,08,22107,,N,E,I,A,A,H,-,A,D,0,,,,,Y,,D,22,1,0,0,0,0,0,0,0,0,"- ","- ",38.332691192626953,-122.14774322509766,NAPA,UNINCORPORATED,-122.1463623046875,38.33123779296875
91092061,2019,2019-10-07,9325,2019-09-04,1848,019847,,3,2,9,2800,0,1,3,,1,031,"SR-29 N/B",SR-128,528.00,N,N,A,-,Y,,,29,,,,,,N,Y,1,1,0,1,A,-,08,22107,,N,E,I,A,A,H,-,A,D,0,,,,,Y,Y,A,01,0,0,0,0,0,0,0,0,0,"- ","- ",38.465999603271484,-122.42899322509766,NAPA,UNINCORPORATED,-122.42859649658203,38.466274261474609
91093939,2019,2019-10-09,9325,2019-09-18,1805,019847,,3,2,9,2800,0,2,4,,1,082,"BERRYESSA KNOXVILLE ROAD","BERRYESSA DRIVE",0.00,,Y,A,-,N,,,,,,,,,,Y,1,1,0,2,A,-,03,22350,,N,D,C,A,A,H,-,A,D,0,,,Y,,Y,,C,02,0,0,0,0,0,0,0,1,0,"- ","- ",38.605640411376953,-122.28029632568359,NAPA,UNINCORPORATED,-122.28024291992188,38.605541229248047
91098061,2019,2019-10-16,9325,2019-10-03,0610,014728,,4,1,9,2800,0,1,3,,2,071,"SR-121 S/B","STANLY LN.",2640.00,S,N,A,-,Y,,,121,,,,,,S,Y,2,0,1,1,A,-,08,22107,,N,F,A,A,A,H,-,D,D,0,,,Y,,Y,,C,02,1,0,0,0,0,0,0,0,1,"- ","- ",38.258071899414062,-122.31601715087891,NAPA,UNINCORPORATED,-122.31603240966797,38.258148193359375
91101958,2019,2019-10-21,9325,2019-10-12,0127,021521,,6,3,5,2802,0,1,3,,1,022,"SR-29 N/B","TRANCAS ST",37.00,N,N,A,-,Y,,,29,,,,,,N,Y,2,0,1,1,A,-,01,23152,A,N,E,I,A,A,H,-,C,D,0,,,,,Y,Y,A,01,1,0,0,0,0,0,0,0,0,"- ","- ",38.321769714355469,-122.30869293212891,NAPA,NAPA,-122.30869293212891,38.321769714355469
91104136,2019,2019-10-23,9325,2019-10-12,1605,017746,,6,2,9,2800,0,1,3,,1,080,SR-128,"CHILES POPE VALLEY ROAD",2904.00,E,N,A,-,Y,,,128,,,,,,,Y,2,0,1,3,A,-,03,22350,,N,A,C,A,A,H,-,A,D,0,,,Y,,Y,,C,02,1,0,0,0,0,0,0,0,1,"- ","- ",38.491939544677734,-122.33963775634766,NAPA,UNINCORPORATED,-122.33963775634766,38.491939544677734