CASE_ID,ACCIDENT_YEAR,PROC_DATE,JURIS,COLLISION_DATE,COLLISION_TIME,OFFICER_ID,REPORTING_DISTRICT,DAY_OF_WEEK,CHP_SHIFT,POPULATION,CNTY_CITY_LOC,SPECIAL_COND,BEAT_TYPE,CHP_BEAT_TYPE,CITY_DIVISION_LAPD,CHP_BEAT_CLASS,BEAT_NUMBER,PRIMARY_RD,SECONDARY_RD,DISTANCE,DIRECTION,INTERSECTION,WEATHER_1,WEATHER_2,STATE_HWY_IND,CALTRANS_COUNTY,CALTRANS_DISTRICT,STATE_ROUTE,ROUTE_SUFFIX,POSTMILE_PREFIX,POSTMILE,LOCATION_TYPE,RAMP_INTERSECTION,SIDE_OF_HWY,TOW_AWAY,COLLISION_SEVERITY,NUMBER_KILLED,NUMBER_INJURED,PARTY_COUNT,PRIMARY_COLL_FACTOR,PCF_CODE_OF_VIOL,PCF_VIOL_CATEGORY,PCF_VIOLATION,PCF_VIOL_SUBSECTION,HIT_AND_RUN,TYPE_OF_COLLISION,MVIW,PED_ACTION,ROAD_SURFACE,ROAD_COND_1,ROAD_COND_2,LIGHTING,CONTROL_DEVICE,CHP_ROAD_TYPE,PEDESTRIAN_ACCIDENT,BICYCLE_ACCIDENT,MOTORCYCLE_ACCIDENT,TRUCK_ACCIDENT,NOT_PRIVATE_PROPERTY,ALCOHOL_INVOLVED,STWD_VEHTYPE_AT_FAULT,CHP_VEHTYPE_AT_FAULT,COUNT_SEVERE_INJ,COUNT_VISIBLE_INJ,COUNT_COMPLAINT_PAIN,COUNT_PED_KILLED,COUNT_PED_INJURED,COUNT_BICYCLIST_KILLED,COUNT_BICYCLIST_INJURED,COUNT_MC_KILLED,COUNT_MC_INJURED,PRIMARY_RAMP,SECONDARY_RAMP,LATITUDE,LONGITUDE,COUNTY,CITY,POINT_X,POINT_Y
91107197,2019,2019-10-28,9325,2019-10-20,0415,021521,,7,3,9,2800,0,1,3,,1,011,"SR-29 N/B",SR-221,0.00,,Y,A,-,Y,,,29,,,,,,N,Y,2,0,1,2,A,-,12,21453,A,N,D,C,A,A,H,-,C,D,0,,,,,Y,,A,07,1,0,0,0,0,0,0,0,0,"- ","- ",38.241489410400391,-122.26912689208984,NAPA,UNINCORPORATED,-122.26911926269531,38.241508483886719
91112202,2019,2019-11-04,9325,2019-10-26,0513,021896,,6,3,9,2800,0,1,3,,1,031,"SR-29 N/B","WASHINGTON STREET",140.00,S,N,A,-,Y,,,29,,,,,,N,Y,2,0,2,2,A,-,01,23152,A,N,D,C,A,A,H,-,D,D,0,,,,,Y,Y,A,07,1,0,1,0,0,0,0,0,0,"- ","- ",38.411388397216797,-122.38131713867188,NAPA,UNINCORPORATED,-122.38134765625,38.411346435546875
91132595,2019,2020-01-15,9325,2019-11-09,0113,019067,,6,3,9,2800,0,2,4,,1,023,"SILVERADO TRAIL","HARDMAN AVE",3168.00,S,N,A,-,N,,,,,,,,,,Y,2,0,4,3,A,-,00,23103,A,N,A,C,A,A,H,-,D,D,0,,,,,Y,,D,22,4,0,0,0,0,0,0,0,0,"- ","- ",38.336669921875,-122.28176116943359,NAPA,UNINCORPORATED,-122.28160095214844,38.335895538330078
9113783,2020,2020-08-20,2802,2020-06-09,1705,320137,16,2,5,5,2802,0,0,0,,0,04B,"REDWOOD RD","BROWNS VALLEY RD",0.00,,Y,A,-,N,,,,,,,,,,N,2,0,1,2,A,-,09,21801,A,N,D,G,A,A,H,-,A,D,0,,Y,,,Y,,D,22,1,0,0,0,0,0,1,0,0,"- ","- ",,,NAPA,NAPA,-122.34095001220703,38.315391540527344
91154405,2019,2019-12-27,9325,2019-09-16,0602,015447,,1,1,9,2800,0,3,5,,2,003,"DRY CREEK ROAD","WALL RD",1584.00,E,N,B,C,N,,,,,,,,,,Y,1,1,3,1,A,-,03,22350,,N,F,A,A,A,H,-,D,D,0,,,,,Y,,A,07,0,0,3,0,0,0,0,0,0,"- ","- ",38.408500671386719,-122.46690368652344,NAPA,UNINCORPORATED,-122.46686553955078,38.408668518066406
91156364,2019,2019-12-31,9325,2019-12-28,1635,017559,,6,2,9,2800,0,3,5,,2,002,"BIG RANCH RD","OAK KNOLL AVE",1910.00,S,N,A,-,N,,,,,,,,,,Y,2,0,1,1,A,-,01,23152,A,N,E,I,A,A,H,-,A,D,0,,,,,Y,Y,A,01,1,0,0,0,0,0,0,0,0,"- ","- ",38.357578277587891,-122.30973052978516,NAPA,UNINCORPORATED,-122.31017303466797,38.358180999755859
91163897,2020,2020-01-13,9325,2020-01-11,0920,018900,,6,1,9,2800,0,3,5,,2,001,"IMOLA AVE","PENNY LN",0.00,,Y,B,-,N,,,,,,,,,,Y,2,0,1,2,A,-,09,21801,A,N,D,C,A,B,H,-,A,D,0,,,,,Y,,A,01,1,0,0,0,0,0,0,0,0,"- ","- ",38.279861450195312,-122.25508117675781,NAPA,UNINCORPORATED,-122.25502777099609,38.279819488525391
91170922,2019,2020-01-23,9325,2019-09-28,0105,015447,,6,3,9,2800,0,2,4,,2,032,"SILVERADO TRAIL","PRATT AVENUE",450.00,S,N,A,-,N,,,,,,,,,,Y,1,1,0,1,A,-,08,22107,,N,E,I,A,A,H,-,D,D,0,,,,,Y,,A,01,0,0,0,0,0,0,0,0,0,"- ","- ",38.519901275634766,-122.47160339355469,NAPA,UNINCORPORATED,-122.47154235839844,38.520015716552734
91186710,2019,2020-02-14,9325,2019-08-05,1957,015447,,1,2,9,2800,0,3,5,,2,002,"BIG RANCH RD","EL CENTRO AVE",210.00,N,N,A,-,N,,,,,,,,,,Y,1,1,1,1,A,-,08,22107,,N,F,A,A,A,H,-,A,D,0,,,,,Y,,A,01,0,0,1,0,0,0,0,0,0,"- ","- ",38.342601776123047,-122.29830169677734,NAPA,UNINCORPORATED,-122.29843139648438,38.342529296875
91190683,2020,2020-02-21,9325,2020-02-08,0210,021605,,6,3,9,2800,0,1,3,,1,031,SR-29,"WHITEHALL LANE",1056.00,S,N,A,-,Y,,,29,,,,,,,Y,2,0,1,1,A,-,01,23152,A,N,E,I,A,A,H,-,D,D,0,,,,,Y,Y,A,01,1,0,0,0,0,0,0,0,0,"- ","- ",38.475090026855469,-122.4346923828125,NAPA,UNINCORPORATED,-122.43467712402344,38.475101470947266
9119899,2020,2020-09-10,2803,2020-06-26,0900,14,,5,5,2,2803,0,0,0,,0,,"SPRING ST","SYLVANER AV",782.00,,N,A,-,N,,,,,,,,,,N,2,0,1,1,D,-,00,,,N,F,A,A,A,B,-,A,D,0,,Y,,,Y,,-,"- ",1,0,0,0,0,0,1,0,0,"- ","- ",38.491020202636719,-122.47872161865234,NAPA,"SAINT HELENA",-122.47834777832031,38.4910888671875
91207515,2020,2020-03-13,9325,2020-02-27,0540,019590,,4,3,9,2800,0,1,3,,1,011,"SR-29 N/B",SR-221,1494.00,S,N,A,-,Y,,,29,,,,,,N,Y,2,0,1,4,A,-,03,22350,,N,C,C,A,A,H,-,C,D,0,,,,,Y,,D,22,1,0,0,0,0,0,0,0,0,"- ","- ",38.237819671630859,-122.26454925537109,NAPA,UNINCORPORATED,-122.26454162597656,38.237831115722656
91228135,2020,2020-04-21,9325,2020-02-21,2230,021449,,5,3,5,2802,0,1,3,,1,022,"STATE ROUTE 29 SOUTHBOUND","OLD SONOMA RD OVERPASS",850.00,N,N,A,-,Y,,,29,,,,,,S,N,1,1,0,2,A,-,11,21956,,N,G,B,E,A,H,-,C,D,0,Y,,,,Y,Y,N,60,0,0,0,1,0,0,0,0,0,"- ","- ",38.290550231933594,-122.30188751220703,NAPA,NAPA,-122.30193328857422,38.290538787841797
91228139,2020,2020-04-21,9325,2020-01-11,0125,021521,,6,3,9,2800,0,3,5,,2,002,"HARDMAN AVE","SILVERADO TRAIL",200.00,E,N,B,C,N,,,,,,,,,,Y,1,1,0,1,A,-,01,23152,F,N,E,I,A,B,H,-,D,D,0,,,,,Y,,A,01,0,0,0,0,0,0,0,0,0,"- ","- ",38.344501495361328,-122.28227996826172,NAPA,UNINCORPORATED,-122.28214263916016,38.344589233398438
91228288,2020,2020-04-21,9365,2020-04-15,1630,020428,,3,2,9,2800,0,3,5,,2,010,"MCGARY RD","AMERICAN CANYON RD",720.00,W,N,A,-,N,,,,,,,,,,Y,2,0,1,1,A,-,08,22107,,N,E,I,A,A,H,-,A,D,0,,,,,Y,,A,01,1,0,0,0,0,0,0,0,0,"- ","- ",38.167850494384766,-122.20162963867188,NAPA,UNINCORPORATED,,
91229958,2020,2020-04-27,9325,2020-04-19,1946,021896,,7,2,9,2800,0,1,3,,1,081,SR-121,"WOODEN VALLEY RD",1584.00,N,N,A,-,Y,,,121,,,,,,,Y,2,0,1,1,A,-,08,22107,,N,E,I,A,A,H,-,D,D,0,,,,,Y,,D,22,1,0,0,0,0,0,0,0,0,"- ","- ",38.380199432373047,-122.19998931884766,NAPA,UNINCORPORATED,-122.20000457763672,38.380191802978516
91232585,2020,2020-05-01,9325,2020-04-28,1415,015350,,2,2,9,2800,0,1,3,,1,081,SR-121,"WOODEN VALLEY ROAD",5280.00,N,N,A,-,Y,,,121,,,,,,,N,2,0,1,1,A,-,17,21662,,N,E,I,A,A,H,-,A,A,0,,,Y,,Y,,C,02,1,0,0,0,0,0,0,0,1,"- ","- ",38.391860961914062,-122.20223999023438,NAPA,UNINCORPORATED,-122.20210266113281,38.391807556152344
91242487,2020,2020-05-26,9325,2020-03-21,1640,017746,,6,2,9,2800,0,3,5,,1,008,"BUTTS CANYON ROAD","SNELL VALLEY RD",388.00,S,N,A,-,N,,,,,,,,,,Y,1,1,0,1,A,-,01,23152,G,N,E,I,A,A,H,-,A,D,0,,,Y,,Y,Y,C,02,0,0,0,0,0,0,0,1,0,"- ","- ",38.694381713867188,-122.44452667236328,NAPA,UNINCORPORATED,-122.44457244873047,38.694404602050781
91245636,2020,2020-06-01,9325,2020-05-23,2112,021382,,6,2,9,2800,0,3,5,,2,007,"HENRY RD","DEALY LN.",12144.00,W,N,A,-,N,,,,,,,,,,N,2,0,1,1,C,-,18,,,N,H,A,A,A,H,-,D,D,0,,,Y,,Y,,-,"- ",1,0,0,0,0,0,0,0,1,"- ","- ",38.285499572753906,-122.36470031738281,NAPA,UNINCORPORATED,-122.37997436523438,38.292255401611328
91246287,2020,2020-06-02,9325,2020-05-22,1900,021605,,5,2,9,2800,0,3,5,,2,003,"GLASS MOUNTAIN ROAD","ELMSHAVEN RD",1584.00,N,N,A,-,N,,,,,,,,,,Y,2,0,1,1,A,-,01,23152,A,N,E,I,A,A,H,-,A,D,0,,,Y,,Y,Y,C,02,1,0,0,0,0,0,0,0,1,"- ","- ",38.535488128662109,-122.47914886474609,NAPA,UNINCORPORATED,-122.47612762451172,38.533290863037109
91246367,2020,2020-06-02,9325,2020-05-25,1440,015350,,1,2,9,2800,0,3,5,,1,008,"STEELE CANYON ROAD",SR-128,4224.00,N,N,A,-,N,,,,,,,,,,Y,2,0,2,1,A,-,08,22107,,N,E,I,A,A,H,-,A,D,0,,,,,Y,,B,07,1,1,0,0,0,0,0,0,0,"- ","- ",38.451129913330078,-122.18508148193359,NAPA,UNINCORPORATED,,
91250187,2020,2020-06-10,9325,2020-06-06,1210,019775,,6,1,9,2800,0,3,5,,1,008,"POPE CANYON RD","DOLLARHIDE RD",6125.00,E,N,A,-,N,,,,,,,,,,Y,2,0,1,1,A,-,08,22107,,N,E,I,A,A,H,-,A,D,0,,,Y,,Y,,C,02,1,0,0,0,0,0,0,0,1,"- ","- ",38.631229400634766,-122.33399963378906,NAPA,UNINCORPORATED,-122.32898712158203,38.628204345703125
91252366,2020,2020-06-16,9325,2020-06-13,1030,021605,,6,1,9,2800,0,1,3,,1,081,SR-121,"WATERS RD",2640.00,S,N,A,-,Y,,,121,,,,,,,Y,2,0,1,1,A,-,08,22107,,N,E,I,A,A,H,-,A,D,0,,,Y,,Y,,C,02,1,0,0,0,0,0,0,0,1,"- ","- ",38.389560699462891,-122.20188140869141,NAPA,UNINCORPORATED,-122.20180511474609,38.389522552490234
91255331,2020,2020-06-22,9325,2020-06-15,1615,019847,,1,2,9,2800,0,1,3,,1,021,SR-121,"ATLAS PEAK RD",3696.00,N,N,A,-,Y,,,121,,,,,,,Y,2,0,2,2,A,-,05,21460,A,N,A,C,A,A,H,-,A,D,0,,,Y,,Y,,C,02,1,0,1,0,0,0,0,0,1,"- ","- ",38.345188140869141,-122.25054931640625,NAPA,UNINCORPORATED,-122.25054931640625,38.345180511474609
91262688,2020,2020-07-03,9325,2020-06-27,1135,021005,,6,1,9,2800,0,3,5,,2,003,"DRY CREEK RD","WALL RD",500.00,W,N,A,-,N,,,,,,,,,,Y,2,0,1,1,A,-,08,22107,,N,E,I,A,A,H,-,A,D,0,,,,,Y,,A,01,1,0,0,0,0,0,0,0,0,"- ","- ",38.406818389892578,-122.47170257568359,NAPA,UNINCORPORATED,-122.47263336181641,38.407279968261719
91267957,2020,2020-07-14,9325,2020-06-08,1835,021005,,1,2,9,2800,0,1,3,,1,041,SR-29,"TUCKER RD",150.00,N,N,A,-,Y,,,29,,,,,,,Y,1,1,0,1,A,-,08,22107,,N,E,I,A,A,H,-,A,D,0,,,,,Y,,A,01,0,0,0,0,0,0,0,0,0,"- ","- ",38.554561614990234,-122.52778625488281,NAPA,UNINCORPORATED,-122.52783966064453,38.554473876953125
91275397,2020,2020-07-28,9325,2020-07-17,1810,021449,,5,2,9,2800,0,1,3,,1,013,"STATE ROUTE 221 S/B","MAGNOLIA DRIVE",0.00,,Y,A,-,Y,,,221,,,,,,S,Y,2,0,3,3,A,-,09,21453,C,N,D,C,A,A,H,-,A,A,0,,,Y,,Y,,A,01,2,1,0,0,0,0,0,0,2,"- ","- ",38.27838134765625,-122.27394104003906,NAPA,UNINCORPORATED,-122.27395629882812,38.278373718261719
91281020,2020,2020-08-05,9325,2020-07-28,0755,015674,,2,1,9,2800,0,2,4,,1,023,"SILVERADO TRAIL","HARDMAN AVE",0.00,,Y,B,-,N,,,,,,,,,,Y,2,0,2,2,A,-,09,21802,A,N,A,C,A,A,H,-,A,A,0,,,,,Y,,A,07,1,1,0,0,0,0,0,0,0,"- ","- ",38.344501495361328,-122.2828369140625,NAPA,UNINCORPORATED,-122.2828369140625,38.344528198242188
91299939,2020,2020-09-07,9325,2020-09-06,0235,021449,,7,3,9,2800,0,1,3,,1,041,"STATE ROUTE 29","BEA LANE",330.00,N,N,A,-,Y,,,29,,,,,,,Y,2,0,1,1,A,-,01,23152,A,N,E,I,A,A,H,-,C,D,0,,,,,Y,Y,A,07,1,0,0,0,0,0,0,0,0,"- ","- ",38.531639099121094,-122.50424194335938,NAPA,UNINCORPORATED,-122.50431060791016,38.531604766845703
91308796,2020,2020-09-22,9325,2020-09-18,0720,020829,,5,1,9,2800,0,1,3,,1,080,SR-128,"LOWER CHILES VALLEY ROAD",7392.00,E,N,A,-,Y,,,128,,,,,,,Y,2,0,1,1,A,-,08,22107,,N,E,I,A,A,H,-,A,D,0,,,,,Y,,A,01,1,0,0,0,0,0,0,0,0,"- ","- ",38.508491516113281,-122.27314758300781,NAPA,UNINCORPORATED,-122.27310943603516,38.508426666259766
91312846,2020,2020-09-28,9325,2020-09-19,1505,021605,,6,2,9,2800,0,3,5,,1,008,"POPE CANYON ROAD","HARDIN ROAD",7392.00,E,N,A,-,N,,,,,,,,,,N,2,0,1,1,A,-,03,22350,,N,F,A,A,A,H,-,A,D,0,,,Y,,Y,,C,02,1,0,0,0,0,0,0,0,1,"- ","- ",38.63330078125,-122.3865966796875,NAPA,UNINCORPORATED,-122.38685607910156,38.632888793945312
91317117,2020,2020-10-05,9325,2020-10-04,0220,020776,,7,3,9,2800,0,1,3,,1,011,"SR-29 N/B",SR-221,738.00,S,N,A,-,Y,,,29,,,,,,N,Y,2,0,2,1,A,-,01,23152,A,N,E,I,A,A,D,E,C,A,0,,,,,Y,Y,A,07,1,1,0,0,0,0,0,0,0,"- ","- ",38.240348815917969,-122.26714324951172,NAPA,UNINCORPORATED,-122.26729583740234,38.240165710449219
91317251,2020,2020-10-05,9325,2020-07-04,1115,021005,,6,1,9,2800,0,2,4,,1,082,"BERRYESSA KNOXVILLE ROAD","BERRYESSA LANE",9504.00,S,N,A,-,N,,,,,,,,,,Y,1,1,0,1,A,-,03,22350,,N,F,A,A,A,H,-,A,D,0,,,Y,,Y,,C,02,0,0,0,0,0,0,0,1,0,"- ","- ",38.57781982421875,-122.25392913818359,NAPA,UNINCORPORATED,-122.25865936279297,38.588932037353516
91317556,2020,2020-10-05,9325,2020-09-26,1335,020829,,6,1,9,2800,0,1,3,,1,081,SR-121,SR-128,6864.00,S,N,A,-,Y,,,121,,,,,,,N,2,0,1,1,A,-,03,22350,,N,E,I,A,A,H,-,A,D,0,,,Y,,Y,,C,02,1,0,0,0,0,0,0,0,1,"- ","- ",38.43157958984375,-122.20771026611328,NAPA,UNINCORPORATED,-122.20771789550781,38.43157958984375
91321464,2020,2020-10-12,9325,2020-10-08,1155,019847,,4,1,9,2800,0,1,3,,1,081,SR-121,"CIRCLE OAKS DR",150.00,S,N,A,-,Y,,,121,,,,,,,Y,2,0,1,1,A,-,08,22107,,N,E,I,A,A,H,-,A,D,0,,,,,Y,,A,07,1,0,0,0,0,0,0,0,0,"- ","- ",38.406059265136719,-122.20407867431641,NAPA,UNINCORPORATED,-122.20413970947266,38.40606689453125
91326908,2020,2020-10-20,9325,2020-10-10,1700,020829,,6,2,9,2800,0,2,4,,1,082,"BERRYESSA KNOXVILLE ROAD",SR-128,1056.00,N,N,A,-,N,,,,,,,,,,N,2,0,1,1,A,-,08,22107,,N,E,I,A,A,H,-,A,D,0,,,Y,,Y,,C,02,1,0,0,0,0,0,0,0,1,"- ","- ",38.496181488037109,-122.24929046630859,NAPA,UNINCORPORATED,,
9132974,2020,2020-11-25,2801,2020-07-29,2048,203,4,3,5,2,2801,0,0,0,,0,,"RT 128","SILVER ST",153.00,E,N,-,-,Y,NAP,4,128,-,-,4.300,H,-,W,Y,2,0,1,2,A,-,21,22106,,N,-,-,A,-,-,-,-,-,0,,,,,Y,,A,01,1,0,0,0,0,0,0,0,0,"- ","- ",,,NAPA,CALISTOGA,-122.58477020263672,38.576740264892578
9134421,2020,2020-10-01,2800,2020-07-18,0852,250263,20207,6,5,2,2805,0,0,0,,0,002,"AMERICAN CANYON RD","FLOSDEN RD",0.00,,Y,A,-,N,,,,,,,,,,Y,2,0,1,2,A,-,12,21453,A,N,D,C,A,A,-,-,A,A,0,,,Y,,Y,,C,02,1,0,0,0,0,0,0,0,1,"- ","- ",,,NAPA,"AMERICAN CANYON",-122.24001312255859,38.164409637451172
91347899,2020,2020-11-18,9325,2020-11-08,2030,021005,,7,2,9,2800,0,3,5,,2,003,"OAKVILLE GRADE RD","DRY CREEK RD",500.00,E,N,A,-,N,,,,,,,,,,Y,2,0,1,1,A,-,08,22107,,N,F,A,A,A,H,-,D,D,0,,,,,Y,,A,07,1,0,0,0,0,0,0,0,0,"- ","- ",38.407630920410156,-122.43206787109375,NAPA,UNINCORPORATED,-122.43161773681641,38.407920837402344
91360086,2020,2020-12-14,9325,2020-11-25,0740,015674,,3,1,9,2800,0,1,3,,1,043,SR128,"N FORK BENNETT LN",4224.00,W,N,A,-,Y,,,128,,,,,,,Y,2,0,1,1,A,-,08,22107,,N,F,A,A,A,H,-,A,D,0,,,,Y,Y,,F,27,1,0,0,0,0,0,0,0,0,"- ","- ",38.600009918212891,-122.63230895996094,NAPA,UNINCORPORATED,-122.63231658935547,38.600017547607422
91366060,2020,2020-12-14,9325,2020-12-06,1040,021382,,7,1,9,2800,0,1,3,,1,080,SR-128,"LOWER CHILES VALLEY RD",7920.00,W,N,A,-,Y,,,128,,,,,,,Y,2,0,1,1,A,-,03,22350,,N,F,I,A,A,H,-,A,D,0,,,Y,,Y,,C,02,1,0,0,0,0,0,0,0,1,"- ","- ",38.486709594726562,-122.30110168457031,NAPA,UNINCORPORATED,-122.30107879638672,38.486671447753906
91379982,2020,2021-01-04,9325,2020-10-26,1210,014728,,1,1,9,2800,0,1,3,,1,081,"SR-121 N/B","WOODEN VALLEY RD",1584.00,N,N,A,-,Y,,,121,,,,,,N,Y,2,0,1,2,A,-,08,22107,,N,A,C,A,A,H,-,A,D,0,,,,,Y,,A,01,1,0,0,0,0,0,0,0,0,"- ","- ",38.380550384521484,-122.20021057128906,NAPA,UNINCORPORATED,-122.20014953613281,38.380558013916016
91407425,2021,2021-02-12,9325,2021-02-03,2145,022599,,3,2,9,2800,0,1,3,,1,012,SR-12,"LYNCH RD",2640.00,E,N,A,-,Y,,,,,,,,,,Y,2,0,1,1,A,-,08,22107,,N,E,I,A,A,H,-,C,D,0,,,,,Y,,A,07,1,0,0,0,0,0,0,0,0,"- ","- ",38.383998870849609,-122.20057678222656,NAPA,UNINCORPORATED,,
91408902,2021,2021-02-16,9325,2021-01-21,1600,017559,,4,2,9,2800,0,2,4,,1,023,"SILVERADO TRAIL","YOUNTVILLE CROSS RD",3168.00,S,N,A,-,N,,,,,,,,,,Y,1,1,2,1,A,-,08,22107,,N,E,I,A,A,H,-,A,D,0,,,,,Y,,A,01,0,2,0,0,0,0,0,0,0,"- ","- ",38.418960571289062,-122.33724975585938,NAPA,UNINCORPORATED,-122.3372802734375,38.419990539550781
91415326,2020,2021-02-25,9325,2020-11-21,2120,021425,,6,2,9,2800,0,3,5,,2,001,"TRANCAS STREET","SR-121 (SILVERADO TRAIL)",325.00,W,N,A,-,N,,,,,,,,,,Y,1,1,2,2,A,-,01,23152,A,N,D,C,A,A,H,-,C,D,0,,,,,Y,Y,A,01,1,1,0,0,0,0,0,0,0,"- ","- ",38.325420379638672,-122.27503967285156,NAPA,UNINCORPORATED,,
91427873,2021,2021-03-24,9325,2021-02-23,0051,017746,,2,3,9,2800,0,1,3,,1,022,"SR-29 S/B","DARMS LANE",2112.00,S,N,A,-,Y,,,29,,,,,,S,Y,2,0,3,1,A,-,03,22350,,N,E,I,A,A,H,-,D,A,0,,,,,Y,,A,01,3,0,0,0,0,0,0,0,0,"- ","- ",38.359870910644531,-122.33531951904297,NAPA,UNINCORPORATED,-122.33516693115234,38.359951019287109
91459060,2021,2021-04-27,9325,2021-04-18,1551,022562,,7,2,9,2800,0,3,5,,1,008,SR-128,"LOWER CHILES VALLEY RD",5808.00,W,N,A,-,Y,,,128,,,,,,,Y,2,0,1,2,A,-,05,21460,A,N,B,C,A,A,H,-,A,D,0,,,Y,,Y,Y,C,02,1,0,0,0,0,0,0,0,1,"- ","- ",38.505630493164062,-122.27768707275391,NAPA,UNINCORPORATED,-122.27767944335938,38.505615234375
91461043,2021,2021-04-29,9325,2021-04-26,0940,014728,,1,1,9,2800,0,3,5,,2,007,"CUTTINGS WHARF RD.","SOUTH AVE.",1725.00,S,N,A,-,Y,,,,,,,,,,Y,2,0,2,2,A,-,09,21801,A,N,A,C,A,A,H,-,A,A,0,,,,,Y,,A,08,1,0,1,0,0,0,0,0,0,"- ","- ",38.240360260009766,-122.31224060058594,NAPA,UNINCORPORATED,-122.31231689453125,38.240402221679688
91463413,2021,2021-04-30,9325,2021-01-27,1945,019775,,3,2,9,2800,0,1,3,,1,011,"STATE ROUTE-29","STATE ROUTE-12",0.00,,Y,B,C,Y,,,29,,,,,,,Y,1,1,2,2,A,-,09,21453,C,N,D,C,A,B,H,-,C,A,0,,,,,Y,,A,01,0,1,1,0,0,0,0,0,0,"- ","- ",38.223171234130859,-122.25778961181641,NAPA,UNINCORPORATED,-122.25778198242188,38.223171234130859
91466883,2021,2021-05-06,9325,2021-04-25,1737,022562,,7,2,9,2800,0,3,5,,2,004,SR-29,"UPPER OLD LAWLEY TOLL ROAD",7920.00,N,N,B,-,Y,,,29,,,,,,,N,2,0,2,1,A,-,03,22350,,N,F,A,A,B,H,-,A,D,0,,,Y,,Y,,C,02,1,0,1,0,0,0,0,0,2,"- ","- ",38.646720886230469,-122.59243011474609,NAPA,UNINCORPORATED,-122.59245300292969,38.646690368652344
91480057,2021,2021-05-24,9325,2021-03-21,1726,022562,,7,2,9,2800,0,1,3,,1,080,SR-128,"WRAGG CANYON RD",10032.00,E,N,A,-,Y,,,128,,,,,,,Y,1,1,2,3,A,-,05,21460,A,N,B,C,A,A,H,-,A,D,0,,,Y,,Y,,C,02,0,2,0,0,0,0,0,1,1,"- ","- ",38.469970703125,-122.14508056640625,NAPA,UNINCORPORATED,-122.14508056640625,38.469970703125
91493762,2021,2021-06-10,9325,2021-05-19,1415,017559,,3,2,9,2800,0,1,3,,1,080,SR-128,"GREAVES RD",9504.00,E,N,A,-,Y,,,128,,,,,,,Y,1,1,3,2,A,-,05,21460,A,N,A,C,A,A,H,-,A,D,0,,,Y,,Y,,C,02,0,3,0,0,0,0,0,1,0,"- ","- ",38.509380340576172,-122.11164855957031,NAPA,UNINCORPORATED,-122.11165618896484,38.509403228759766
91507563,2021,2021-06-28,9325,2021-06-18,1453,017746,,5,2,9,2800,0,1,3,,1,080,SR-128,"STEELE CANYON RD",4752.00,W,N,A,-,Y,,,128,,,,,,,Y,2,0,3,2,A,-,08,22107,,N,D,C,A,A,H,-,A,D,0,,,,,Y,,A,01,2,1,0,0,0,0,0,0,0,"- ","- ",38.454921722412109,-122.20993804931641,NAPA,UNINCORPORATED,-122.20994567871094,38.454910278320312
91514552,2021,2021-07-07,9325,2021-06-26,1448,017746,,6,2,9,2800,0,1,3,,1,080,SR-128,SR-121,68.00,E,N,A,-,Y,,,128,,,,,,,Y,2,0,1,1,A,-,03,22350,,N,F,A,A,A,H,-,A,A,0,,,Y,,Y,,C,02,1,0,0,0,0,0,0,0,1,"- ","- ",38.445419311523438,-122.19609832763672,NAPA,UNINCORPORATED,-122.19611358642578,38.445392608642578
91519964,2021,2021-07-14,9325,2021-07-06,1745,020615,,2,2,5,2802,0,1,3,,1,022,"S/B SR-29","FIRST ST OVPS",2640.00,S,N,A,-,Y,,,29,,,,,,,Y,2,0,1,1,A,-,08,22107,,N,F,I,A,A,H,-,A,D,0,,,,,Y,,D,22,1,0,0,0,0,0,0,0,0,"- ","- ",38.295310974121094,-122.30196380615234,NAPA,NAPA,-122.30189514160156,38.295299530029297
91522237,2021,2021-07-16,9325,2021-07-04,1655,022560,,7,2,9,2800,0,3,5,,2,004,"PETRIFIED FOREST RD","FRANZ VALLEY SCHOOL RD",5808.00,W,N,A,-,N,,,,,,,,,,Y,2,0,4,2,A,-,05,21460,A,N,A,D,A,A,H,-,A,D,0,,,,,Y,,A,01,2,1,1,0,0,0,0,0,0,"- ","- ",38.575088500976562,-122.62368011474609,NAPA,UNINCORPORATED,-122.62345123291016,38.575386047363281