CASE_ID,ACCIDENT_YEAR,PROC_DATE,JURIS,COLLISION_DATE,COLLISION_TIME,OFFICER_ID,REPORTING_DISTRICT,DAY_OF_WEEK,CHP_SHIFT,POPULATION,CNTY_CITY_LOC,SPECIAL_COND,BEAT_TYPE,CHP_BEAT_TYPE,CITY_DIVISION_LAPD,CHP_BEAT_CLASS,BEAT_NUMBER,PRIMARY_RD,SECONDARY_RD,DISTANCE,DIRECTION,INTERSECTION,WEATHER_1,WEATHER_2,STATE_HWY_IND,CALTRANS_COUNTY,CALTRANS_DISTRICT,STATE_ROUTE,ROUTE_SUFFIX,POSTMILE_PREFIX,POSTMILE,LOCATION_TYPE,RAMP_INTERSECTION,SIDE_OF_HWY,TOW_AWAY,COLLISION_SEVERITY,NUMBER_KILLED,NUMBER_INJURED,PARTY_COUNT,PRIMARY_COLL_FACTOR,PCF_CODE_OF_VIOL,PCF_VIOL_CATEGORY,PCF_VIOLATION,PCF_VIOL_SUBSECTION,HIT_AND_RUN,TYPE_OF_COLLISION,MVIW,PED_ACTION,ROAD_SURFACE,ROAD_COND_1,ROAD_COND_2,LIGHTING,CONTROL_DEVICE,CHP_ROAD_TYPE,PEDESTRIAN_ACCIDENT,BICYCLE_ACCIDENT,MOTORCYCLE_ACCIDENT,TRUCK_ACCIDENT,NOT_PRIVATE_PROPERTY,ALCOHOL_INVOLVED,STWD_VEHTYPE_AT_FAULT,CHP_VEHTYPE_AT_FAULT,COUNT_SEVERE_INJ,COUNT_VISIBLE_INJ,COUNT_COMPLAINT_PAIN,COUNT_PED_KILLED,COUNT_PED_INJURED,COUNT_BICYCLIST_KILLED,COUNT_BICYCLIST_INJURED,COUNT_MC_KILLED,COUNT_MC_INJURED,PRIMARY_RAMP,SECONDARY_RAMP,LATITUDE,LONGITUDE,COUNTY,CITY,POINT_X,POINT_Y
91528798,2021,2021-07-26,9325,2021-07-01,0530,019590,,4,3,9,2800,0,1,3,,2,071,SR-121,"HAIRE LANE",4000.00,N,N,A,-,Y,,,121,,,,,,,Y,2,0,1,4,A,-,08,22107,,N,A,C,A,A,H,-,B,D,0,,,,,Y,,A,01,1,0,0,0,0,0,0,0,0,"- ","- ",38.256118774414062,-122.36350250244141,NAPA,UNINCORPORATED,-122.36350250244141,38.256145477294922
91537162,2021,2021-08-05,9325,2021-07-26,1120,015674,,1,1,9,2800,0,3,5,,1,008,"BUTTS CANYON RD","SNELL VALLEY RD.",4752.00,S,N,A,-,N,,,,,,,,,,Y,2,0,1,1,A,-,08,22107,,N,E,I,A,A,H,-,A,D,0,,,Y,,Y,,C,02,1,0,0,0,0,0,0,0,1,"- ","- ",38.683120727539062,-122.44577026367188,NAPA,UNINCORPORATED,-122.44574737548828,38.682998657226562
91547546,2021,2021-08-18,9325,2021-08-01,1600,022560,,7,2,9,2800,0,3,5,,1,008,"BUTTS CANYON RD","SNELL VALLEY RD",491.00,S,N,A,-,N,,,,,,,,,,N,2,0,1,1,A,-,08,22107,,N,E,I,A,A,H,-,A,D,0,,,Y,,Y,,C,02,1,0,0,0,0,0,0,0,1,"- ","- ",38.694110870361328,-122.44451141357422,NAPA,UNINCORPORATED,-122.44458770751953,38.694118499755859
91565290,2021,2021-09-08,9325,2021-08-30,1715,017559,,1,2,9,2800,0,1,3,,2,071,"STATE ROUTE 121","HAIRE LN",2112.00,N,N,A,-,Y,,,121,,,,,,,Y,2,0,2,2,A,-,08,22107,,N,E,I,A,A,H,-,A,D,0,,,,,Y,,A,01,2,0,0,0,0,0,0,0,0,"- ","- ",38.255970001220703,-122.36717224121094,NAPA,UNINCORPORATED,-122.36713409423828,38.255870819091797
91573043,2021,2021-09-17,9325,2021-09-05,0243,021449,,7,3,5,2802,0,1,3,,1,022,"STATE ROUTE 29","OLD SONOMA ROAD",1584.00,N,N,A,-,Y,,,29,,,,,,,Y,2,0,2,4,A,-,01,23152,A,N,E,8,A,A,H,-,C,D,0,,,,,Y,Y,A,01,2,0,0,0,0,0,0,0,0,"- ","- ",38.292579650878906,-122.30200958251953,NAPA,NAPA,-122.30207061767578,38.292579650878906
9157700,2020,2020-12-01,2800,2020-09-29,1936,250446,20209,2,5,2,2805,0,0,0,,0,002,"AMERICAN CANYON RD","BROADWAY ST",0.00,,Y,A,-,N,,,,,,,,,,N,2,0,1,2,A,-,12,21453,A,N,D,G,A,A,H,-,C,A,0,,Y,,,Y,,L,04,1,0,0,0,0,0,1,0,0,"- ","- ",,,NAPA,"AMERICAN CANYON",-122.25296783447266,38.165531158447266
91581942,2021,2021-09-29,9325,2021-03-15,1012,015674,,1,1,9,2800,0,1,3,,1,041,SR29,"LARKMEAD LN",1200.00,S,N,A,-,Y,,,29,,,,,,,Y,1,2,1,2,A,-,01,23152,F,N,A,C,A,A,H,-,A,D,0,,,,,Y,,A,01,1,0,0,0,0,0,0,0,0,"- ","- ",38.553089141845703,-122.52142333984375,NAPA,UNINCORPORATED,-122.52142333984375,38.553070068359375
91583736,2021,2021-09-30,9325,2021-06-08,1703,021083,,2,2,9,2800,0,1,3,,1,041,SR-29,"DIAMOND MOUNTAIN RD",528.00,N,N,A,-,Y,,,29,,,,,,,Y,1,1,2,1,A,-,08,22107,,N,E,I,A,A,H,-,A,D,0,,,,,Y,,A,07,1,1,0,0,0,0,0,0,0,"- ","- ",38.569469451904297,-122.56652069091797,NAPA,UNINCORPORATED,-122.56661224365234,38.56939697265625
91590383,2020,2021-10-07,9325,2020-12-23,1235,015674,,3,1,9,2800,0,1,3,,1,044,SR29,"ROBERT LUIS STEVENSON TRAILHEAD",2640.00,N,N,A,-,Y,,,29,,,,,,,Y,1,1,3,2,A,-,03,22350,,N,A,C,A,A,H,-,A,D,0,,,,,Y,,A,01,3,0,0,0,0,0,0,0,0,"- ","- ",38.657188415527344,-122.59526824951172,NAPA,UNINCORPORATED,-122.59542083740234,38.657218933105469
91591800,2021,2021-10-08,9325,2021-08-21,1048,020829,,6,1,9,2800,0,1,3,,1,022,"N/B SR-121","WILD HORSE VALLEY ROAD",2112.00,S,N,A,-,Y,,,121,,,,,,,Y,1,1,0,2,A,-,05,21460,A,N,A,C,A,A,H,-,A,D,0,,,Y,,Y,,C,02,0,0,0,0,0,0,0,1,0,"- ","- ",38.355350494384766,-122.21028900146484,NAPA,UNINCORPORATED,-122.21028900146484,38.355354309082031
91591812,2021,2021-10-08,9325,2021-09-29,0814,015674,,3,1,9,2800,0,1,3,,1,012,SR12,"KIRKLAND RANCH RD.",1795.00,E,N,A,-,Y,,,12,,,,,,,Y,2,0,1,2,A,-,03,22350,,N,B,C,A,A,H,-,A,D,0,,,Y,,Y,,C,02,1,0,0,0,0,0,0,0,1,"- ","- ",38.214199066162109,-122.21650695800781,NAPA,UNINCORPORATED,-122.21654510498047,38.214061737060547
91602184,2021,2021-10-21,9325,2021-10-09,2005,019847,,6,2,9,2800,0,1,S,,2,024,SR-29,"FIRST STREET",335.00,S,N,A,-,Y,,,,,,,,,,Y,2,0,1,2,A,-,08,22107,,N,E,C,A,A,H,-,C,D,0,,,Y,,Y,,C,02,1,0,0,0,0,0,0,0,1,"- ","- ",38.298999786376953,-122.30357360839844,NAPA,UNINCORPORATED,-122.3023681640625,38.299037933349609
91614467,2021,2021-11-03,9325,2021-10-25,1330,019864,,1,1,9,2800,0,3,5,,2,003,"OAKVILLE GRADE",SR-29,10560.00,W,N,A,-,N,,,,,,,,,,Y,2,0,2,1,A,-,03,22350,,N,F,A,A,A,H,-,A,D,0,,,,Y,Y,,F,27,2,0,0,0,0,0,0,0,0,"- ","- ",38.421970367431641,-122.41712951660156,NAPA,UNINCORPORATED,-122.42716979980469,38.420589447021484
91616316,2021,2021-11-04,9325,2021-10-28,2120,019067,,4,2,9,2800,0,2,4,,1,023,"SILVERADO TRAIL","OAK KNOLL AVE",11616.00,N,N,A,-,N,,,,,,,,,,Y,2,0,1,1,A,-,01,23152,A,N,E,I,A,A,H,-,D,D,0,,,,,Y,Y,A,07,1,0,0,0,0,0,0,0,0,"- ","- ",38.400390625,-122.32705688476562,NAPA,UNINCORPORATED,-122.32365417480469,38.396369934082031
91619338,2021,2021-11-15,9325,2021-10-25,1530,022562,,1,2,9,2800,0,1,3,,1,012,SR-12,"KIRKLAND RANCH ROAD",0.00,,Y,B,-,Y,,,12,,,,,,,Y,2,0,4,5,A,-,09,21800,D,N,D,C,A,A,H,-,A,B,0,,,,,Y,,-,"- ",2,2,0,0,0,0,0,0,0,"- ","- ",38.220119476318359,-122.23419189453125,NAPA,UNINCORPORATED,-122.23418426513672,38.220138549804688
91628270,2021,2021-11-18,9325,2021-11-10,0745,017538,,3,1,9,2800,0,1,3,,1,044,SR-29,"OLD LAWLEY TOLL RD.",29.00,N,N,E,-,Y,,,29,,,,,,,Y,2,0,1,1,A,-,08,22107,,N,F,A,A,B,H,-,A,D,0,,,,,Y,,D,22,1,0,0,0,0,0,0,0,0,"- ","- ",38.640251159667969,-122.59649658203125,NAPA,UNINCORPORATED,-122.59644317626953,38.640426635742188
91638046,2021,2021-11-30,9325,2021-11-21,1315,021005,,7,1,9,2800,0,1,3,,1,080,SR-121,"WATERS ROAD",1056.00,S,N,A,-,Y,,,121,,,,,,,N,2,0,1,1,A,-,08,22107,,N,E,I,A,A,H,-,A,D,0,,,Y,,Y,,C,02,1,0,0,0,0,0,0,0,1,"- ","- ",38.395538330078125,-122.20490264892578,NAPA,UNINCORPORATED,-122.20402526855469,38.395736694335938
91658433,2021,2021-12-22,9325,2021-12-10,1805,021645,,5,2,9,2800,0,1,3,,1,044,SR-29,"OLD LAWLEY TOLL RD",6547.00,S,N,A,-,Y,,,29,,,,,,,Y,2,0,2,2,A,-,05,21460,A,N,A,C,A,A,H,-,D,D,0,,,,,Y,,A,07,2,0,0,0,0,0,0,0,0,"- ","- ",38.627418518066406,-122.60236358642578,NAPA,UNINCORPORATED,-122.60234832763672,38.627418518066406
91660552,2021,2021-12-23,9325,2021-12-12,2042,021083,,7,2,9,2800,0,3,5,,2,002,"BIG RANCH ROAD","EL CENTRO AVE",180.00,N,N,C,-,N,,,,,,,,,,Y,2,0,3,3,A,-,01,23152,A,N,C,C,A,B,H,-,D,D,0,,,,,Y,Y,A,07,1,1,1,0,0,0,0,0,0,"- ","- ",38.34429931640625,-122.29947662353516,NAPA,UNINCORPORATED,-122.29837799072266,38.342456817626953
91668639,2021,2022-01-03,9325,2021-11-25,0450,015176,,4,3,9,2800,0,1,3,,1,013,"SR-221 S/B","STREBLOW DR.",300.00,S,N,A,-,Y,,,221,,,,,,S,Y,1,1,0,2,A,-,11,21954,A,N,G,B,E,A,H,-,D,D,0,Y,,,,Y,,N,60,0,0,0,1,0,0,0,0,0,"- ","- ",38.269161224365234,-122.27182006835938,NAPA,UNINCORPORATED,-122.27175140380859,38.269176483154297
91671044,2021,2022-01-05,9325,2021-10-10,1855,019847,,7,2,9,2800,0,3,5,,2,007,"CUTTINGS WHARF ROAD","MIDDLE AVENUE",128.00,N,N,A,-,N,,,,,,,,,,Y,1,1,0,1,A,-,08,22107,,N,E,I,A,A,H,-,D,D,0,,,Y,,Y,,C,02,0,0,0,0,0,0,0,1,0,"- ","- ",38.247791290283203,-122.31993865966797,NAPA,UNINCORPORATED,-122.31983947753906,38.247802734375
91695612,2022,2022-02-08,9325,2022-01-29,1610,021083,,6,2,9,2800,0,1,3,,1,080,SR-128,"WRAGG CANYON ROAD",13200.00,E,N,A,-,Y,NAP,,128,,,31.073,H,,R,Y,2,0,1,1,A,-,08,22107,,N,F,A,A,A,H,-,A,D,0,,,Y,,Y,,C,02,1,0,0,0,0,0,0,0,1,"- ","- ",38.480140686035156,-122.13497161865234,NAPA,UNINCORPORATED,-122.13526153564453,38.480121612548828
91723884,2022,2022-03-16,9325,2022-03-09,1610,015796,,3,2,9,2800,0,3,5,,2,002,"COOMBSVILLE RD","1ST AVE",1409.00,W,N,A,-,N,,,,,,,,,,Y,2,0,1,1,A,-,08,22107,,N,E,I,A,A,H,-,A,D,0,,,Y,,Y,,C,02,1,0,0,0,0,0,0,0,1,"- ","- ",38.295070648193359,-122.24796295166016,NAPA,UNINCORPORATED,-122.25703430175781,38.2952880859375
91726435,2022,2022-03-18,9325,2022-03-08,1235,015176,,2,1,9,2800,0,3,5,,2,002,"TRANCAS ST.","SILVERADO TRAIL",40.00,W,N,A,-,N,,,,,,,,,,Y,2,0,2,3,A,-,03,22350,,N,B,C,A,A,H,-,A,A,0,,,,,Y,,A,01,1,1,0,0,0,0,0,0,0,"- ","- ",38.325088500976562,-122.27716064453125,NAPA,UNINCORPORATED,-122.27442169189453,38.325668334960938
91742571,2022,2022-04-06,9325,2022-03-23,0655,017559,,3,1,9,2800,0,2,4,,1,042,"SILVERADO TRAIL","CLOVER FLAT",2640.00,S,N,A,-,N,,,,,,,,,,Y,2,0,2,2,A,-,05,21460,A,N,A,C,A,A,H,-,B,D,0,,,,,Y,,A,01,2,0,0,0,0,0,0,0,0,"- ","- ",38.577201843261719,-122.52187347412109,NAPA,UNINCORPORATED,-122.53015899658203,38.576099395751953
91753686,2022,2022-04-21,9325,2022-04-14,1410,021605,,4,2,9,2800,0,1,3,,1,044,SR-29,"TUBBS LANE",3696.00,N,N,B,C,Y,NAP,,29,,,40.170,H,,R,Y,2,0,1,2,A,-,05,21460,A,N,B,C,A,B,H,-,A,D,0,,,,,Y,,A,01,1,0,0,0,0,0,0,0,0,"- ","- ",38.610111236572266,-122.59461975097656,NAPA,UNINCORPORATED,-122.59462738037109,38.610122680664062
91755303,2022,2022-04-25,9325,2022-04-09,2145,021896,,6,2,9,2800,0,1,3,,1,041,SR-29,"DIAMOND MOUNTAIN RD",1584.00,N,N,A,-,Y,NAP,,29,,,36.018,H,,R,Y,2,0,2,2,A,-,01,23152,A,N,A,C,A,A,H,-,D,D,0,,,Y,,Y,Y,C,02,2,0,0,0,0,0,0,0,2,"- ","- ",38.569419860839844,-122.56662750244141,NAPA,UNINCORPORATED,-122.56662750244141,38.569419860839844
91758795,2022,2022-04-28,9325,2022-02-10,0918,019864,,4,1,9,2800,0,1,3,,1,041,SR-29,"DIAMOND MOUNTAIN RD",350.00,S,N,A,-,N,,,,,,,,,,Y,1,1,2,2,A,-,01,23152,F,N,A,C,A,A,H,-,A,D,0,,,,,Y,Y,D,22,1,1,0,0,0,0,0,0,0,"- ","- ",38.566131591796875,-122.56256866455078,NAPA,UNINCORPORATED,-122.56256103515625,38.566162109375
91761879,2022,2022-05-02,9325,2022-04-21,1409,021083,,4,2,9,2800,0,3,5,,2,002,"FIRST AVE","HAGEN ROAD",0.00,,Y,A,-,N,,,,,,,,,,Y,2,0,2,2,A,-,09,21802,A,N,D,C,A,A,H,-,A,A,0,,,,,Y,,A,01,1,1,0,0,0,0,0,0,0,"- ","- ",38.323459625244141,-122.25601196289062,NAPA,UNINCORPORATED,-122.25604248046875,38.323440551757812
91766156,2022,2022-05-06,9325,2022-04-29,1745,022094,,5,2,9,2800,0,1,3,,1,011,"SR-29 SOUTHBOUND",SR-221,10.00,N,N,A,-,Y,NAP,,29,,R,6.209,H,,L,N,2,0,1,2,A,-,03,22350,,N,C,C,A,A,H,-,A,A,0,,,Y,,Y,,C,02,1,0,0,0,0,0,0,0,1,"- ","- ",38.241428375244141,-122.26937103271484,NAPA,UNINCORPORATED,-122.26937866210938,38.241416931152344
91772849,2022,2022-05-16,9325,2022-05-06,0140,021449,,5,3,9,2800,0,3,5,,2,004,"TUBBS LANE",SR-128,0.00,,Y,B,-,Y,NAP,,128,,,2.659,H,,R,Y,2,0,1,1,A,-,03,22350,,N,E,I,A,A,H,-,C,D,0,,,,,Y,,D,22,1,0,0,0,0,0,0,0,0,"- ","- ",38.588710784912109,-122.60719299316406,NAPA,UNINCORPORATED,-122.60710144042969,38.588771820068359
91778528,2022,2022-05-24,9325,2022-05-22,1520,021083,,7,2,9,2800,0,3,5,,2,002,"OLD SONOMA ROAD","CONGRESS VALLEY RD",1584.00,S,N,A,-,N,,,,,,,,,,Y,2,0,3,3,A,-,01,23152,A,N,B,C,A,A,H,-,A,D,0,,,,,Y,Y,A,01,2,1,0,0,0,0,0,0,0,"- ","- ",38.279201507568359,-122.32494354248047,NAPA,UNINCORPORATED,-122.32545471191406,38.280467987060547
91801667,2022,2022-06-23,9325,2022-06-13,1300,019590,,1,1,9,2800,0,1,3,,1,041,SR-128,"TUBBS LANE",0.00,,Y,A,-,Y,NAP,,128,,,2.658,H,,R,Y,2,0,1,2,A,-,09,21802,A,N,D,C,A,A,H,-,A,A,0,,,Y,,Y,,D,22,1,0,0,0,0,0,0,0,1,"- ","- ",38.588790893554688,-122.60710144042969,NAPA,UNINCORPORATED,-122.60710906982422,38.588783264160156
91805932,2022,2022-06-29,9325,2022-06-27,1610,020615,,1,2,9,2800,0,2,4,,1,042,"SILVERADO TRAIL","CLOVER FLAT RD",84.00,S,N,A,-,N,,,,,,,,,,Y,2,0,2,1,A,-,08,22107,,N,E,I,A,A,H,-,A,D,0,,,,,Y,,A,01,1,1,0,0,0,0,0,0,0,"- ","- ",38.566120147705078,-122.52983856201172,NAPA,UNINCORPORATED,-122.53015899658203,38.576099395751953
91808587,2022,2022-07-01,9325,2022-06-25,2040,022560,,6,2,9,2800,0,1,3,,1,013,"KNOXVILLE DEVILHEAD RD","BERRYESSA KNOXVILLE RD",20.00,S,N,A,-,N,,,,,,,,,,N,2,0,2,1,A,-,08,22107,,N,F,A,A,A,A,-,B,D,0,,,Y,,Y,,C,06,1,1,0,0,0,0,0,0,2,"- ","- ",38.816680908203125,-122.35305786132812,NAPA,UNINCORPORATED,-122.35487365722656,38.824783325195312
91815385,2022,2022-07-12,9325,2022-07-03,2310,021896,,7,3,9,2800,0,3,5,,2,004,"PETRIFIED FOREST RD","FRANZ VALLEY SCHOOL RD",528.00,E,N,A,-,N,,,,,,,,,,N,2,0,1,1,A,-,08,22107,,N,E,I,A,A,H,-,D,D,0,,,,,Y,,A,01,1,0,0,0,0,0,0,0,0,"- ","- ",38.578048706054688,-122.60250091552734,NAPA,UNINCORPORATED,-122.60341644287109,38.577884674072266
91817179,2022,2022-07-14,9325,2022-07-06,1525,015796,,3,2,9,2800,0,2,4,,1,023,"SILVERADO TRAIL","WAPOO HILL RD",1341.00,S,N,A,-,N,,,,,,,,,,Y,2,0,3,2,A,-,09,21804,A,N,D,C,A,A,H,-,A,D,0,,,,,Y,,A,01,3,0,0,0,0,0,0,0,0,"- ","- ",38.394500732421875,-122.32202911376953,NAPA,UNINCORPORATED,-122.32205963134766,38.394512176513672
91822398,2022,2022-07-21,9325,2022-07-16,1139,022560,,6,1,9,2800,0,3,5,,1,008,"BUTTS CANYON RD","SNELL VALLEY RD.",7392.00,S,N,A,-,N,,,,,,,,,,Y,2,0,1,2,A,-,05,21460,A,N,A,C,A,A,H,-,A,D,0,,,Y,,Y,,C,02,1,0,0,0,0,0,0,0,1,"- ","- ",38.675949096679688,-122.4461669921875,NAPA,UNINCORPORATED,-122.44618225097656,38.676605224609375
91826885,2022,2022-07-28,9325,2022-07-22,0930,022560,,5,1,9,2800,0,1,3,,1,031,SR-29,"OAKVILLE GRADE RD",2100.00,S,N,A,-,Y,NAP,,29,,,22.139,H,,R,Y,2,0,1,3,A,-,03,22350,,N,C,C,A,A,H,-,A,D,0,,,,,Y,,A,01,1,0,0,0,0,0,0,0,0,"- ","- ",38.429351806640625,-122.39598083496094,NAPA,UNINCORPORATED,-122.39600372314453,38.429336547851562
91830138,2022,2023-02-17,9325,2022-07-23,2210,021449,,6,3,9,2800,0,1,3,,1,011,"STATE ROUTE 29 NORTHBOUND","IMOLA AVENUE",5280.00,S,N,A,-,Y,NAP,,29,,R,9.349,H,,R,Y,1,1,6,3,A,-,01,23152,A,N,A,C,A,A,H,-,D,D,0,,,,,Y,Y,A,01,0,3,3,0,0,0,0,0,0,"- ","- ",38.266979217529297,-122.29850006103516,NAPA,UNINCORPORATED,-122.2987060546875,38.266994476318359
91836055,2022,2022-08-09,9325,2022-05-22,0805,019913,,7,1,9,2800,0,1,3,,1,011,"STATE ROUTE 29","NAPA VALLEY CORPORATE DR",364.00,W,N,A,-,Y,NAP,,29,,R,6.733,H,,R,Y,1,2,0,2,A,-,08,22107,,N,B,C,A,A,H,-,A,D,0,,,,,Y,,A,01,0,0,0,0,0,0,0,0,0,"- ","- ",38.243000030517578,-122.27866363525391,NAPA,UNINCORPORATED,-122.27864837646484,38.243251800537109
91851554,2022,2022-08-29,9325,2022-08-19,0940,021382,,5,1,9,2800,0,3,5,,1,008,"BERRYESSA KNOXVILLE RD.","POPE CANYON RD",1056.00,S,N,A,-,N,,,,,,,,,,Y,2,0,1,1,A,-,03,22350,,N,F,A,A,A,H,-,A,D,0,,,Y,,Y,,C,02,1,0,0,0,0,0,0,0,1,"- ","- ",38.615638732910156,-122.28958892822266,NAPA,UNINCORPORATED,-122.28948974609375,38.615566253662109
91862002,2022,2022-09-12,9325,2022-09-10,0850,019847,,6,1,9,2800,0,2,4,,1,082,"BERRYESSA KNOXVILLE ROAD","BERRYESSA DRIVE",528.00,S,N,A,-,N,,,,,,,,,,N,2,0,1,1,A,-,08,22107,,N,E,I,A,A,H,-,A,D,0,,,Y,,Y,,C,02,1,0,0,0,0,0,0,0,1,"- ","- ",38.601959228515625,-122.27722930908203,NAPA,UNINCORPORATED,-122.27889251708984,38.60455322265625
91869818,2022,2022-09-21,9325,2022-09-15,2020,021005,,4,2,9,2800,0,2,4,,1,034,"HOWELL MOUNTAIN RD","PONDEROSA DR",500.00,N,N,A,-,N,,,,,,,,,,Y,2,0,1,1,A,-,01,23152,A,N,E,I,A,A,H,-,D,D,0,,,,,Y,Y,A,01,1,0,0,0,0,0,0,0,0,"- ","- ",38.592239379882812,-122.43959045410156,NAPA,UNINCORPORATED,-122.4398193359375,38.591835021972656
91869957,2022,2022-09-21,9325,2022-09-17,1635,022560,,6,2,9,2800,0,1,3,,1,081,SR-121,"WATERS RD",1100.00,S,N,B,-,Y,NAP,,121,,,17.634,H,,R,N,2,0,1,2,A,-,08,22107,,N,F,A,A,A,H,-,A,D,0,,,Y,,Y,,C,03,1,0,0,0,0,0,0,0,1,"- ","- ",38.396080017089844,-122.20407867431641,NAPA,UNINCORPORATED,-122.20401000976562,38.396080017089844
91875832,2022,2022-09-28,9325,2022-09-18,2300,021449,,7,3,9,2800,0,3,5,,2,007,"DUHIG ROAD","LAS AMIGAS ROAD",1584.00,S,N,B,C,N,,,,,,,,,,Y,2,0,1,1,A,-,08,22107,,N,E,I,A,B,H,-,D,D,0,,,,,Y,,A,01,1,0,0,0,0,0,0,0,0,"- ","- ",38.226318359375,-122.35330963134766,NAPA,UNINCORPORATED,-122.35321807861328,38.225975036621094
91994484,2023,2023-02-14,9365,2023-01-15,"500 ",021185,,7,3,9,2800,0,1,1,,2,081,"INTERSTATE 80 WESTBOUND","AMERICAN CANYON ROAD",2640.00,W,N,B,-,Y,NAP,,80," "," ",7.557,H,,L,Y,2,0,1,1,A,-,03,22350,,N,F,A,A,B,H,-,C,A,0,,,,,Y,,-,"- ",1,0,0,0,0,0,0,0,0,"- ","- ",38.164321899414062,-122.20797729492188,NAPA,UNINCORPORATED,-122.20787048339844,38.164241790771484
91995597,2023,2023-02-15,9325,2023-02-14,"605 ",023148,,2,1,9,2800,0,1,3,,1,041,"STATE ROUTE 29","EHLERS LANE",4224.00,N,N,A,-,Y,NAP,,29," "," ",32.028,H,,R,Y,2,0,2,2,A,-,08,22107,,N,E,8,A,A,D,-,D,D,0,,,,,Y,,A,01,1,0,1,0,0,0,0,0,0,"- ","- ",38.540679931640625,-122.50846099853516,NAPA,UNINCORPORATED,-122.50850677490234,38.540672302246094
92000314,2023,2023-02-22,9325,2023-02-16,"640 ",023148,,4,1,9,2800,0,1,3,,1,013,"STATE ROUTE 221","ANDERSON RD",1584.00,N,N,A,-,Y,NAP,,221," "," ",0.261,H,,R,Y,2,0,3,1,A,-,08,22107,,N,E,I,A,A,H,-,B,D,0,,,,,Y,,A,01,1,2,0,0,0,0,0,0,0,"- ","- ",38.245208740234375,-122.26905059814453,NAPA,UNINCORPORATED,-122.26910400390625,38.245201110839844
92002596,2022,2024-01-17,9325,2022-12-24,1640,020615,,6,2,9,2800,0,1,3,,1,044,SR-29,"MPM 40.8",128.00,N,N,A,-,Y,NAP,,29,,,48.406,H,,R,N,2,0,3,2,A,-,05,21460,A,N,A,C,A,B,H,-,A,D,0,,,,,Y,,A,01,3,0,0,0,0,0,0,0,0,"- ","- ",38.673881530761719,-122.59156799316406,NAPA,UNINCORPORATED,-122.59153747558594,38.673881530761719
92008887,2023,2023-03-03,9325,2023-02-27,1130,023094,,1,1,9,2800,0,1,3,,2,071,SR-121,"DUHIG ROAD",528.00,S,N,B,C,Y,NAP,,121," "," ",1.805,H,,R,N,2,0,1,1,A,-,03,22350,,N,F,A,A,B,H,-,A,D,0,,,Y,,Y,,C,02,1,0,0,0,0,0,0,0,1,"- ","- ",38.256290435791016,-122.34990692138672,NAPA,UNINCORPORATED,-122.34990692138672,38.25628662109375
92021830,2023,2023-03-20,9325,2023-03-10,1545,022560,,5,2,9,2800,0,1,3,,1,080,SR-128,"BLUE ROCK RIDGE TRAIL LOOP",2076.00,W,N,A,-,Y,NAP,,128," "," ",33.906,H,,R,N,2,0,1,1,A,-,08,22107,,N,F,A,A,B,H,-,A,D,0,,,Y,,Y,,C,02,1,0,0,0,0,0,0,0,1,"- ","- ",38.510971069335938,-122.10957336425781,NAPA,UNINCORPORATED,-122.10952758789062,38.51092529296875
92034732,2023,2023-03-31,9325,2023-03-24,"28  ",022540,,5,3,9,2800,0,2,4,,1,042,"SILVERADO TRAIL","LODI LANE",1214.00,N,N,A,-,N,,,,,,,,,,Y,2,0,1,1,A,-,08,22107,,N,E,8,A,A,H,-,D,D,0,,,,,Y,,A,01,1,0,0,0,0,0,0,0,0,"- ","- ",38.532009124755859,-122.49019622802734,NAPA,UNINCORPORATED,-122.49028778076172,38.531391143798828
92034733,2023,2023-03-31,9325,2023-03-25,2300,022538,,6,3,9,2800,0,3,5,,2,004,"TUBBS LN",SR-128,1584.00,N,N,A,-,N,,,,,,,,,,Y,2,0,1,1,A,-,08,22107,,N,E,I,A,A,H,-,D,D,0,,,,,Y,,D,22,1,0,0,0,0,0,0,0,0,"- ","- ",38.592891693115234,-122.60411834716797,NAPA,UNINCORPORATED,-122.60422515869141,38.592472076416016