CASE_ID,ACCIDENT_YEAR,PROC_DATE,JURIS,COLLISION_DATE,COLLISION_TIME,OFFICER_ID,REPORTING_DISTRICT,DAY_OF_WEEK,CHP_SHIFT,POPULATION,CNTY_CITY_LOC,SPECIAL_COND,BEAT_TYPE,CHP_BEAT_TYPE,CITY_DIVISION_LAPD,CHP_BEAT_CLASS,BEAT_NUMBER,PRIMARY_RD,SECONDARY_RD,DISTANCE,DIRECTION,INTERSECTION,WEATHER_1,WEATHER_2,STATE_HWY_IND,CALTRANS_COUNTY,CALTRANS_DISTRICT,STATE_ROUTE,ROUTE_SUFFIX,POSTMILE_PREFIX,POSTMILE,LOCATION_TYPE,RAMP_INTERSECTION,SIDE_OF_HWY,TOW_AWAY,COLLISION_SEVERITY,NUMBER_KILLED,NUMBER_INJURED,PARTY_COUNT,PRIMARY_COLL_FACTOR,PCF_CODE_OF_VIOL,PCF_VIOL_CATEGORY,PCF_VIOLATION,PCF_VIOL_SUBSECTION,HIT_AND_RUN,TYPE_OF_COLLISION,MVIW,PED_ACTION,ROAD_SURFACE,ROAD_COND_1,ROAD_COND_2,LIGHTING,CONTROL_DEVICE,CHP_ROAD_TYPE,PEDESTRIAN_ACCIDENT,BICYCLE_ACCIDENT,MOTORCYCLE_ACCIDENT,TRUCK_ACCIDENT,NOT_PRIVATE_PROPERTY,ALCOHOL_INVOLVED,STWD_VEHTYPE_AT_FAULT,CHP_VEHTYPE_AT_FAULT,COUNT_SEVERE_INJ,COUNT_VISIBLE_INJ,COUNT_COMPLAINT_PAIN,COUNT_PED_KILLED,COUNT_PED_INJURED,COUNT_BICYCLIST_KILLED,COUNT_BICYCLIST_INJURED,COUNT_MC_KILLED,COUNT_MC_INJURED,PRIMARY_RAMP,SECONDARY_RAMP,LATITUDE,LONGITUDE,COUNTY,CITY,POINT_X,POINT_Y
92038885,2023,2023-04-06,9325,2023-03-24,"620 ",022562,,5,1,9,2800,0,1,3,,2,071,SR-121,"STANLEY LN",3547.00,S,N,B,-,Y,NAP,,121," "," ",3.562,H,,R,Y,2,0,1,2,A,-,03,22350,,N,C,C,A,A,H,-,D,D,0,,,,,Y,,A,07,1,0,0,0,0,0,0,0,0,"- ","- ",38.257659912109375,-122.31876373291016,NAPA,UNINCORPORATED,-122.31876373291016,38.257675170898438
9205643,2020,2021-02-24,2802,2020-12-03,1804,199,50,4,5,5,2802,0,0,0,,0,02B,"SOSCOL AV","IMOLA AV",0.00,,-,A,-,N,,,,,,,,,,Y,2,0,1,2,C,-,18,,,N,G,B,D,A,H,-,C,A,0,Y,,,,Y,,-,"- ",1,0,0,0,1,0,0,0,0,"- ","- ",,,NAPA,NAPA,-122.27429962158203,38.280570983886719
9205761,2020,2021-02-17,2803,2020-12-19,1219,90,,6,5,2,2803,0,0,0,,0,,"HOWELL MOUNTAIN RD","CONN VALLEY RD",28.00,N,N,A,-,N,,,,,,,,,,N,2,0,1,1,A,-,03,22350,,N,E,J,A,A,A,-,A,D,0,,Y,,,Y,,L,04,1,0,0,0,0,0,1,0,0,"- ","- ",,,NAPA,"SAINT HELENA",-122.43846893310547,38.515460968017578
92073560,2023,2023-05-22,9325,2023-05-13,2354,022540,,6,3,9,2800,0,3,5,,2,002,"SR-29 NORTHBOUND","WASHINGTON STREET",0.00,,Y,A,-,Y,NAP,,29," "," ",18.007,H,,R,Y,2,0,3,2,A,-,01,23152,A,F,D,2,A,A,H,-,D,A,0,,,,,Y,Y,A,01,1,2,0,0,0,0,0,0,0,"- ","- ",38.385658264160156,-122.3492431640625,NAPA,UNINCORPORATED,-122.34923553466797,38.385662078857422
92094713,2023,2023-06-15,9325,2023-06-01,"34  ",023257,,4,3,9,2800,0,1,3,,2,071,SR-121,"DUHIG RD",2640.00,S,N,A,-,Y,NAP,,121," "," ",1.380,H,,R,Y,2,0,1,1,A,-,01,23152,A,N,E,I,A,A,H,-,D,D,0,,,Y,,Y,Y,C,02,1,0,0,0,0,0,0,0,1,"- ","- ",38.258388519287109,-122.35684204101562,NAPA,UNINCORPORATED,-122.35682678222656,38.258235931396484
92095127,2023,2023-06-15,9325,2023-06-12,1445,023241,,1,2,9,2800,0,2,4,,1,023,"SILVERADO TRAIL","OAK KNOLL AVE",10560.00,N,N,A,-,N,,,,,,,,,,Y,2,0,1,1,A,-,08,22107,,N,E,I,A,A,H,-,A,D,0,,,,,Y,,A,07,1,0,0,0,0,0,0,0,0,"- ","- ",38.39324951171875,-122.32087707519531,NAPA,UNINCORPORATED,-122.32158660888672,38.393966674804688
92104533,2023,2023-06-28,9325,2023-06-14,1655,019115,,3,2,9,2800,0,2,4,,2,032,"SILVERADO TRAIL",SR-128,5280.00,S,N,A,-,N,,,,,,,,,,Y,2,0,1,1,A,-,08,22107,,N,F,A,A,A,H,-,A,D,0,,,,,Y,,A,07,1,0,0,0,0,0,0,0,0,"- ","- ",38.478031158447266,-122.39058685302734,NAPA,UNINCORPORATED,-122.39044952392578,38.477882385253906
9210546,2020,2021-03-01,2801,2020-12-09,0740,199,2,3,5,2,2801,0,0,0,,0,,"SILVERADO TRL","ROSEDALE LN",0.00,,Y,A,-,N,,,,,,,,,,Y,2,0,3,2,A,-,03,22350,,N,A,D,A,A,H,-,A,D,0,,,,,Y,,-,,2,1,0,0,0,0,0,0,0,"- ","- ",,,NAPA,CALISTOGA,-122.57029724121094,38.585121154785156
9211455,2020,2021-01-14,2802,2020-11-28,1210,320488,28,6,5,5,2802,0,0,0,,0,003,"LINCOLN AV (BLOCK 670)","LINCOLN AV",5.00,N,N,A,-,N,,,,,,,,,,Y,1,1,0,1,C,-,18,,,N,E,I,A,A,H,-,A,A,0,,,,,Y,,-,"- ",0,0,0,0,0,0,0,0,0,"- ","- ",,,NAPA,NAPA,,
9211749,2021,2021-03-29,2802,2021-02-04,1414,185,50,4,5,5,2802,0,0,0,,0,02B,"SOSCOL AV","SILVERADO TRL",0.00,,Y,A,-,Y,NAP,4,121,-,-,6.554,I,5,N,Y,1,1,2,2,A,-,09,21801,A,N,D,C,A,A,D,-,A,A,0,,,,,Y,,A,01,1,0,1,0,0,0,0,0,0,"- ","- ",,,NAPA,NAPA,-122.27522277832031,38.288227081298828
92122164,2023,2023-07-20,9325,2023-07-14,1930,022560,,5,2,9,2800,0,3,5,,2,002,"1ST AVE","HAGEN RD",0.00,,Y,A,-,N,,,,,,,,,,Y,2,0,1,2,A,-,01,23152,A,N,D,C,A,A,H,-,A,A,0,,,,,Y,Y,A,01,1,0,0,0,0,0,0,0,0,"- ","- ",38.323440551757812,-122.25599670410156,NAPA,UNINCORPORATED,-122.25604248046875,38.323440551757812
92126318,2023,2023-07-26,9325,2023-01-13,1350,021083,,5,1,9,2800,0,1,3,,1,080,SR-128,"WRAGG CANYON RD",1584.00,E,N,B,C,Y,NAP,,128," "," ",28.219,H,,R,Y,1,1,0,1,A,-,01,23152,A,N,E,I,A,B,H,-,A,D,0,,,,,Y,Y,A,07,0,0,0,0,0,0,0,0,0,"- ","- ",38.454010009765625,-122.15232086181641,NAPA,UNINCORPORATED,-122.15229797363281,38.454017639160156
92136529,2023,2023-08-04,9325,2023-07-25,1600,019775,,2,2,9,2800,0,1,3,,1,013,SR-221,"STREBLOW DRIVE",1250.00,S,N,A,-,Y,NAP,,221," "," ",1.693,H,,R,Y,2,0,2,1,A,-,01,23152,A,N,E,I,A,A,H,-,A,D,0,,,Y,,Y,Y,C,02,1,1,0,0,0,0,0,0,2,"- ","- ",38.265850067138672,-122.27123260498047,NAPA,UNINCORPORATED,-122.27099609375,38.265869140625
92149628,2023,2023-09-14,9325,2023-08-11,1140,021896,,5,1,9,2800,0,1,3,,1,011,SR-29,"SOSCOL CREEK RD",0.00,,Y,B,-,Y,NAP,,29," "," ",5.751,H,,R,Y,1,1,2,2,A,-,09,21801,A,N,D,C,A,A,H,-,A,D,0,,,,Y,Y,,D,22,0,2,0,0,0,0,0,0,0,"- ","- ",38.236858367919922,-122.26335906982422,NAPA,UNINCORPORATED,-122.26340484619141,38.236831665039062
92162400,2023,2023-09-05,9325,2023-08-19,1915,020615,,6,2,9,2800,0,1,3,,1,080,SR-128,"WRAGG CANYON",2640.00,E,N,A,-,Y,NAP,,128," "," ",27.528,H,,R,Y,2,0,1,2,A,-,09,21804,A,N,D,C,A,A,H,-,A,D,0,,,Y,,Y,,A,01,1,0,0,0,0,0,0,0,1,"- ","- ",38.443950653076172,-122.15187072753906,NAPA,UNINCORPORATED,-122.15190124511719,38.443950653076172
92165785,2023,2023-09-08,9325,2023-08-21,"637 ",019115,,1,1,9,2800,0,1,3,,1,031,SR-29,"BELLA OAKS LN",375.00,S,N,A,-,Y,NAP,,29," "," ",23.793,H,,R,N,2,0,4,2,A,-,08,22107,,N,A,C,A,A,H,-,A,D,0,,,,Y,Y,,F,26,2,2,0,0,0,0,0,0,0,"- ","- ",38.449211120605469,-122.41400146484375,NAPA,UNINCORPORATED,-122.41396331787109,38.449230194091797
92171166,2023,2023-09-15,9325,2023-09-09,2245,022538,,6,3,9,2800,0,2,4,,1,034,"HOWELL MOUNTAIN RD","INK GRADE RD",270.00,E,N,A,-,N,,,,,,,,,,Y,2,0,1,1,A,-,01,23152,A,N,E,I,A,A,H,-,D,D,0,,,,,Y,Y,A,07,1,0,0,0,0,0,0,0,0,"- ","- ",38.592960357666016,-122.44048309326172,NAPA,UNINCORPORATED,-122.4404296875,38.592994689941406
92173364,2023,2023-09-19,9325,2023-09-08,"543 ",023123,,5,3,9,2800,0,1,S,,2,024,SR-29,"CALIFORNIA DR",1320.00,S,N,A,-,Y,NAP,,29," "," ",18.688,H,,R,Y,2,0,2,2,A,-,07,21658,A,N,B,2,A,A,H,-,D,D,0,,,,,Y,,A,01,2,0,0,0,0,0,0,0,0,"- ","- ",38.394138336181641,-122.35507965087891,NAPA,UNINCORPORATED,-122.3551025390625,38.394130706787109
92177259,2023,2023-09-22,9325,2023-09-18,"449 ",022540,,1,3,9,2800,0,3,5,,2,002,"THOMPSON AVENUE","CONGRESS VALLEY ROAD",1900.00,N,N,A,-,N,,,,,,,,,,N,2,0,1,1,A,-,08,22107,,N,E,I,A,A,H,-,D,D,0,,,,,Y,,A,01,1,0,0,0,0,0,0,0,0,"- ","- ",38.289520263671875,-122.32691955566406,NAPA,UNINCORPORATED,-122.32683563232422,38.28948974609375
92188721,2023,2023-10-03,9325,2023-09-16,2010,023094,,6,2,9,2800,0,3,5,,2,002,"BIG RANCH RD","OAK KNOLL AVE",1065.00,S,N,A,-,N,,,,,,,,,,Y,2,0,1,1,A,-,01,23152,A,M,E,8,A,A,H,-,D,D,0,,,,,Y,Y,A,01,1,0,0,0,0,0,0,0,0,"- ","- ",38.359489440917969,-122.31107330322266,NAPA,UNINCORPORATED,-122.31143951416016,38.360275268554688
92188952,2023,2023-10-03,9325,2023-09-23,1225,017746,,6,1,9,2800,0,3,5,,1,008,"CHILES POPE VALLEY ROAD","MOORE CREEK PARK",1056.00,N,N,A,-,N,,,,,,,,,,N,2,0,1,1,A,-,08,22107,,N,F,A,A,A,H,-,A,D,0,,,Y,,Y,,C,02,1,0,0,0,0,0,0,0,1,"- ","- ",38.513790130615234,-122.35043334960938,NAPA,UNINCORPORATED,,
92195005,2023,2023-10-10,9325,2023-07-30,1500,020615,,7,2,9,2800,0,3,5,,2,002,"COOMBSVILLE RD","3RD ST",50.00,E,N,A,-,N,,,,,,,,,,Y,2,0,4,1,A,-,03,22350,,N,E,8,A,A,H,-,A,D,0,,,,,Y,,A,01,3,0,1,0,0,0,0,0,0,"- ","- ",38.294670104980469,-122.24259948730469,NAPA,UNINCORPORATED,-122.27578735351562,38.299472808837891
92225258,2023,2023-11-01,9325,2023-10-19,1620,020615,,4,2,9,2800,0,2,4,,1,023,"SILVERADO TRL S","OAK KNOLL AVE",1056.00,N,N,A,-,N,,,,,,,,,,Y,2,0,1,2,A,-,01,23152,A,N,D,2,A,A,H,-,A,D,0,,,,,Y,Y,A,01,1,0,0,0,0,0,0,0,0,"- ","- ",38.372829437255859,-122.30393218994141,NAPA,UNINCORPORATED,-122.30326843261719,38.372226715087891
92226295,2023,2023-11-02,9325,2023-10-25,1145,017559,,3,1,9,2800,0,1,3,,2,071,SR121,"OLD SONOMA HWY",505.00,S,N,B,-,Y,NAP,,121," "," ",2.501,H,,R,Y,2,0,2,2,A,-,09,21801,A,N,D,C,A,A,H,-,A,D,0,,,,,Y,,A,01,1,0,1,0,0,0,0,0,0,"- ","- ",38.254570007324219,-122.33808898925781,NAPA,UNINCORPORATED,-122.33808898925781,38.254581451416016
92227729,2023,2023-11-03,9325,2023-10-28,"148 ",022540,,6,3,9,2800,0,1,3,,1,012,"SR-12 EASTBOUND","KIRKLAND RANCH ROAD",3300.00,E,N,A,-,Y,NAP,,12," "," ",1.969,H,,R,Y,2,0,2,1,A,-,01,23152,A,N,E,9,A,A,H,-,D,D,0,,,,,Y,Y,A,01,2,0,0,0,0,0,0,0,0,"- ","- ",38.216320037841797,-122.22361755371094,NAPA,UNINCORPORATED,-122.22358703613281,38.21636962890625
92242047,2023,2023-11-21,9325,2023-06-11,1405,017746,,7,2,9,2800,0,3,5,,1,008,"BUTTS CANYON ROAD","JAMES CREEK ROAD",5808.00,N,N,A,-,N,,,,,,,,,,Y,1,2,0,1,A,-,08,22107,,N,F,A,A,A,H,-,A,D,0,,,Y,,Y,,C,02,0,0,0,0,0,0,0,2,0,"- ","- ",38.671859741210938,-122.44455718994141,NAPA,UNINCORPORATED,-122.44459533691406,38.671894073486328
92242964,2023,2023-11-22,9325,2023-11-12,1210,021458,,7,1,9,2800,0,2,4,,2,032,"SILVERADO TRAIL","ZINFANDEL RD",0.00,,Y,A,-,N,,,,,,,,,,Y,2,0,1,2,A,-,09,21802,A,N,D,C,A,A,H,-,A,A,0,,,Y,,Y,,A,07,1,0,0,0,0,0,0,0,1,"- ","- ",38.497089385986328,-122.42446899414062,NAPA,UNINCORPORATED,-122.42442321777344,38.497104644775391
92249171,2023,2023-11-30,9325,2023-03-12,1706,021605,,7,2,9,2800,0,1,3,,1,043,SR-128,"TUBBS LANE",528.00,E,N,B,C,Y,NAP,,128," "," ",2.869,H,,R,Y,2,0,4,2,A,-,01,23152,A,N,A,C,A,B,H,-,A,D,0,,,,,Y,Y,A,07,3,1,0,0,0,0,0,0,0,"- ","- ",38.587371826171875,-122.60581970214844,NAPA,UNINCORPORATED,-122.60585021972656,38.587356567382812
92252089,2023,2023-12-04,9325,2023-11-15,1530,019590,,3,2,9,2800,0,3,5,,1,008,"CHILES POPE VALLEY RD","BARNETT RD",200.00,N,N,A,-,N,,,,,,,,,,Y,2,0,1,1,A,-,03,22350,,N,E,I,A,A,H,-,A,D,0,,,Y,,Y,,C,02,1,0,0,0,0,0,0,0,1,"- ","- ",38.617488861083984,-122.41758728027344,NAPA,UNINCORPORATED,-122.41747283935547,38.617362976074219
92259137,2023,2024-08-28,9325,2023-09-19,1430,020615,,2,2,9,2800,0,3,5,,1,008,SR-128,"WRAGG CANYON",7920.00,E,N,A,-,Y,NAP,,128," "," ",29.462,H,,R,Y,1,1,0,2,A,-,05,21460,A,N,B,C,A,A,H,-,A,D,0,,,Y,,Y,,C,02,0,0,0,0,0,0,0,1,0,"- ","- ",38.466110229492188,-122.14720916748047,NAPA,UNINCORPORATED,-122.14723205566406,38.466121673583984
92277656,2023,2024-01-03,9325,2023-12-14,1540,021083,,4,2,9,2800,0,1,3,,1,011,SR-29,"IMOLA AVE",3696.00,S,N,A,-,Y,NAP,,29," ",R,9.818,H,,R,Y,2,0,1,2,A,-,03,22350,,N,F,0,A,A,H,-,A,D,0,,,Y,,Y,,C,02,1,0,0,0,0,0,0,0,1,"- ","- ",38.273658752441406,-122.29892730712891,NAPA,UNINCORPORATED,-122.29866027832031,38.273677825927734
92278349,2023,2024-01-03,9325,2023-04-30,1234,017746,,7,1,9,2800,0,1,3,,1,044,SR-29,"OLD LAWLEY TOLL RD",7498.00,N,N,A,-,Y,NAP,,29," "," ",44.453,H,,R,Y,1,1,0,1,A,-,01,23152,A,N,E,I,A,A,H,-,A,D,0,,,Y,,Y,Y,C,02,0,0,0,0,0,0,0,1,0,"- ","- ",38.646739959716797,-122.59243774414062,NAPA,UNINCORPORATED,-122.59239959716797,38.646751403808594
9228096,2021,2021-03-26,2802,2021-02-02,1645,320533,27,2,5,5,2802,0,0,0,,0,01A,"BROWN ST","LINCOLN AV",0.00,,Y,A,-,N,,,,,,,,,,N,2,0,1,2,A,-,09,21802,B,F,D,D,A,A,H,-,B,A,0,,Y,,,Y,,L,04,1,0,0,0,0,0,1,0,0,"- ","- ",,,NAPA,NAPA,-122.29444122314453,38.308643341064453
92284053,2023,2024-01-10,9325,2023-10-17,1103,017559,,2,1,9,2800,0,2,4,,1,023,"SIVERADO TRAIL","OAK KNOLL AVE",5808.00,N,N,A,-,N,,,,,,,,,,N,1,2,0,3,A,-,16,24002,A,F,H,G,A,A,H,-,A,D,0,,Y,,Y,Y,,F,27,0,0,0,0,0,2,0,0,0,"- ","- ",38.382011413574219,-122.31134796142578,NAPA,UNINCORPORATED,-122.3123779296875,38.383113861083984
92332715,2023,2024-03-07,9325,2023-10-15,"40  ",022538,,7,3,9,2800,0,1,3,,1,041,SR-29,"EHLERS LN",800.00,N,N,A,-,Y,NAP,,29," "," ",31.383,H,,R,Y,1,1,0,1,A,-,01,23152,G,N,E,8,A,A,H,-,D,D,0,,,,,Y,Y,A,01,0,0,0,0,0,0,0,0,0,"- ","- ",38.531871795654297,-122.50449371337891,NAPA,UNINCORPORATED,-122.50447845458984,38.531875610351562
92350774,2024,2024-03-29,9325,2024-03-17,1510,022560,,7,2,9,2800,0,2,4,,1,034,"DEER PARK RD","SANITARIUM RD",2900.00,E,N,A,-,N,,,,,,,,,,Y,2,0,1,1,A,-,08,22107,,N,E,I,A,A,H,-,A,D,0,,,Y,,Y,,C,02,1,0,0,0,0,0,0,0,1,"- ","- ",38.559219360351562,-122.47300720214844,NAPA,UNINCORPORATED,-122.48192596435547,38.523998260498047
92350814,2024,2024-03-29,9325,2024-03-19,"555 ",019115,,2,3,9,2800,0,1,3,,1,044,SR-29,"OLD LAWLEY TOLL RD",19008.00,N,N,B,-,Y,NAP,,29," "," ",46.596,H,,R,N,2,0,1,1,A,-,03,22350,,N,E,I,A,A,H,-,D,D,0,,,,,Y,,A,01,1,0,0,0,0,0,0,0,0,"- ","- ",38.662479400634766,-122.59751129150391,NAPA,UNINCORPORATED,-122.59764862060547,38.662509918212891
92365183,2024,2024-04-16,9325,2024-03-16,2205,023241,,6,3,9,2800,0,3,5,,2,001,"REPUBLIC AVE","CORONADO AVE",86.00,E,N,A,-,N,,,,,,,,,,Y,2,0,1,3,A,-,01,23152,A,M,B,E,A,A,H,-,C,D,0,,,,,Y,Y,A,01,1,0,0,0,0,0,0,0,0,"- ","- ",38.284919738769531,-122.26761627197266,NAPA,UNINCORPORATED,-122.26773834228516,38.284870147705078
92368058,2024,2024-04-18,9325,2024-04-10,1545,022560,,3,2,9,2800,0,1,3,,1,044,SR-29,"TUBBS LN",0.00,,Y,A,-,Y,NAP,,29," "," ",39.501,H,,R,Y,2,0,1,2,A,-,09,21802,A,N,D,C,A,A,H,-,A,A,0,,,Y,,Y,,D,22,1,0,0,0,0,0,0,0,1,"- ","- ",38.605548858642578,-122.59546661376953,NAPA,UNINCORPORATED,-122.59544372558594,38.605575561523438
92385053,2024,2024-05-08,9325,2024-04-28,1140,019329,,7,1,9,2800,0,1,3,,1,022,"SR-29 S/B","DARMS LN",1250.00,S,N,A,-,Y,NAP,,29," "," ",16.290,H,,L,Y,2,0,1,1,A,-,08,22107,,N,E,I,A,A,H,-,A,D,0,,,,,Y,,A,07,1,0,0,0,0,0,0,0,0,"- ","- ",38.362430572509766,-122.33653259277344,NAPA,UNINCORPORATED,-122.33648681640625,38.362445831298828
92399844,2024,2024-05-28,9325,2024-05-17,1917,022562,,5,2,9,2800,0,3,5,,1,008,SR-121,"ATLAS PEAK RD",374.00,N,N,A,-,Y,NAP,,121," "," ",10.630,H,,R,Y,2,0,1,1,A,-,01,23152,A,N,E,8,A,A,H,-,A,D,0,,,,,Y,Y,A,01,1,0,0,0,0,0,0,0,0,"- ","- ",38.338699340820312,-122.26004028320312,NAPA,UNINCORPORATED,-122.25995635986328,38.338645935058594
92400052,2024,2024-05-28,9325,2024-05-17,1235,021458,,5,1,9,2800,0,2,4,,1,082,"BERRYESSA KNOXVILLE RD","LONG CANYON TRAILHEAD",4752.00,S,N,A,-,N,,,,,,,,,,Y,2,0,1,1,A,-,03,22350,,N,F,A,A,D,H,-,A,D,0,,,Y,,Y,,C,02,1,0,0,0,0,0,0,0,1,"- ","- ",38.786830902099609,-122.28923797607422,NAPA,UNINCORPORATED,,
92411920,2023,2024-06-11,9325,2023-08-26,2319,023257,,6,3,9,2800,0,1,3,,1,080,SR-128,"LOWER CHILES VALLEY RD",2112.00,E,N,A,-,Y,NAP,,128," "," ",15.253,H,,R,Y,1,1,1,1,A,-,01,23152,A,N,E,I,A,A,H,-,D,D,0,,,,,Y,Y,A,07,1,0,0,0,0,0,0,0,0,"- ","- ",38.497531890869141,-122.29261016845703,NAPA,UNINCORPORATED,-122.29270172119141,38.497489929199219
92412783,2023,2024-06-12,9325,2023-12-31,"410 ",022540,,7,3,9,2800,0,1,3,,1,022,"SR-29 NORTHBOUND","TRUBODY LANE",500.00,S,N,A,-,Y,NAP,,29," "," ",17.026,H,,R,Y,1,1,1,1,A,-,01,23152,A,N,E,8,A,A,H,-,D,D,0,,,,,Y,Y,A,08,0,1,0,0,0,0,0,0,0,"- ","- ",38.372310638427734,-122.34134674072266,NAPA,UNINCORPORATED,-122.34141540527344,38.372291564941406
92417178,2024,2024-06-18,9325,2024-06-05,"152 ",022540,,3,3,9,2800,0,2,4,,2,032,"SILVERADO TRAIL",SKELLENGER,1056.00,N,N,A,-,N,,,,,,,,,,Y,2,0,1,1,A,-,08,22107,,N,E,8,A,A,H,-,D,D,0,,,,,Y,,A,01,1,0,0,0,0,0,0,0,0,"- ","- ",38.466930389404297,-122.37805938720703,NAPA,UNINCORPORATED,-122.37802124023438,38.467052459716797
92435214,2024,2024-07-10,9325,2024-07-01,1810,019775,,1,2,9,2800,0,2,S,,2,024,"SILVERADO TRAIL","OAK KNOLL AVE",6864.00,N,N,A,-,N,,,,,,,,,,Y,2,0,2,2,A,-,09,21802,A,N,D,C,A,A,H,-,A,D,0,,,,,Y,,D,22,1,1,0,0,0,0,0,0,0,"- ","- ",38.386638641357422,-122.31533050537109,NAPA,UNINCORPORATED,-122.31443023681641,38.385520935058594
92438969,2024,2024-09-11,9325,2024-06-28,"638 ",023094,,5,1,9,2800,0,1,3,,1,013,SR-221,"KAISER RD",1320.00,S,N,A,-,Y,NAP,,221," "," ",0.942,H,,R,Y,2,0,1,2,A,-,06,21755,A,N,B,C,A,A,H,-,A,D,0,,,Y,,Y,,C,02,1,0,0,0,0,0,0,0,1,"- ","- ",38.254798889160156,-122.27146911621094,NAPA,UNINCORPORATED,-122.27149963378906,38.254802703857422
9247884,2021,2021-04-20,2802,2021-03-21,0721,195,1,7,5,5,2802,0,0,0,,0,04A,"SALVADOR AV","SOLANO AV",0.00,,Y,A,-,N,,,,,,,,,,N,2,0,1,2,A,-,10,21950,A,N,G,B,B,A,H,-,B,A,0,Y,,,,Y,Y,A,01,1,0,0,0,1,0,0,0,0,"- ","- ",,,NAPA,NAPA,-122.32485961914062,38.339332580566406
9256274,2021,2021-11-30,2800,2021-05-07,0022,250490,10201,5,5,2,2805,0,0,0,,0,001,"RT 29","KIMBERLY DR",500.00,S,N,A,-,Y,NAP,4,29,-,-,0.130,H,-,N,Y,1,1,0,2,A,-,08,22107,,N,C,G,A,A,H,-,D,D,0,,Y,,,Y,,L,04,0,0,0,0,0,1,0,0,0,"- ","- ",,,NAPA,"AMERICAN CANYON",-122.25337982177734,38.157135009765625
9271433,2021,2021-06-16,2801,2021-04-10,1212,199,50,6,5,2,2801,0,0,0,,0,,"RT 29","MORA AV",0.00,,Y,A,-,Y,NAP,4,29,-,-,38.400,I,5,N,N,2,0,2,3,A,-,03,22350,,N,C,C,A,A,H,-,A,D,0,,,Y,,Y,,C,02,1,1,0,0,0,0,0,0,1,"- ","- ",,,NAPA,CALISTOGA,-122.58184814453125,38.595455169677734
92800188,2024,2024-07-29,9325,2024-07-21,1150,022562,,7,1,9,2800,0,1,3,,1,044,SR-29,"OLD LAWLEY TOLL RD",7920.00,N,N,A,-,Y,NAP,,29," "," ",44.428,H,,R,Y,2,0,1,1,A,-,08,22107,,N,F,I,A,A,H,-,A,D,0,,,Y,,Y,,C,02,1,0,0,0,0,0,0,0,1,"- ","- ",38.646411895751953,-122.59210968017578,NAPA,UNINCORPORATED,-122.59207916259766,38.646549224853516
9284224,2021,2021-07-21,2802,2021-06-29,1709,199,27,2,5,5,2802,0,0,0,,0,01A,"LINCOLN AV","YAJOME ST",0.00,,Y,A,-,N,,,,,,,,,,Y,2,0,2,2,A,-,01,23152,A,F,D,C,A,A,H,-,A,A,0,,,Y,,Y,Y,A,08,1,1,0,0,0,0,0,0,1,"- ","- ",,,NAPA,NAPA,-122.29133605957031,38.309192657470703
9301749,2021,2021-10-21,2802,2021-06-06,1241,185,21,7,5,5,2802,0,0,0,,0,003,"PUEBLO AV","STADIUM AV",0.00,,Y,A,-,N,,,,,,,,,,Y,1,1,0,2,A,-,03,22350,,N,D,C,A,A,H,-,A,D,0,,,Y,,Y,,C,02,0,0,0,0,0,0,0,1,0,"- ","- ",,,NAPA,NAPA,-122.30047607421875,38.315196990966797
9321350,2022,2022-07-26,2803,2022-05-24,2107,29,,2,5,2,2803,0,0,0,,0,,"MAIN ST","SPRING ST",6.00,S,N,A,-,Y,NAP,4,29,-,-,28.570,I,5,S,N,2,0,1,2,A,-,03,22350,,F,G,B,B,A,H,-,C,D,0,Y,,,,Y,,A,01,1,0,0,0,1,0,0,0,0,"- ","- ",38.503860473632812,-122.46794891357422,NAPA,"SAINT HELENA",-122.46798706054688,38.503883361816406
9349378,2021,2021-10-27,2802,2021-09-30,1134,185,,4,5,5,2802,0,0,0,,0,,"IMPERIAL WY","SOSCOL AV",70.00,E,N,A,-,N,,,,,,,,,,Y,2,0,1,3,A,-,03,22350,,N,B,E,A,A,H,-,A,D,0,,,,,Y,,A,01,1,0,0,0,0,0,0,0,0,"- ","- ",,,NAPA,NAPA,-122.28495788574219,38.306888580322266
9380090,2022,2022-02-07,2802,2022-01-21,0147,320344,50,5,5,5,2802,0,0,0,,0,02B,"IMOLA AV","SOSCOL AV",0.00,,Y,A,-,Y,NAP,4,221,-,-,2.650,H,-,N,Y,2,0,2,1,A,-,01,23152,A,N,E,I,A,A,H,-,C,A,0,,,,,Y,Y,A,01,1,0,1,0,0,0,0,0,0,"- ","- ",,,NAPA,NAPA,-122.27400207519531,38.280071258544922