CASE_ID,ACCIDENT_YEAR,PROC_DATE,JURIS,COLLISION_DATE,COLLISION_TIME,OFFICER_ID,REPORTING_DISTRICT,DAY_OF_WEEK,CHP_SHIFT,POPULATION,CNTY_CITY_LOC,SPECIAL_COND,BEAT_TYPE,CHP_BEAT_TYPE,CITY_DIVISION_LAPD,CHP_BEAT_CLASS,BEAT_NUMBER,PRIMARY_RD,SECONDARY_RD,DISTANCE,DIRECTION,INTERSECTION,WEATHER_1,WEATHER_2,STATE_HWY_IND,CALTRANS_COUNTY,CALTRANS_DISTRICT,STATE_ROUTE,ROUTE_SUFFIX,POSTMILE_PREFIX,POSTMILE,LOCATION_TYPE,RAMP_INTERSECTION,SIDE_OF_HWY,TOW_AWAY,COLLISION_SEVERITY,NUMBER_KILLED,NUMBER_INJURED,PARTY_COUNT,PRIMARY_COLL_FACTOR,PCF_CODE_OF_VIOL,PCF_VIOL_CATEGORY,PCF_VIOLATION,PCF_VIOL_SUBSECTION,HIT_AND_RUN,TYPE_OF_COLLISION,MVIW,PED_ACTION,ROAD_SURFACE,ROAD_COND_1,ROAD_COND_2,LIGHTING,CONTROL_DEVICE,CHP_ROAD_TYPE,PEDESTRIAN_ACCIDENT,BICYCLE_ACCIDENT,MOTORCYCLE_ACCIDENT,TRUCK_ACCIDENT,NOT_PRIVATE_PROPERTY,ALCOHOL_INVOLVED,STWD_VEHTYPE_AT_FAULT,CHP_VEHTYPE_AT_FAULT,COUNT_SEVERE_INJ,COUNT_VISIBLE_INJ,COUNT_COMPLAINT_PAIN,COUNT_PED_KILLED,COUNT_PED_INJURED,COUNT_BICYCLIST_KILLED,COUNT_BICYCLIST_INJURED,COUNT_MC_KILLED,COUNT_MC_INJURED,PRIMARY_RAMP,SECONDARY_RAMP,LATITUDE,LONGITUDE,COUNTY,CITY,POINT_X,POINT_Y
9384420,2021,2022-01-13,2802,2021-12-14,1823,185,12,2,5,5,2802,0,0,0,,0,003,"JEFFERSON ST","RUBICON ST",8.00,S,N,B,-,N,,,,,,,,,,Y,2,0,1,2,A,-,10,21950,A,N,G,B,B,A,H,-,D,D,0,Y,,,,Y,,A,01,1,0,0,0,1,0,0,0,0,"- ","- ",,,NAPA,NAPA,-122.30120849609375,38.324222564697266
94083316,2024,2024-08-12,9325,2024-08-07,1437,018599,,3,2,9,2800,0,3,5,,2,002,"SILVERADO TRAIL","SHADY OAKS DR",520.00,N,N,A,-,N,,,,,,,,,,Y,2,0,3,2,A,-,05,21460,,N,A,C,A,A,H,-,A,D,0,,,,,Y,,D,22,2,1,0,0,0,0,0,0,0,"- ","- ",38.364730834960938,-122.29499053955078,NAPA,UNINCORPORATED,-122.29494476318359,38.364677429199219
9412449,2022,2022-03-01,2802,2022-02-10,0958,320550,46,4,5,5,2802,0,0,0,,0,04B,"FOSTER RD","W IMOLA AV",0.00,,Y,A,-,N,,,,,,,,,,N,2,0,1,2,D,-,00,,,N,D,G,A,A,H,-,A,D,0,,Y,,,Y,,-,"- ",1,0,0,0,0,0,1,0,0,"- ","- ",,,NAPA,NAPA,-122.30600738525391,38.281913757324219
9413682,2022,2022-03-08,2800,2022-02-09,2111,250510,10202,3,5,2,2805,0,0,0,,0,001,BROADWAY,"DONALDSON WY",0.00,,Y,A,-,Y,NAP,4,29,-,-,1.110,I,5,N,Y,2,0,2,2,A,-,12,21453,A,N,D,C,A,A,H,-,C,A,0,,,,,Y,,A,01,1,0,1,0,0,0,0,0,0,"- ","- ",,,NAPA,"AMERICAN CANYON",-122.2532958984375,38.171283721923828
9422586,2022,2022-04-21,2800,2022-03-04,0810,250226,30402,5,5,2,2804,0,0,0,,0,001,"WASHINGTON ST","MULBERRY ST",205.00,S,N,B,-,N,,,,,,,,,,N,2,0,1,2,C,-,18,,,N,G,B,D,A,H,-,A,D,0,Y,,,,Y,,-,"- ",1,0,0,0,1,0,0,0,0,"- ","- ",,,NAPA,YOUNTVILLE,-122.35984039306641,38.400638580322266
9426402,2022,2022-03-30,2800,2022-03-09,1450,250540,20209,3,5,2,2805,0,0,0,,0,002,"SILVER OAK TRL","SEQUOIA GROE WY",0.00,,N,A,-,N,,,,,,,,,,N,2,0,1,2,A,-,11,21950,B,N,G,B,D,A,H,-,A,D,0,Y,,,,Y,,N,60,1,0,0,0,1,0,0,0,0,"- ","- ",,,NAPA,"AMERICAN CANYON",-122.24615478515625,38.168407440185547
9427228,2022,2022-04-15,2802,2022-03-08,1848,320494,28,2,5,5,2802,0,0,0,,0,003,"MAPLEWOOD AV","SOSCOL AV",0.00,,Y,A,-,N,,,,,,,,,,Y,2,0,1,2,-,-,"- ",,A,N,G,B,D,A,H,-,D,D,0,Y,,,,Y,,N,60,1,0,0,0,1,0,0,0,0,"- ","- ",,,NAPA,NAPA,-122.28519439697266,38.311225891113281
94381087,2024,2024-09-04,9325,2024-08-25,"800 ",021458,,7,1,9,2800,0,1,3,,1,080,SR-128,"WRAGG CANYON RD",7920.00,E,N,A,-,Y,NAP,,128," "," ",29.434,H,,R,Y,2,0,1,1,A,-,03,22350,,N,E,I,A,A,H,-,A,D,0,,,,,Y,,A,01,1,0,0,0,0,0,0,0,0,"- ","- ",38.465808868408203,-122.14759063720703,NAPA,UNINCORPORATED,-122.14762115478516,38.465862274169922
9439200,2022,2022-05-27,2802,2022-04-30,1443,320488,18,6,5,5,2802,0,0,0,,0,04A,"W PUBELO AV","REDWOOD RD",0.00,,Y,A,-,N,,,,,,,,,,Y,2,0,1,2,A,-,09,21801,A,N,D,C,A,A,H,-,A,A,0,,,,,Y,,D,22,1,0,0,0,0,0,0,0,0,"- ","- ",,,NAPA,NAPA,-122.32913208007812,38.317535400390625
94420093,2024,2024-10-04,9325,2024-09-22,1110,021458,,7,1,9,2800,0,1,3,,1,081,"SR-121 S/B","WATERS RD",1584.00,S,N,A,-,Y,NAP,,121," "," ",17.653,H,,L,Y,2,0,1,2,A,-,05,21460,A,N,B,C,A,A,H,-,A,D,0,,,,,Y,,-,"- ",1,0,0,0,0,0,0,0,0,"- ","- ",38.396320343017578,-122.20414733886719,NAPA,UNINCORPORATED,-122.20416259765625,38.396312713623047
94422553,2024,2024-10-08,9325,2024-09-30,1400,022562,,1,2,9,2800,0,1,3,,1,030,SR-128,"LONG RANCH ROAD",5808.00,S,N,A,-,Y,NAP,,128," "," ",9.524,H,,R,Y,2,0,1,1,A,-,08,22107,,N,E,I,A,A,H,-,A,D,0,,,Y,,Y,,C,02,1,0,0,0,0,0,0,0,1,"- ","- ",38.4788818359375,-122.37220764160156,NAPA,UNINCORPORATED,-122.37210845947266,38.478973388671875
94444484,2024,2024-10-28,9365,2024-10-06,2035,023740,,7,2,2,2805,0,2,4,,1,032,"AMERICAN CANYON RD","VIA FIRENZE",4454.00,E,N,A,-,N,,,,,,,,,,Y,2,0,1,1,C,-,18,,,N,E,I,A,A,G,-,A,D,0,,,Y,,Y,,-,"- ",1,0,0,0,0,0,0,0,1,"- ","- ",38.162910461425781,-122.22062683105469,NAPA,"AMERICAN CANYON",-122.22074890136719,38.162986755371094
94445122,2024,2024-10-25,9325,2024-10-13,1630,023257,,7,2,9,2800,0,1,3,,1,080,SR-128,"LOWER CHILES VALLEY RD",581.00,E,N,A,-,Y,NAP,,128," "," ",15.916,H,,R,Y,2,0,1,1,A,-,03,22350,,N,E,I,A,A,H,-,A,D,0,,,Y,,Y,,C,02,1,0,0,0,0,0,0,0,1,"- ","- ",38.505008697509766,-122.29454803466797,NAPA,UNINCORPORATED,-122.29452514648438,38.504951477050781
94449140,2024,2024-10-29,9325,2024-10-19,1024,024114,,6,1,9,2800,0,1,3,,1,021,SR-121,"MILE MARKER 17.29",528.00,N,N,A,-,Y,NAP,,121," "," ",17.352,H,,R,N,2,0,1,1,A,-,03,22350,,N,F,A,A,A,H,-,A,D,0,,Y,,,Y,,L,04,1,0,0,0,0,0,1,0,0,"- ","- ",38.392608642578125,-122.20234680175781,NAPA,UNINCORPORATED,-122.20229339599609,38.392604827880859
94451389,2024,2024-10-30,9325,2024-07-29,1900,019775,,1,2,2,2801,0,2,S,,2,901,"WASHINGTON STREET","BERRY STREET",0.00,,Y,A,-,N,,,,,,,,,,N,2,0,1,2,D,-,00,,,N,G,B,B,A,H,-,A,A,0,Y,,,,Y,,-,"- ",1,0,0,0,1,0,0,0,0,"- ","- ",38.579700469970703,-122.58197784423828,NAPA,CALISTOGA,-122.58194732666016,38.579734802246094
94458991,2024,2024-11-05,9325,2024-10-28,2245,022333,,1,3,9,2800,0,3,5,,2,002,"OLD SONOMA RD","CONGRESS VALLEY RD",501.00,S,N,A,-,N,,,,,,,,,,Y,2,0,2,2,A,-,01,23152,A,N,A,2,A,A,H,-,D,D,0,,,,,Y,Y,A,01,2,0,0,0,0,0,0,0,0,"- ","- ",38.283039093017578,-122.32440185546875,NAPA,UNINCORPORATED,-122.32431030273438,38.283252716064453
94462013,2024,2025-03-17,9325,2024-06-08,1616,017478,,6,2,9,2800,0,2,4,,1,023,"SILVERADO TRAIL","MM 06.92",40.00,S,N,A,-,N,,,,,,,,,,Y,1,1,5,2,A,-,05,21460,,F,A,C,A,A,H,-,A,D,0,,,,,Y,,A,08,5,0,0,0,0,0,0,0,0,"- ","- ",38.415679931640625,-122.33653259277344,NAPA,UNINCORPORATED,,
94465897,2024,2024-11-12,9325,2024-10-23,1657,023968,,3,2,9,2800,0,1,3,,1,030,SR-128,SR-29,1576.00,E,N,A,-,Y,NAP,,128," "," ",4.858,H,,R,Y,2,0,1,2,A,-,09,21801,A,N,D,C,A,A,H,-,A,D,0,,,,,Y,,A,07,1,0,0,0,0,0,0,0,0,"- ","- ",38.461349487304688,-122.41831970214844,NAPA,UNINCORPORATED,-122.41834259033203,38.461372375488281
94488740,2024,2024-12-02,9325,2024-11-13,"55  ",023968,,3,3,9,2800,0,1,3,,1,011,"SR-29 S/B",SR-221,2000.00,S,N,A,-,Y,NAP,,29," "," ",5.982,H,,L,Y,2,0,1,1,A,-,01,23152,A,N,E,9,A,A,D,-,C,D,0,,,Y,,Y,Y,C,02,1,0,0,0,0,0,0,0,1,"- ","- ",38.239189147949219,-122.26640319824219,NAPA,UNINCORPORATED,-122.26642608642578,38.239173889160156
94506888,2024,2024-12-17,9325,2024-10-10,2000,021458,,4,2,9,2800,0,3,5,,2,004,"POPE VALLEY RD","HOWELL MOUNTAIN RD",528.00,N,N,A,-,N,,,,,,,,,,Y,1,1,0,1,A,-,08,22107,,N,E,8,A,A,D,-,D,D,0,,,Y,,Y,,C,02,0,0,0,0,0,0,0,1,0,"- ","- ",38.615161895751953,-122.43060302734375,NAPA,UNINCORPORATED,-122.42813873291016,38.615230560302734
94540514,2024,2025-01-16,9325,2024-01-19,2310,023148,,5,3,9,2800,0,2,4,,1,042,"SILVERADO TRAIL N","CLOVER FLAT ROAD",3161.00,N,N,C,-,N,,,,,,,,,,Y,1,1,1,1,A,-,08,22107,,N,E,8,A,B,H,-,D,D,0,,,,,Y,,A,07,0,0,1,0,0,0,0,0,0,"- ","- ",38.575698852539062,-122.53994750976562,NAPA,UNINCORPORATED,-122.54026031494141,38.576641082763672
94549137,2025,2025-01-24,9325,2025-01-16,2340,022538,,4,3,5,2802,0,1,3,,1,022,"SR-29 N/B TO LINCOLN AVE E/B","LINCOLN AVE",131.00,S,N,A,-,Y,,,,,,,,,,N,2,0,1,1,A,-,01,23152,A,N,E,8,A,A,H,-,D,D,0,,,Y,,Y,Y,C,02,1,0,0,0,0,0,0,0,1,"- ","- ",38.306541442871094,-122.3040771484375,NAPA,NAPA,-122.30455780029297,38.30645751953125
94567248,2025,2025-02-06,9325,2025-01-15,1613,018379,,3,2,9,2800,0,2,4,,2,032,"SILVERADO TRAIL","ZINFANDEL LN",0.00,,Y,A,-,N,,,,,,,,,,N,2,0,2,2,A,-,01,23152,A,F,A,C,A,A,H,-,A,D,0,,,,,Y,Y,A,07,2,0,0,0,0,0,0,0,0,"- ","- ",38.497058868408203,-122.42450714111328,NAPA,UNINCORPORATED,-122.42442321777344,38.497104644775391
94603669,2025,2025-03-18,9325,2025-02-23,1610,021458,,7,2,9,2800,0,2,4,,2,032,"SILVERADO TRAIL","CHIMNEY ROCK RD",1056.00,N,N,A,-,N,,,,,,,,,,N,2,0,1,2,A,-,08,22107,,F,B,G,A,A,H,-,A,D,0,,Y,,,Y,,-,99,1,0,0,0,0,0,1,0,0,"- ","- ",38.391529083251953,-122.319580078125,NAPA,UNINCORPORATED,,
94628561,2025,2025-03-27,9325,2025-03-18,"701 ",018125,,2,1,9,2800,0,3,5,,2,003,"WASHINGTON ST","JACKSON ST",1584.00,N,N,A,-,N,,,,,,,,,,Y,2,0,2,1,A,-,08,22107,,N,E,I,A,A,H,-,B,D,0,,,,,Y,,A,01,1,0,1,0,0,0,0,0,0,"- ","- ",38.409671783447266,-122.37374114990234,NAPA,UNINCORPORATED,-122.37416839599609,38.409770965576172
9465464,2022,2023-01-30,2802,2022-12-05,2005,320533,0,1,5,5,2802,0,0,0,,0,,"SOSCOL AV","MCKINSTRY ST",315.00,S,N,B,C,N,,,,,,,,,,N,2,0,1,2,A,-,05,21460,A,N,A,G,A,B,H,-,C,D,0,,Y,,,Y,,L,04,1,0,0,0,0,0,1,0,0,"- ","- ",,,NAPA,NAPA,-122.28516387939453,38.303398132324219
94660621,2024,2025-04-23,9325,2024-10-13,1125,021740,,7,1,9,2800,0,3,5,,1,008,"BUTTS CANYON RD","SNELL VALLEY RD",5280.00,S,N,A,-,N,,,,,,,,,,Y,1,1,0,1,A,-,01,23152,F,N,E,I,A,A,H,-,A,D,0,,,Y,,Y,,C,02,0,0,0,0,0,0,0,1,0,"- ","- ",38.682029724121094,-122.44622802734375,NAPA,UNINCORPORATED,-122.44615173339844,38.681636810302734
9467756,2022,2022-12-28,2802,2022-12-01,1656,320534,50,4,5,5,2802,0,0,0,,0,02B,"SILVERADO TRL","ADOBE LN",250.00,N,N,A,-,Y,NAP,4,121,-,-,6.640,I,5,N,Y,2,0,1,2,A,-,09,21801,A,N,A,C,A,A,H,-,C,D,0,,,,,Y,,A,01,1,0,0,0,0,0,0,0,0,"- ","- ",,,NAPA,NAPA,-122.27496337890625,38.289459228515625
94679429,2025,2025-05-07,9325,2025-04-26,2054,023968,,6,2,9,2800,0,1,3,,1,031,SR-29,"LEWLING LN",81.00,S,N,B,-,Y,NAP,,29," "," ",27.472,H,,R,Y,2,0,1,2,A,-,11,21954,A,N,G,1,D,A,H,-,D,D,0,Y,,,,Y,Y,N,60,1,0,0,0,1,0,0,0,0,"- ","- ",38.492118835449219,-122.453857421875,NAPA,UNINCORPORATED,-122.45383453369141,38.492137908935547
9468318,2022,2023-01-17,2802,2022-12-27,0828,232,,2,5,5,2802,0,0,0,,0,003,"PUEBLO AV","STADIUM AV",330.00,E,N,C,-,N,,,,,,,,,,N,2,0,1,2,A,-,10,21950,A,N,G,B,C,B,H,-,A,D,0,Y,,,,Y,,A,01,1,0,0,0,1,0,0,0,0,"- ","- ",38.315181732177734,-122.30043792724609,NAPA,NAPA,-122.29936218261719,38.315402984619141
94685284,2025,2025-05-13,9325,2025-05-04,1315,021083,,7,1,9,2800,0,1,3,,1,080,SR-128,"WRAGG CANYON ROAD",5280.00,E,N,A,-,Y,NAP,,128," "," ",28.852,H,,R,Y,2,0,1,1,A,-,08,22107,,N,E,I,A,A,H,-,A,D,0,,,Y,,Y,Y,C,02,1,0,0,0,0,0,0,0,1,"- ","- ",38.463050842285156,-122.15321350097656,NAPA,UNINCORPORATED,-122.15317535400391,38.463058471679688
94716132,2025,2025-06-06,9325,2025-05-27,1944,023123,,2,2,9,2800,0,3,5,,2,002,"DRY CREEK RD","ORCHARD AVE",1320.00,S,N,A,-,N,,,,,,,,,,N,2,0,1,1,A,-,08,22107,,N,E,I,A,A,H,-,A,D,0,,,,,Y,,A,01,1,0,0,0,0,0,0,0,0,"- ","- ",38.340450286865234,-122.34982299804688,NAPA,UNINCORPORATED,-122.34852600097656,38.339248657226562
94724973,2024,2025-08-01,9325,2024-07-17,2313,019999,,3,3,9,2800,0,1,3,,1,012,SR-12,"SR-29 S/B",0.00,,Y,A,-,Y,NAP,,12," "," ",0.000,H,,R,Y,1,1,1,3,A,-,12,21453,A,N,D,C,A,A,H,-,C,A,0,,,,,Y,,E,22,0,0,1,0,0,0,0,0,0,"- ","- ",38.223178863525391,-122.25804138183594,NAPA,UNINCORPORATED,-122.25788879394531,38.223167419433594
94733711,2025,2025-08-20,9325,2025-06-08,1516,021458,,7,2,9,2800,0,2,4,,1,082,"BERRYESSA KNOXVILLE RD","MULFORD DR",500.00,N,N,A,-,N,,,,,,,,,,Y,2,0,5,2,A,-,01,23152,A,N,A,C,A,A,H,-,A,D,0,,,,,Y,Y,A,07,2,2,1,0,0,0,0,0,0,"- ","- ",38.529411315917969,-122.22306060791016,NAPA,UNINCORPORATED,-122.22322845458984,38.529575347900391
94742504,2025,2025-06-27,9325,2025-06-21,1016,021458,,6,1,9,2800,0,3,5,,1,008,"BUTTS CANYON RD","SNELL VALLEY RD",4752.00,S,N,A,-,N,,,,,,,,,,Y,2,0,1,1,A,-,03,22350,,N,F,A,A,A,H,-,A,D,0,,,Y,,Y,,C,02,1,0,0,0,0,0,0,0,1,"- ","- ",38.683078765869141,-122.4456787109375,NAPA,UNINCORPORATED,-122.44574737548828,38.682998657226562
94762660,2024,2025-07-15,9325,2024-12-08,"106 ",023926,,7,3,9,2800,0,2,4,,1,023,"SILVERADO TRAIL","YOUNTVILLE CROSS ROAD",2991.00,S,N,A,-,N,,,,,,,,,,Y,1,1,1,1,A,-,01,23152,A,N,E,8,A,A,H,-,D,D,0,,,,,Y,Y,D,22,0,1,0,0,0,0,0,0,0,"- ","- ",38.420459747314453,-122.33731079101562,NAPA,UNINCORPORATED,-122.33727264404297,38.420478820800781
94810349,2025,2025-08-20,9325,2025-03-17,1403,018125,,1,2,2,2804,0,1,S,,2,024,"SR-29 N/B","CALIFORNIA DR",1055.00,S,N,B,-,Y,NAP,,29," "," ",18.831,H,,R,Y,2,0,2,2,A,-,08,22107,,N,B,C,A,A,H,-,A,D,0,,,,,Y,,-,"- ",2,0,0,0,0,0,0,0,0,"- ","- ",38.39569091796875,-122.35671997070312,NAPA,YOUNTVILLE,-122.35676574707031,38.395660400390625
94820182,2025,2025-08-27,9325,2025-06-05,1037,019590,,4,1,9,2800,0,1,3,,2,071,SR-121,"DUHIG ROAD",0.00,,Y,A,-,Y,NAP,,121," "," ",1.989,H,,R,N,2,0,1,1,C,-,18,,,N,F,A,A,A,B,-,A,D,0,,,,,Y,,-,"- ",1,0,0,0,0,0,0,0,0,"- ","- ",38.255828857421875,-122.34674835205078,NAPA,UNINCORPORATED,-122.34672546386719,38.25592041015625
9485097,2022,2022-08-22,2802,2022-07-29,2329,199,11,5,5,5,2802,0,0,0,,0,003,"CLAREMONT WY","TRANCAS ST",0.00,,Y,A,-,N,,,,,,,,,,N,2,0,1,2,D,-,00,,,F,G,B,-,A,H,-,C,A,0,Y,,,,Y,Y,-,"- ",1,0,0,0,1,0,0,0,0,"- ","- ",,,NAPA,NAPA,-122.30293273925781,38.322307586669922
9504324,2022,2022-10-20,2802,2022-09-10,0327,320541,74,6,5,5,2802,0,0,0,,0,04B,"RT 29","RT 121",1500.00,S,N,A,-,Y,NAP,4,29,-,R,8.170,H,-,N,Y,2,0,2,1,A,-,08,22107,,N,E,I,A,A,H,-,C,D,0,,,,,Y,,A,01,1,0,1,0,0,0,0,0,0,"- ","- ",,,NAPA,NAPA,-122.30222320556641,38.250770568847656
9508245,2022,2022-11-02,2802,2022-10-13,0516,199,412,4,5,5,2802,0,0,0,,0,02B,"W IMOLA AV","SHETLER AV",0.00,,N,E,-,N,,,,,,,,,,N,2,0,1,2,A,-,11,21954,A,N,G,B,D,A,H,-,C,A,0,Y,,,,Y,,N,60,1,0,0,0,1,0,0,0,0,"- ","- ",,,NAPA,NAPA,,
9511250,2022,2023-02-01,2802,2022-12-07,1734,236,2802,3,5,5,2802,0,0,0,,0,,"IMOLA AV","COOMBS ST",100.00,W,N,A,-,N,,,,,,,,,,N,2,0,1,2,A,-,05,21650,,N,D,G,A,A,H,-,C,A,0,,Y,,,Y,,L,04,1,0,0,0,0,0,1,0,0,"- ","- ",38.281761169433594,-122.28916168212891,NAPA,NAPA,-122.28944396972656,38.281806945800781
9518812,2022,2023-01-30,2802,2022-05-31,2052,320108,53,2,5,5,2802,0,0,0,,0,02B,"W IMOLA AV","S MINAHEN ST",0.00,,Y,A,B,N,,,,,,,,,,N,2,0,1,2,A,-,10,21950,A,F,G,B,B,A,H,-,-,D,0,Y,,,,Y,,A,01,1,0,0,0,1,0,0,0,0,"- ","- ",,,NAPA,NAPA,-122.29615020751953,38.28192138671875
9520570,2022,2023-06-21,2802,2022-08-13,2330,113,74,6,5,5,2802,0,0,0,,0,004,"RT 29","RT 121",117.00,S,N,A,-,Y,NAP,4,29,-,R,10.273,R,2,S,Y,1,1,4,5,A,-,01,23152,A,N,A,C,A,A,H,-,D,A,0,,,,,Y,Y,A,07,3,1,0,0,0,0,0,0,0,"- ","- ",,,NAPA,NAPA,-122.30023193359375,38.280269622802734
9553702,2023,2023-03-15,2802,2023-01-29,1807,EBRESEE,,7,5,5,2802,0,0,0,,0,,"IMOLA AV","JEFFERSON ST",0.00,,Y,A,-,N,,,,,,,,,,Y,2,0,5,2,A,-,17,21461,A,F,A,C,A,A,H,-,C,A,0,,,,,Y,,A,01,2,3,0,0,0,0,0,0,0,"- ","- ",38.282051086425781,-122.293701171875,NAPA,NAPA,-122.29367065429688,38.281932830810547
9569894,2023,2023-04-10,2802,2023-02-21,2049,209,2802,2,5,5,2802,0,0,0,,0,001,"JEFFERSON ST","B ST",50.00,N,N,A,-,N,,,,,,,,,,Y,2,0,1,2,A,-,17,21658,B,N,C,E,A,B,H,-,C,D,0,,,,,Y,,A,01,1,0,0,0,0,0,0,0,0,"- ","- ",38.302238464355469,-122.29396057128906,NAPA,NAPA,-122.29402923583984,38.302364349365234
9573170,2023,2023-05-26,2801,2023-04-13,1550,178,4,4,5,2,2801,0,0,0,,0,,"FOOTHILL BL","HIGH ST",0.00,,Y,A,-,N,,,,,,,,,,N,2,0,2,4,A,-,03,22350,,N,C,C,A,A,H,-,A,D,0,,,,,Y,,D,22,2,0,0,0,0,0,0,0,0,"- ","- ",,,NAPA,CALISTOGA,-122.58943939208984,38.578525543212891
9575281,2023,2023-05-10,2802,2023-04-07,"230 ",175,,5,5,5,2802,0,0,0,,0,003,"SOSCOL AV","LINCOLN AV",20.00,N,N,C,-,N,,,,,,,,,,Y,2,0,1,1,A,-,01,23152,A,N,E,I,A,B,H,-,C,A,0,,,,,Y,Y,A,01,1,0,0,0,0,0,0,0,0,"- ","- ",38.310230255126953,-122.28518676757812,NAPA,NAPA,-122.28525543212891,38.310306549072266
9586338,2022,2023-05-24,2802,2022-12-29,2156,185,,4,5,5,2802,0,0,0,,0,002,"HARTLE CT","GASSER DR",461.00,W,N,B,C,N,,,,,,,,,,Y,2,0,2,2,A,-,10,21954,B,N,G,B,D,B,H,-,C,D,0,Y,,,,Y,,D,22,1,0,1,0,1,0,0,0,0,"- ","- ",38.283260345458984,-122.27863311767578,NAPA,NAPA,-122.28018951416016,38.283237457275391
9594346,2023,2023-06-28,2802,2023-06-02,"953 ",232,,5,5,5,2802,0,0,0,,0,001,"CALIFORNIA BL","1ST ST",0.00,,Y,A,-,N,,,,,,,,,,N,2,0,1,2,A,-,10,21950,A,N,G,B,B,A,H,-,A,A,0,Y,,,,Y,,D,23,1,0,0,0,1,0,0,0,0,"- ","- ",38.298381805419922,-122.30034637451172,NAPA,NAPA,-122.30009460449219,38.298164367675781
9596167,2023,2023-07-21,2802,2023-06-16,"6   ",248,,5,5,5,2802,0,0,0,,0,002,"SOSCOL AV","IMOLA AV",10.00,N,N,A,-,Y,NAP,4,121,-,-,6.030,H,-,S,Y,2,0,1,2,A,-,03,22350,,F,C,C,A,A,H,-,C,A,0,,,,,Y,,A,01,1,0,0,0,0,0,0,0,0,"- ","- ",38.280380249023438,-122.17434692382812,NAPA,NAPA,-122.27431488037109,38.280712127685547
9597031,2023,2023-08-23,2802,2023-07-14,1539,245,,5,5,5,2802,0,0,0,,0,004,"LINDA VISTA AV","LAS FLORES DR",0.00,,Y,A,-,N,,,,,,,,,,Y,2,0,1,2,A,-,08,22107,,N,A,C,A,A,H,-,A,D,0,,,Y,,Y,,A,07,1,0,0,0,0,0,0,0,1,"- ","- ",38.33013916015625,-122.22750091552734,NAPA,NAPA,-122.32760620117188,38.330173492431641
9604312,2023,2023-12-07,2801,2023-10-30,"44  ",203,2,1,5,2,2801,0,0,0,,0,,"RT 29","LAKE ST",0.00,,Y,A,-,Y,NAP,4,29,-,-,37.902,I,5,S,Y,2,0,1,1,A,-,03,22350,,N,E,I,A,A,H,-,C,A,0,,,,,Y,Y,A,01,1,0,0,0,0,0,0,0,0,"- ","- ",,,NAPA,CALISTOGA,-122.57740783691406,38.588981628417969
9611925,2023,2023-09-29,2802,2023-08-22,"155 ",248,,2,5,5,2802,0,0,0,,0,004,"REDWOOD RD","REDWOOD RD 2209",15.00,N,N,A,-,N,,,,,,,,,,Y,2,0,1,2,A,-,01,23152,G,N,C,E,A,A,H,-,C,A,0,,,,,Y,,D,22,1,0,0,0,0,0,0,0,0,"- ","- ",,,NAPA,NAPA,-122.30903625488281,38.32122802734375
9625243,2023,2023-10-23,2802,2023-09-17,2100,320553,2802,7,5,5,2802,0,0,0,,0,004,"RT 29","SALVADOR AV",1050.00,N,N,A,-,Y,NAP,4,29,-,-,14.750,H,-,S,Y,2,0,1,1,A,-,08,22107,,N,E,J,A,A,H,-,D,D,0,,,Y,,Y,,C,02,1,0,0,0,0,0,0,0,1,"- ","- ",38.339561462402344,-122.22239685058594,NAPA,NAPA,-122.32589721679688,38.342227935791016
9635013,2023,2023-12-26,2802,2023-11-13,1518,224,,1,5,5,2802,0,0,0,,0,001,"OLD SONOMA RD","SEYMOUR ST",445.00,W,N,A,-,N,,,,,,,,,,N,2,0,1,2,A,-,10,21950,A,N,G,B,B,A,H,-,A,A,0,Y,,,,Y,,A,01,1,0,0,0,1,0,0,0,0,"- ","- ",38.287628173828125,-122.19789886474609,NAPA,NAPA,-122.29940032958984,38.287757873535156
9646890,2024,2024-05-14,2802,2024-01-06,1550,195,,6,5,5,2802,0,0,0,,0,004,"RT 29","SALVADOR AV",0.00,,Y,B,-,Y,NAP,4,29,-,-,14.620,H,-,S,N,2,0,2,2,A,-,03,22350,,N,C,C,A,A,H,-,A,A,0,,,,,Y,,D,22,1,1,0,0,0,0,0,0,0,"- ","- ",,,NAPA,NAPA,-122.32452392578125,38.339733123779297
9831455,2025,2025-07-24,2803,2025-06-08,2157,97,,7,5,2,2803,0,0,0,,0,,"MAIN ST","HUNT AV",0.00,,Y,A,-,Y,NAP,4,29,-,-,28.630,I,5,N,N,2,0,1,2,A,-,10,21950,,N,G,B,B,A,H,-,C,D,0,Y,,,,Y,,-,99,1,0,0,0,1,0,0,0,0,"- ","- ",38.503650665283203,-122.46708679199219,NAPA,"SAINT HELENA",-122.46876525878906,38.504344940185547